[0.777s] DEBUG:colcon:Command line arguments: ['/usr/bin/colcon', 'build']
[0.778s] DEBUG:colcon:Parsed command line arguments: Namespace(log_base=None, log_level=None, verb_name='build', build_base='build', install_base='install', merge_install=False, symlink_install=False, test_result_base=None, continue_on_error=False, executor='parallel', parallel_workers=8, event_handlers=None, ignore_user_meta=False, metas=['./colcon.meta'], base_paths=['.'], packages_ignore=None, packages_ignore_regex=None, paths=None, packages_up_to=None, packages_up_to_regex=None, packages_above=None, packages_above_and_dependencies=None, packages_above_depth=None, packages_select_by_dep=None, packages_skip_by_dep=None, packages_skip_up_to=None, packages_select_build_failed=False, packages_skip_build_finished=False, packages_select_test_failures=False, packages_skip_test_passed=False, packages_select=None, packages_skip=None, packages_select_regex=None, packages_skip_regex=None, packages_start=None, packages_end=None, cmake_args=None, cmake_target=None, cmake_target_skip_unavailable=False, cmake_clean_cache=False, cmake_clean_first=False, cmake_force_configure=False, ament_cmake_args=None, catkin_cmake_args=None, catkin_skip_building_tests=False, verb_parser=<colcon_defaults.argument_parser.defaults.DefaultArgumentsDecorator object at 0x76fcdaba6db0>, verb_extension=<colcon_core.verb.build.BuildVerb object at 0x76fcdb73deb0>, main=<bound method BuildVerb.main of <colcon_core.verb.build.BuildVerb object at 0x76fcdb73deb0>>)
[0.826s] Level 1:colcon.colcon_core.package_discovery:discover_packages(colcon_meta) check parameters
[0.826s] Level 1:colcon.colcon_core.package_discovery:discover_packages(recursive) check parameters
[0.826s] Level 1:colcon.colcon_core.package_discovery:discover_packages(ignore) check parameters
[0.826s] Level 1:colcon.colcon_core.package_discovery:discover_packages(path) check parameters
[0.826s] Level 1:colcon.colcon_core.package_discovery:discover_packages(colcon_meta) discover
[0.826s] Level 1:colcon.colcon_core.package_discovery:discover_packages(recursive) discover
[0.827s] INFO:colcon.colcon_core.package_discovery:Crawling recursively for packages in '/home/grumpy/dd2419_ws_Group5_2026/src'
[0.827s] Level 1:colcon.colcon_core.package_identification:_identify(.) by extensions ['ignore', 'ignore_ament_install']
[0.827s] Level 1:colcon.colcon_core.package_identification:_identify(.) by extension 'ignore'
[0.827s] Level 1:colcon.colcon_core.package_identification:_identify(.) by extension 'ignore_ament_install'
[0.827s] Level 1:colcon.colcon_core.package_identification:_identify(.) by extensions ['colcon_pkg']
[0.827s] Level 1:colcon.colcon_core.package_identification:_identify(.) by extension 'colcon_pkg'
[0.827s] Level 1:colcon.colcon_core.package_identification:_identify(.) by extensions ['colcon_meta']
[0.827s] Level 1:colcon.colcon_core.package_identification:_identify(.) by extension 'colcon_meta'
[0.827s] Level 1:colcon.colcon_core.package_identification:_identify(.) by extensions ['ros']
[0.827s] Level 1:colcon.colcon_core.package_identification:_identify(.) by extension 'ros'
[0.848s] Level 1:colcon.colcon_core.package_identification:_identify(.) by extensions ['cmake', 'python']
[0.848s] Level 1:colcon.colcon_core.package_identification:_identify(.) by extension 'cmake'
[0.848s] Level 1:colcon.colcon_core.package_identification:_identify(.) by extension 'python'
[0.848s] Level 1:colcon.colcon_core.package_identification:_identify(.) by extensions ['python_setup_py']
[0.848s] Level 1:colcon.colcon_core.package_identification:_identify(.) by extension 'python_setup_py'
[0.848s] Level 1:colcon.colcon_core.package_identification:_identify(aruco_ros) by extensions ['ignore', 'ignore_ament_install']
[0.848s] Level 1:colcon.colcon_core.package_identification:_identify(aruco_ros) by extension 'ignore'
[0.849s] Level 1:colcon.colcon_core.package_identification:_identify(aruco_ros) by extension 'ignore_ament_install'
[0.849s] Level 1:colcon.colcon_core.package_identification:_identify(aruco_ros) by extensions ['colcon_pkg']
[0.849s] Level 1:colcon.colcon_core.package_identification:_identify(aruco_ros) by extension 'colcon_pkg'
[0.849s] Level 1:colcon.colcon_core.package_identification:_identify(aruco_ros) by extensions ['colcon_meta']
[0.849s] Level 1:colcon.colcon_core.package_identification:_identify(aruco_ros) by extension 'colcon_meta'
[0.849s] Level 1:colcon.colcon_core.package_identification:_identify(aruco_ros) by extensions ['ros']
[0.849s] Level 1:colcon.colcon_core.package_identification:_identify(aruco_ros) by extension 'ros'
[0.849s] Level 1:colcon.colcon_core.package_identification:_identify(aruco_ros) by extensions ['cmake', 'python']
[0.849s] Level 1:colcon.colcon_core.package_identification:_identify(aruco_ros) by extension 'cmake'
[0.849s] Level 1:colcon.colcon_core.package_identification:_identify(aruco_ros) by extension 'python'
[0.849s] Level 1:colcon.colcon_core.package_identification:_identify(aruco_ros) by extensions ['python_setup_py']
[0.849s] Level 1:colcon.colcon_core.package_identification:_identify(aruco_ros) by extension 'python_setup_py'
[0.849s] Level 1:colcon.colcon_core.package_identification:_identify(aruco_ros/aruco) by extensions ['ignore', 'ignore_ament_install']
[0.849s] Level 1:colcon.colcon_core.package_identification:_identify(aruco_ros/aruco) by extension 'ignore'
[0.849s] Level 1:colcon.colcon_core.package_identification:_identify(aruco_ros/aruco) by extension 'ignore_ament_install'
[0.849s] Level 1:colcon.colcon_core.package_identification:_identify(aruco_ros/aruco) by extensions ['colcon_pkg']
[0.849s] Level 1:colcon.colcon_core.package_identification:_identify(aruco_ros/aruco) by extension 'colcon_pkg'
[0.849s] Level 1:colcon.colcon_core.package_identification:_identify(aruco_ros/aruco) by extensions ['colcon_meta']
[0.849s] Level 1:colcon.colcon_core.package_identification:_identify(aruco_ros/aruco) by extension 'colcon_meta'
[0.849s] Level 1:colcon.colcon_core.package_identification:_identify(aruco_ros/aruco) by extensions ['ros']
[0.849s] Level 1:colcon.colcon_core.package_identification:_identify(aruco_ros/aruco) by extension 'ros'
[0.851s] DEBUG:colcon.colcon_core.package_identification:Package 'aruco_ros/aruco' with type 'ros.ament_cmake' and name 'aruco'
[0.851s] Level 1:colcon.colcon_core.package_identification:_identify(aruco_ros/aruco_msgs) by extensions ['ignore', 'ignore_ament_install']
[0.851s] Level 1:colcon.colcon_core.package_identification:_identify(aruco_ros/aruco_msgs) by extension 'ignore'
[0.851s] Level 1:colcon.colcon_core.package_identification:_identify(aruco_ros/aruco_msgs) by extension 'ignore_ament_install'
[0.851s] Level 1:colcon.colcon_core.package_identification:_identify(aruco_ros/aruco_msgs) by extensions ['colcon_pkg']
[0.851s] Level 1:colcon.colcon_core.package_identification:_identify(aruco_ros/aruco_msgs) by extension 'colcon_pkg'
[0.851s] Level 1:colcon.colcon_core.package_identification:_identify(aruco_ros/aruco_msgs) by extensions ['colcon_meta']
[0.851s] Level 1:colcon.colcon_core.package_identification:_identify(aruco_ros/aruco_msgs) by extension 'colcon_meta'
[0.851s] Level 1:colcon.colcon_core.package_identification:_identify(aruco_ros/aruco_msgs) by extensions ['ros']
[0.851s] Level 1:colcon.colcon_core.package_identification:_identify(aruco_ros/aruco_msgs) by extension 'ros'
[0.852s] DEBUG:colcon.colcon_core.package_identification:Package 'aruco_ros/aruco_msgs' with type 'ros.ament_cmake' and name 'aruco_msgs'
[0.852s] Level 1:colcon.colcon_core.package_identification:_identify(aruco_ros/aruco_ros) by extensions ['ignore', 'ignore_ament_install']
[0.852s] Level 1:colcon.colcon_core.package_identification:_identify(aruco_ros/aruco_ros) by extension 'ignore'
[0.852s] Level 1:colcon.colcon_core.package_identification:_identify(aruco_ros/aruco_ros) by extension 'ignore_ament_install'
[0.852s] Level 1:colcon.colcon_core.package_identification:_identify(aruco_ros/aruco_ros) by extensions ['colcon_pkg']
[0.852s] Level 1:colcon.colcon_core.package_identification:_identify(aruco_ros/aruco_ros) by extension 'colcon_pkg'
[0.852s] Level 1:colcon.colcon_core.package_identification:_identify(aruco_ros/aruco_ros) by extensions ['colcon_meta']
[0.852s] Level 1:colcon.colcon_core.package_identification:_identify(aruco_ros/aruco_ros) by extension 'colcon_meta'
[0.852s] Level 1:colcon.colcon_core.package_identification:_identify(aruco_ros/aruco_ros) by extensions ['ros']
[0.852s] Level 1:colcon.colcon_core.package_identification:_identify(aruco_ros/aruco_ros) by extension 'ros'
[0.853s] DEBUG:colcon.colcon_core.package_identification:Package 'aruco_ros/aruco_ros' with type 'ros.ament_cmake' and name 'aruco_ros'
[0.853s] Level 1:colcon.colcon_core.package_identification:_identify(build) by extensions ['ignore', 'ignore_ament_install']
[0.853s] Level 1:colcon.colcon_core.package_identification:_identify(build) by extension 'ignore'
[0.853s] Level 1:colcon.colcon_core.package_identification:_identify(build) ignored
[0.853s] Level 1:colcon.colcon_core.package_identification:_identify(detection) by extensions ['ignore', 'ignore_ament_install']
[0.853s] Level 1:colcon.colcon_core.package_identification:_identify(detection) by extension 'ignore'
[0.853s] Level 1:colcon.colcon_core.package_identification:_identify(detection) by extension 'ignore_ament_install'
[0.853s] Level 1:colcon.colcon_core.package_identification:_identify(detection) by extensions ['colcon_pkg']
[0.853s] Level 1:colcon.colcon_core.package_identification:_identify(detection) by extension 'colcon_pkg'
[0.853s] Level 1:colcon.colcon_core.package_identification:_identify(detection) by extensions ['colcon_meta']
[0.853s] Level 1:colcon.colcon_core.package_identification:_identify(detection) by extension 'colcon_meta'
[0.853s] Level 1:colcon.colcon_core.package_identification:_identify(detection) by extensions ['ros']
[0.853s] Level 1:colcon.colcon_core.package_identification:_identify(detection) by extension 'ros'
[0.853s] DEBUG:colcon.colcon_core.package_identification:Package 'detection' with type 'ros.ament_python' and name 'detection'
[0.853s] Level 1:colcon.colcon_core.package_identification:_identify(display_markers) by extensions ['ignore', 'ignore_ament_install']
[0.853s] Level 1:colcon.colcon_core.package_identification:_identify(display_markers) by extension 'ignore'
[0.854s] Level 1:colcon.colcon_core.package_identification:_identify(display_markers) by extension 'ignore_ament_install'
[0.854s] Level 1:colcon.colcon_core.package_identification:_identify(display_markers) by extensions ['colcon_pkg']
[0.854s] Level 1:colcon.colcon_core.package_identification:_identify(display_markers) by extension 'colcon_pkg'
[0.854s] Level 1:colcon.colcon_core.package_identification:_identify(display_markers) by extensions ['colcon_meta']
[0.854s] Level 1:colcon.colcon_core.package_identification:_identify(display_markers) by extension 'colcon_meta'
[0.854s] Level 1:colcon.colcon_core.package_identification:_identify(display_markers) by extensions ['ros']
[0.854s] Level 1:colcon.colcon_core.package_identification:_identify(display_markers) by extension 'ros'
[0.854s] DEBUG:colcon.colcon_core.package_identification:Package 'display_markers' with type 'ros.ament_python' and name 'display_markers'
[0.854s] Level 1:colcon.colcon_core.package_identification:_identify(install) by extensions ['ignore', 'ignore_ament_install']
[0.854s] Level 1:colcon.colcon_core.package_identification:_identify(install) by extension 'ignore'
[0.854s] Level 1:colcon.colcon_core.package_identification:_identify(install) ignored
[0.854s] Level 1:colcon.colcon_core.package_identification:_identify(keyboard) by extensions ['ignore', 'ignore_ament_install']
[0.854s] Level 1:colcon.colcon_core.package_identification:_identify(keyboard) by extension 'ignore'
[0.854s] Level 1:colcon.colcon_core.package_identification:_identify(keyboard) by extension 'ignore_ament_install'
[0.854s] Level 1:colcon.colcon_core.package_identification:_identify(keyboard) by extensions ['colcon_pkg']
[0.854s] Level 1:colcon.colcon_core.package_identification:_identify(keyboard) by extension 'colcon_pkg'
[0.854s] Level 1:colcon.colcon_core.package_identification:_identify(keyboard) by extensions ['colcon_meta']
[0.854s] Level 1:colcon.colcon_core.package_identification:_identify(keyboard) by extension 'colcon_meta'
[0.854s] Level 1:colcon.colcon_core.package_identification:_identify(keyboard) by extensions ['ros']
[0.854s] Level 1:colcon.colcon_core.package_identification:_identify(keyboard) by extension 'ros'
[0.855s] DEBUG:colcon.colcon_core.package_identification:Package 'keyboard' with type 'ros.ament_python' and name 'keyboard'
[0.855s] Level 1:colcon.colcon_core.package_identification:_identify(learning_tf2_py) by extensions ['ignore', 'ignore_ament_install']
[0.855s] Level 1:colcon.colcon_core.package_identification:_identify(learning_tf2_py) by extension 'ignore'
[0.855s] Level 1:colcon.colcon_core.package_identification:_identify(learning_tf2_py) by extension 'ignore_ament_install'
[0.855s] Level 1:colcon.colcon_core.package_identification:_identify(learning_tf2_py) by extensions ['colcon_pkg']
[0.855s] Level 1:colcon.colcon_core.package_identification:_identify(learning_tf2_py) by extension 'colcon_pkg'
[0.855s] Level 1:colcon.colcon_core.package_identification:_identify(learning_tf2_py) by extensions ['colcon_meta']
[0.855s] Level 1:colcon.colcon_core.package_identification:_identify(learning_tf2_py) by extension 'colcon_meta'
[0.855s] Level 1:colcon.colcon_core.package_identification:_identify(learning_tf2_py) by extensions ['ros']
[0.855s] Level 1:colcon.colcon_core.package_identification:_identify(learning_tf2_py) by extension 'ros'
[0.855s] DEBUG:colcon.colcon_core.package_identification:Package 'learning_tf2_py' with type 'ros.ament_python' and name 'learning_tf2_py'
[0.855s] Level 1:colcon.colcon_core.package_identification:_identify(librealsense) by extensions ['ignore', 'ignore_ament_install']
[0.855s] Level 1:colcon.colcon_core.package_identification:_identify(librealsense) by extension 'ignore'
[0.855s] Level 1:colcon.colcon_core.package_identification:_identify(librealsense) by extension 'ignore_ament_install'
[0.855s] Level 1:colcon.colcon_core.package_identification:_identify(librealsense) by extensions ['colcon_pkg']
[0.855s] Level 1:colcon.colcon_core.package_identification:_identify(librealsense) by extension 'colcon_pkg'
[0.855s] Level 1:colcon.colcon_core.package_identification:_identify(librealsense) by extensions ['colcon_meta']
[0.855s] Level 1:colcon.colcon_core.package_identification:_identify(librealsense) by extension 'colcon_meta'
[0.855s] Level 1:colcon.colcon_core.package_identification:_identify(librealsense) by extensions ['ros']
[0.855s] Level 1:colcon.colcon_core.package_identification:_identify(librealsense) by extension 'ros'
[0.856s] DEBUG:colcon.colcon_core.package_identification:Package 'librealsense' with type 'ros.cmake' and name 'librealsense2'
[0.856s] Level 1:colcon.colcon_core.package_identification:_identify(log) by extensions ['ignore', 'ignore_ament_install']
[0.856s] Level 1:colcon.colcon_core.package_identification:_identify(log) by extension 'ignore'
[0.856s] Level 1:colcon.colcon_core.package_identification:_identify(log) ignored
[0.856s] Level 1:colcon.colcon_core.package_identification:_identify(odometry) by extensions ['ignore', 'ignore_ament_install']
[0.856s] Level 1:colcon.colcon_core.package_identification:_identify(odometry) by extension 'ignore'
[0.856s] Level 1:colcon.colcon_core.package_identification:_identify(odometry) by extension 'ignore_ament_install'
[0.856s] Level 1:colcon.colcon_core.package_identification:_identify(odometry) by extensions ['colcon_pkg']
[0.856s] Level 1:colcon.colcon_core.package_identification:_identify(odometry) by extension 'colcon_pkg'
[0.856s] Level 1:colcon.colcon_core.package_identification:_identify(odometry) by extensions ['colcon_meta']
[0.856s] Level 1:colcon.colcon_core.package_identification:_identify(odometry) by extension 'colcon_meta'
[0.856s] Level 1:colcon.colcon_core.package_identification:_identify(odometry) by extensions ['ros']
[0.856s] Level 1:colcon.colcon_core.package_identification:_identify(odometry) by extension 'ros'
[0.857s] DEBUG:colcon.colcon_core.package_identification:Package 'odometry' with type 'ros.ament_python' and name 'odometry'
[0.857s] Level 1:colcon.colcon_core.package_identification:_identify(phidgets_drivers) by extensions ['ignore', 'ignore_ament_install']
[0.857s] Level 1:colcon.colcon_core.package_identification:_identify(phidgets_drivers) by extension 'ignore'
[0.857s] Level 1:colcon.colcon_core.package_identification:_identify(phidgets_drivers) by extension 'ignore_ament_install'
[0.857s] Level 1:colcon.colcon_core.package_identification:_identify(phidgets_drivers) by extensions ['colcon_pkg']
[0.857s] Level 1:colcon.colcon_core.package_identification:_identify(phidgets_drivers) by extension 'colcon_pkg'
[0.857s] Level 1:colcon.colcon_core.package_identification:_identify(phidgets_drivers) by extensions ['colcon_meta']
[0.857s] Level 1:colcon.colcon_core.package_identification:_identify(phidgets_drivers) by extension 'colcon_meta'
[0.857s] Level 1:colcon.colcon_core.package_identification:_identify(phidgets_drivers) by extensions ['ros']
[0.857s] Level 1:colcon.colcon_core.package_identification:_identify(phidgets_drivers) by extension 'ros'
[0.857s] Level 1:colcon.colcon_core.package_identification:_identify(phidgets_drivers) by extensions ['cmake', 'python']
[0.857s] Level 1:colcon.colcon_core.package_identification:_identify(phidgets_drivers) by extension 'cmake'
[0.857s] Level 1:colcon.colcon_core.package_identification:_identify(phidgets_drivers) by extension 'python'
[0.857s] Level 1:colcon.colcon_core.package_identification:_identify(phidgets_drivers) by extensions ['python_setup_py']
[0.857s] Level 1:colcon.colcon_core.package_identification:_identify(phidgets_drivers) by extension 'python_setup_py'
[0.857s] Level 1:colcon.colcon_core.package_identification:_identify(phidgets_drivers/libphidget22) by extensions ['ignore', 'ignore_ament_install']
[0.857s] Level 1:colcon.colcon_core.package_identification:_identify(phidgets_drivers/libphidget22) by extension 'ignore'
[0.857s] Level 1:colcon.colcon_core.package_identification:_identify(phidgets_drivers/libphidget22) by extension 'ignore_ament_install'
[0.857s] Level 1:colcon.colcon_core.package_identification:_identify(phidgets_drivers/libphidget22) by extensions ['colcon_pkg']
[0.857s] Level 1:colcon.colcon_core.package_identification:_identify(phidgets_drivers/libphidget22) by extension 'colcon_pkg'
[0.857s] Level 1:colcon.colcon_core.package_identification:_identify(phidgets_drivers/libphidget22) by extensions ['colcon_meta']
[0.857s] Level 1:colcon.colcon_core.package_identification:_identify(phidgets_drivers/libphidget22) by extension 'colcon_meta'
[0.857s] Level 1:colcon.colcon_core.package_identification:_identify(phidgets_drivers/libphidget22) by extensions ['ros']
[0.857s] Level 1:colcon.colcon_core.package_identification:_identify(phidgets_drivers/libphidget22) by extension 'ros'
[0.858s] DEBUG:colcon.colcon_core.package_identification:Package 'phidgets_drivers/libphidget22' with type 'ros.ament_cmake' and name 'libphidget22'
[0.858s] Level 1:colcon.colcon_core.package_identification:_identify(phidgets_drivers/phidgets_accelerometer) by extensions ['ignore', 'ignore_ament_install']
[0.858s] Level 1:colcon.colcon_core.package_identification:_identify(phidgets_drivers/phidgets_accelerometer) by extension 'ignore'
[0.858s] Level 1:colcon.colcon_core.package_identification:_identify(phidgets_drivers/phidgets_accelerometer) by extension 'ignore_ament_install'
[0.858s] Level 1:colcon.colcon_core.package_identification:_identify(phidgets_drivers/phidgets_accelerometer) by extensions ['colcon_pkg']
[0.858s] Level 1:colcon.colcon_core.package_identification:_identify(phidgets_drivers/phidgets_accelerometer) by extension 'colcon_pkg'
[0.858s] Level 1:colcon.colcon_core.package_identification:_identify(phidgets_drivers/phidgets_accelerometer) by extensions ['colcon_meta']
[0.858s] Level 1:colcon.colcon_core.package_identification:_identify(phidgets_drivers/phidgets_accelerometer) by extension 'colcon_meta'
[0.858s] Level 1:colcon.colcon_core.package_identification:_identify(phidgets_drivers/phidgets_accelerometer) by extensions ['ros']
[0.858s] Level 1:colcon.colcon_core.package_identification:_identify(phidgets_drivers/phidgets_accelerometer) by extension 'ros'
[0.858s] DEBUG:colcon.colcon_core.package_identification:Package 'phidgets_drivers/phidgets_accelerometer' with type 'ros.ament_cmake' and name 'phidgets_accelerometer'
[0.858s] Level 1:colcon.colcon_core.package_identification:_identify(phidgets_drivers/phidgets_analog_inputs) by extensions ['ignore', 'ignore_ament_install']
[0.858s] Level 1:colcon.colcon_core.package_identification:_identify(phidgets_drivers/phidgets_analog_inputs) by extension 'ignore'
[0.858s] Level 1:colcon.colcon_core.package_identification:_identify(phidgets_drivers/phidgets_analog_inputs) by extension 'ignore_ament_install'
[0.858s] Level 1:colcon.colcon_core.package_identification:_identify(phidgets_drivers/phidgets_analog_inputs) by extensions ['colcon_pkg']
[0.858s] Level 1:colcon.colcon_core.package_identification:_identify(phidgets_drivers/phidgets_analog_inputs) by extension 'colcon_pkg'
[0.858s] Level 1:colcon.colcon_core.package_identification:_identify(phidgets_drivers/phidgets_analog_inputs) by extensions ['colcon_meta']
[0.858s] Level 1:colcon.colcon_core.package_identification:_identify(phidgets_drivers/phidgets_analog_inputs) by extension 'colcon_meta'
[0.858s] Level 1:colcon.colcon_core.package_identification:_identify(phidgets_drivers/phidgets_analog_inputs) by extensions ['ros']
[0.858s] Level 1:colcon.colcon_core.package_identification:_identify(phidgets_drivers/phidgets_analog_inputs) by extension 'ros'
[0.859s] DEBUG:colcon.colcon_core.package_identification:Package 'phidgets_drivers/phidgets_analog_inputs' with type 'ros.ament_cmake' and name 'phidgets_analog_inputs'
[0.859s] Level 1:colcon.colcon_core.package_identification:_identify(phidgets_drivers/phidgets_analog_outputs) by extensions ['ignore', 'ignore_ament_install']
[0.859s] Level 1:colcon.colcon_core.package_identification:_identify(phidgets_drivers/phidgets_analog_outputs) by extension 'ignore'
[0.859s] Level 1:colcon.colcon_core.package_identification:_identify(phidgets_drivers/phidgets_analog_outputs) by extension 'ignore_ament_install'
[0.859s] Level 1:colcon.colcon_core.package_identification:_identify(phidgets_drivers/phidgets_analog_outputs) by extensions ['colcon_pkg']
[0.859s] Level 1:colcon.colcon_core.package_identification:_identify(phidgets_drivers/phidgets_analog_outputs) by extension 'colcon_pkg'
[0.859s] Level 1:colcon.colcon_core.package_identification:_identify(phidgets_drivers/phidgets_analog_outputs) by extensions ['colcon_meta']
[0.859s] Level 1:colcon.colcon_core.package_identification:_identify(phidgets_drivers/phidgets_analog_outputs) by extension 'colcon_meta'
[0.859s] Level 1:colcon.colcon_core.package_identification:_identify(phidgets_drivers/phidgets_analog_outputs) by extensions ['ros']
[0.859s] Level 1:colcon.colcon_core.package_identification:_identify(phidgets_drivers/phidgets_analog_outputs) by extension 'ros'
[0.860s] DEBUG:colcon.colcon_core.package_identification:Package 'phidgets_drivers/phidgets_analog_outputs' with type 'ros.ament_cmake' and name 'phidgets_analog_outputs'
[0.860s] Level 1:colcon.colcon_core.package_identification:_identify(phidgets_drivers/phidgets_api) by extensions ['ignore', 'ignore_ament_install']
[0.860s] Level 1:colcon.colcon_core.package_identification:_identify(phidgets_drivers/phidgets_api) by extension 'ignore'
[0.860s] Level 1:colcon.colcon_core.package_identification:_identify(phidgets_drivers/phidgets_api) by extension 'ignore_ament_install'
[0.860s] Level 1:colcon.colcon_core.package_identification:_identify(phidgets_drivers/phidgets_api) by extensions ['colcon_pkg']
[0.860s] Level 1:colcon.colcon_core.package_identification:_identify(phidgets_drivers/phidgets_api) by extension 'colcon_pkg'
[0.860s] Level 1:colcon.colcon_core.package_identification:_identify(phidgets_drivers/phidgets_api) by extensions ['colcon_meta']
[0.860s] Level 1:colcon.colcon_core.package_identification:_identify(phidgets_drivers/phidgets_api) by extension 'colcon_meta'
[0.860s] Level 1:colcon.colcon_core.package_identification:_identify(phidgets_drivers/phidgets_api) by extensions ['ros']
[0.860s] Level 1:colcon.colcon_core.package_identification:_identify(phidgets_drivers/phidgets_api) by extension 'ros'
[0.860s] DEBUG:colcon.colcon_core.package_identification:Package 'phidgets_drivers/phidgets_api' with type 'ros.ament_cmake' and name 'phidgets_api'
[0.860s] Level 1:colcon.colcon_core.package_identification:_identify(phidgets_drivers/phidgets_digital_inputs) by extensions ['ignore', 'ignore_ament_install']
[0.860s] Level 1:colcon.colcon_core.package_identification:_identify(phidgets_drivers/phidgets_digital_inputs) by extension 'ignore'
[0.860s] Level 1:colcon.colcon_core.package_identification:_identify(phidgets_drivers/phidgets_digital_inputs) by extension 'ignore_ament_install'
[0.860s] Level 1:colcon.colcon_core.package_identification:_identify(phidgets_drivers/phidgets_digital_inputs) by extensions ['colcon_pkg']
[0.860s] Level 1:colcon.colcon_core.package_identification:_identify(phidgets_drivers/phidgets_digital_inputs) by extension 'colcon_pkg'
[0.860s] Level 1:colcon.colcon_core.package_identification:_identify(phidgets_drivers/phidgets_digital_inputs) by extensions ['colcon_meta']
[0.860s] Level 1:colcon.colcon_core.package_identification:_identify(phidgets_drivers/phidgets_digital_inputs) by extension 'colcon_meta'
[0.860s] Level 1:colcon.colcon_core.package_identification:_identify(phidgets_drivers/phidgets_digital_inputs) by extensions ['ros']
[0.861s] Level 1:colcon.colcon_core.package_identification:_identify(phidgets_drivers/phidgets_digital_inputs) by extension 'ros'
[0.861s] DEBUG:colcon.colcon_core.package_identification:Package 'phidgets_drivers/phidgets_digital_inputs' with type 'ros.ament_cmake' and name 'phidgets_digital_inputs'
[0.861s] Level 1:colcon.colcon_core.package_identification:_identify(phidgets_drivers/phidgets_digital_outputs) by extensions ['ignore', 'ignore_ament_install']
[0.861s] Level 1:colcon.colcon_core.package_identification:_identify(phidgets_drivers/phidgets_digital_outputs) by extension 'ignore'
[0.861s] Level 1:colcon.colcon_core.package_identification:_identify(phidgets_drivers/phidgets_digital_outputs) by extension 'ignore_ament_install'
[0.861s] Level 1:colcon.colcon_core.package_identification:_identify(phidgets_drivers/phidgets_digital_outputs) by extensions ['colcon_pkg']
[0.861s] Level 1:colcon.colcon_core.package_identification:_identify(phidgets_drivers/phidgets_digital_outputs) by extension 'colcon_pkg'
[0.861s] Level 1:colcon.colcon_core.package_identification:_identify(phidgets_drivers/phidgets_digital_outputs) by extensions ['colcon_meta']
[0.861s] Level 1:colcon.colcon_core.package_identification:_identify(phidgets_drivers/phidgets_digital_outputs) by extension 'colcon_meta'
[0.861s] Level 1:colcon.colcon_core.package_identification:_identify(phidgets_drivers/phidgets_digital_outputs) by extensions ['ros']
[0.861s] Level 1:colcon.colcon_core.package_identification:_identify(phidgets_drivers/phidgets_digital_outputs) by extension 'ros'
[0.862s] DEBUG:colcon.colcon_core.package_identification:Package 'phidgets_drivers/phidgets_digital_outputs' with type 'ros.ament_cmake' and name 'phidgets_digital_outputs'
[0.862s] Level 1:colcon.colcon_core.package_identification:_identify(phidgets_drivers/phidgets_drivers) by extensions ['ignore', 'ignore_ament_install']
[0.862s] Level 1:colcon.colcon_core.package_identification:_identify(phidgets_drivers/phidgets_drivers) by extension 'ignore'
[0.862s] Level 1:colcon.colcon_core.package_identification:_identify(phidgets_drivers/phidgets_drivers) by extension 'ignore_ament_install'
[0.862s] Level 1:colcon.colcon_core.package_identification:_identify(phidgets_drivers/phidgets_drivers) by extensions ['colcon_pkg']
[0.862s] Level 1:colcon.colcon_core.package_identification:_identify(phidgets_drivers/phidgets_drivers) by extension 'colcon_pkg'
[0.862s] Level 1:colcon.colcon_core.package_identification:_identify(phidgets_drivers/phidgets_drivers) by extensions ['colcon_meta']
[0.862s] Level 1:colcon.colcon_core.package_identification:_identify(phidgets_drivers/phidgets_drivers) by extension 'colcon_meta'
[0.862s] Level 1:colcon.colcon_core.package_identification:_identify(phidgets_drivers/phidgets_drivers) by extensions ['ros']
[0.862s] Level 1:colcon.colcon_core.package_identification:_identify(phidgets_drivers/phidgets_drivers) by extension 'ros'
[0.862s] DEBUG:colcon.colcon_core.package_identification:Package 'phidgets_drivers/phidgets_drivers' with type 'ros.ament_cmake' and name 'phidgets_drivers'
[0.862s] Level 1:colcon.colcon_core.package_identification:_identify(phidgets_drivers/phidgets_gyroscope) by extensions ['ignore', 'ignore_ament_install']
[0.862s] Level 1:colcon.colcon_core.package_identification:_identify(phidgets_drivers/phidgets_gyroscope) by extension 'ignore'
[0.862s] Level 1:colcon.colcon_core.package_identification:_identify(phidgets_drivers/phidgets_gyroscope) by extension 'ignore_ament_install'
[0.862s] Level 1:colcon.colcon_core.package_identification:_identify(phidgets_drivers/phidgets_gyroscope) by extensions ['colcon_pkg']
[0.862s] Level 1:colcon.colcon_core.package_identification:_identify(phidgets_drivers/phidgets_gyroscope) by extension 'colcon_pkg'
[0.862s] Level 1:colcon.colcon_core.package_identification:_identify(phidgets_drivers/phidgets_gyroscope) by extensions ['colcon_meta']
[0.862s] Level 1:colcon.colcon_core.package_identification:_identify(phidgets_drivers/phidgets_gyroscope) by extension 'colcon_meta'
[0.862s] Level 1:colcon.colcon_core.package_identification:_identify(phidgets_drivers/phidgets_gyroscope) by extensions ['ros']
[0.862s] Level 1:colcon.colcon_core.package_identification:_identify(phidgets_drivers/phidgets_gyroscope) by extension 'ros'
[0.863s] DEBUG:colcon.colcon_core.package_identification:Package 'phidgets_drivers/phidgets_gyroscope' with type 'ros.ament_cmake' and name 'phidgets_gyroscope'
[0.863s] Level 1:colcon.colcon_core.package_identification:_identify(phidgets_drivers/phidgets_high_speed_encoder) by extensions ['ignore', 'ignore_ament_install']
[0.863s] Level 1:colcon.colcon_core.package_identification:_identify(phidgets_drivers/phidgets_high_speed_encoder) by extension 'ignore'
[0.863s] Level 1:colcon.colcon_core.package_identification:_identify(phidgets_drivers/phidgets_high_speed_encoder) by extension 'ignore_ament_install'
[0.863s] Level 1:colcon.colcon_core.package_identification:_identify(phidgets_drivers/phidgets_high_speed_encoder) by extensions ['colcon_pkg']
[0.863s] Level 1:colcon.colcon_core.package_identification:_identify(phidgets_drivers/phidgets_high_speed_encoder) by extension 'colcon_pkg'
[0.863s] Level 1:colcon.colcon_core.package_identification:_identify(phidgets_drivers/phidgets_high_speed_encoder) by extensions ['colcon_meta']
[0.863s] Level 1:colcon.colcon_core.package_identification:_identify(phidgets_drivers/phidgets_high_speed_encoder) by extension 'colcon_meta'
[0.863s] Level 1:colcon.colcon_core.package_identification:_identify(phidgets_drivers/phidgets_high_speed_encoder) by extensions ['ros']
[0.863s] Level 1:colcon.colcon_core.package_identification:_identify(phidgets_drivers/phidgets_high_speed_encoder) by extension 'ros'
[0.864s] DEBUG:colcon.colcon_core.package_identification:Package 'phidgets_drivers/phidgets_high_speed_encoder' with type 'ros.ament_cmake' and name 'phidgets_high_speed_encoder'
[0.864s] Level 1:colcon.colcon_core.package_identification:_identify(phidgets_drivers/phidgets_ik) by extensions ['ignore', 'ignore_ament_install']
[0.864s] Level 1:colcon.colcon_core.package_identification:_identify(phidgets_drivers/phidgets_ik) by extension 'ignore'
[0.864s] Level 1:colcon.colcon_core.package_identification:_identify(phidgets_drivers/phidgets_ik) by extension 'ignore_ament_install'
[0.864s] Level 1:colcon.colcon_core.package_identification:_identify(phidgets_drivers/phidgets_ik) by extensions ['colcon_pkg']
[0.864s] Level 1:colcon.colcon_core.package_identification:_identify(phidgets_drivers/phidgets_ik) by extension 'colcon_pkg'
[0.864s] Level 1:colcon.colcon_core.package_identification:_identify(phidgets_drivers/phidgets_ik) by extensions ['colcon_meta']
[0.864s] Level 1:colcon.colcon_core.package_identification:_identify(phidgets_drivers/phidgets_ik) by extension 'colcon_meta'
[0.864s] Level 1:colcon.colcon_core.package_identification:_identify(phidgets_drivers/phidgets_ik) by extensions ['ros']
[0.864s] Level 1:colcon.colcon_core.package_identification:_identify(phidgets_drivers/phidgets_ik) by extension 'ros'
[0.864s] DEBUG:colcon.colcon_core.package_identification:Package 'phidgets_drivers/phidgets_ik' with type 'ros.ament_cmake' and name 'phidgets_ik'
[0.864s] Level 1:colcon.colcon_core.package_identification:_identify(phidgets_drivers/phidgets_magnetometer) by extensions ['ignore', 'ignore_ament_install']
[0.864s] Level 1:colcon.colcon_core.package_identification:_identify(phidgets_drivers/phidgets_magnetometer) by extension 'ignore'
[0.864s] Level 1:colcon.colcon_core.package_identification:_identify(phidgets_drivers/phidgets_magnetometer) by extension 'ignore_ament_install'
[0.864s] Level 1:colcon.colcon_core.package_identification:_identify(phidgets_drivers/phidgets_magnetometer) by extensions ['colcon_pkg']
[0.864s] Level 1:colcon.colcon_core.package_identification:_identify(phidgets_drivers/phidgets_magnetometer) by extension 'colcon_pkg'
[0.864s] Level 1:colcon.colcon_core.package_identification:_identify(phidgets_drivers/phidgets_magnetometer) by extensions ['colcon_meta']
[0.864s] Level 1:colcon.colcon_core.package_identification:_identify(phidgets_drivers/phidgets_magnetometer) by extension 'colcon_meta'
[0.864s] Level 1:colcon.colcon_core.package_identification:_identify(phidgets_drivers/phidgets_magnetometer) by extensions ['ros']
[0.865s] Level 1:colcon.colcon_core.package_identification:_identify(phidgets_drivers/phidgets_magnetometer) by extension 'ros'
[0.865s] DEBUG:colcon.colcon_core.package_identification:Package 'phidgets_drivers/phidgets_magnetometer' with type 'ros.ament_cmake' and name 'phidgets_magnetometer'
[0.865s] Level 1:colcon.colcon_core.package_identification:_identify(phidgets_drivers/phidgets_motors) by extensions ['ignore', 'ignore_ament_install']
[0.865s] Level 1:colcon.colcon_core.package_identification:_identify(phidgets_drivers/phidgets_motors) by extension 'ignore'
[0.865s] Level 1:colcon.colcon_core.package_identification:_identify(phidgets_drivers/phidgets_motors) by extension 'ignore_ament_install'
[0.865s] Level 1:colcon.colcon_core.package_identification:_identify(phidgets_drivers/phidgets_motors) by extensions ['colcon_pkg']
[0.865s] Level 1:colcon.colcon_core.package_identification:_identify(phidgets_drivers/phidgets_motors) by extension 'colcon_pkg'
[0.865s] Level 1:colcon.colcon_core.package_identification:_identify(phidgets_drivers/phidgets_motors) by extensions ['colcon_meta']
[0.865s] Level 1:colcon.colcon_core.package_identification:_identify(phidgets_drivers/phidgets_motors) by extension 'colcon_meta'
[0.865s] Level 1:colcon.colcon_core.package_identification:_identify(phidgets_drivers/phidgets_motors) by extensions ['ros']
[0.865s] Level 1:colcon.colcon_core.package_identification:_identify(phidgets_drivers/phidgets_motors) by extension 'ros'
[0.866s] DEBUG:colcon.colcon_core.package_identification:Package 'phidgets_drivers/phidgets_motors' with type 'ros.ament_cmake' and name 'phidgets_motors'
[0.866s] Level 1:colcon.colcon_core.package_identification:_identify(phidgets_drivers/phidgets_msgs) by extensions ['ignore', 'ignore_ament_install']
[0.866s] Level 1:colcon.colcon_core.package_identification:_identify(phidgets_drivers/phidgets_msgs) by extension 'ignore'
[0.866s] Level 1:colcon.colcon_core.package_identification:_identify(phidgets_drivers/phidgets_msgs) by extension 'ignore_ament_install'
[0.866s] Level 1:colcon.colcon_core.package_identification:_identify(phidgets_drivers/phidgets_msgs) by extensions ['colcon_pkg']
[0.866s] Level 1:colcon.colcon_core.package_identification:_identify(phidgets_drivers/phidgets_msgs) by extension 'colcon_pkg'
[0.866s] Level 1:colcon.colcon_core.package_identification:_identify(phidgets_drivers/phidgets_msgs) by extensions ['colcon_meta']
[0.866s] Level 1:colcon.colcon_core.package_identification:_identify(phidgets_drivers/phidgets_msgs) by extension 'colcon_meta'
[0.866s] Level 1:colcon.colcon_core.package_identification:_identify(phidgets_drivers/phidgets_msgs) by extensions ['ros']
[0.866s] Level 1:colcon.colcon_core.package_identification:_identify(phidgets_drivers/phidgets_msgs) by extension 'ros'
[0.866s] DEBUG:colcon.colcon_core.package_identification:Package 'phidgets_drivers/phidgets_msgs' with type 'ros.ament_cmake' and name 'phidgets_msgs'
[0.866s] Level 1:colcon.colcon_core.package_identification:_identify(phidgets_drivers/phidgets_spatial) by extensions ['ignore', 'ignore_ament_install']
[0.866s] Level 1:colcon.colcon_core.package_identification:_identify(phidgets_drivers/phidgets_spatial) by extension 'ignore'
[0.866s] Level 1:colcon.colcon_core.package_identification:_identify(phidgets_drivers/phidgets_spatial) by extension 'ignore_ament_install'
[0.866s] Level 1:colcon.colcon_core.package_identification:_identify(phidgets_drivers/phidgets_spatial) by extensions ['colcon_pkg']
[0.866s] Level 1:colcon.colcon_core.package_identification:_identify(phidgets_drivers/phidgets_spatial) by extension 'colcon_pkg'
[0.866s] Level 1:colcon.colcon_core.package_identification:_identify(phidgets_drivers/phidgets_spatial) by extensions ['colcon_meta']
[0.866s] Level 1:colcon.colcon_core.package_identification:_identify(phidgets_drivers/phidgets_spatial) by extension 'colcon_meta'
[0.866s] Level 1:colcon.colcon_core.package_identification:_identify(phidgets_drivers/phidgets_spatial) by extensions ['ros']
[0.866s] Level 1:colcon.colcon_core.package_identification:_identify(phidgets_drivers/phidgets_spatial) by extension 'ros'
[0.867s] DEBUG:colcon.colcon_core.package_identification:Package 'phidgets_drivers/phidgets_spatial' with type 'ros.ament_cmake' and name 'phidgets_spatial'
[0.867s] Level 1:colcon.colcon_core.package_identification:_identify(phidgets_drivers/phidgets_stepper) by extensions ['ignore', 'ignore_ament_install']
[0.867s] Level 1:colcon.colcon_core.package_identification:_identify(phidgets_drivers/phidgets_stepper) by extension 'ignore'
[0.867s] Level 1:colcon.colcon_core.package_identification:_identify(phidgets_drivers/phidgets_stepper) by extension 'ignore_ament_install'
[0.867s] Level 1:colcon.colcon_core.package_identification:_identify(phidgets_drivers/phidgets_stepper) by extensions ['colcon_pkg']
[0.867s] Level 1:colcon.colcon_core.package_identification:_identify(phidgets_drivers/phidgets_stepper) by extension 'colcon_pkg'
[0.867s] Level 1:colcon.colcon_core.package_identification:_identify(phidgets_drivers/phidgets_stepper) by extensions ['colcon_meta']
[0.867s] Level 1:colcon.colcon_core.package_identification:_identify(phidgets_drivers/phidgets_stepper) by extension 'colcon_meta'
[0.867s] Level 1:colcon.colcon_core.package_identification:_identify(phidgets_drivers/phidgets_stepper) by extensions ['ros']
[0.867s] Level 1:colcon.colcon_core.package_identification:_identify(phidgets_drivers/phidgets_stepper) by extension 'ros'
[0.868s] DEBUG:colcon.colcon_core.package_identification:Package 'phidgets_drivers/phidgets_stepper' with type 'ros.ament_cmake' and name 'phidgets_stepper'
[0.868s] Level 1:colcon.colcon_core.package_identification:_identify(phidgets_drivers/phidgets_temperature) by extensions ['ignore', 'ignore_ament_install']
[0.868s] Level 1:colcon.colcon_core.package_identification:_identify(phidgets_drivers/phidgets_temperature) by extension 'ignore'
[0.868s] Level 1:colcon.colcon_core.package_identification:_identify(phidgets_drivers/phidgets_temperature) by extension 'ignore_ament_install'
[0.868s] Level 1:colcon.colcon_core.package_identification:_identify(phidgets_drivers/phidgets_temperature) by extensions ['colcon_pkg']
[0.868s] Level 1:colcon.colcon_core.package_identification:_identify(phidgets_drivers/phidgets_temperature) by extension 'colcon_pkg'
[0.868s] Level 1:colcon.colcon_core.package_identification:_identify(phidgets_drivers/phidgets_temperature) by extensions ['colcon_meta']
[0.868s] Level 1:colcon.colcon_core.package_identification:_identify(phidgets_drivers/phidgets_temperature) by extension 'colcon_meta'
[0.868s] Level 1:colcon.colcon_core.package_identification:_identify(phidgets_drivers/phidgets_temperature) by extensions ['ros']
[0.868s] Level 1:colcon.colcon_core.package_identification:_identify(phidgets_drivers/phidgets_temperature) by extension 'ros'
[0.868s] DEBUG:colcon.colcon_core.package_identification:Package 'phidgets_drivers/phidgets_temperature' with type 'ros.ament_cmake' and name 'phidgets_temperature'
[0.868s] Level 1:colcon.colcon_core.package_identification:_identify(realsense-ros) by extensions ['ignore', 'ignore_ament_install']
[0.868s] Level 1:colcon.colcon_core.package_identification:_identify(realsense-ros) by extension 'ignore'
[0.868s] Level 1:colcon.colcon_core.package_identification:_identify(realsense-ros) by extension 'ignore_ament_install'
[0.868s] Level 1:colcon.colcon_core.package_identification:_identify(realsense-ros) by extensions ['colcon_pkg']
[0.868s] Level 1:colcon.colcon_core.package_identification:_identify(realsense-ros) by extension 'colcon_pkg'
[0.868s] Level 1:colcon.colcon_core.package_identification:_identify(realsense-ros) by extensions ['colcon_meta']
[0.868s] Level 1:colcon.colcon_core.package_identification:_identify(realsense-ros) by extension 'colcon_meta'
[0.869s] Level 1:colcon.colcon_core.package_identification:_identify(realsense-ros) by extensions ['ros']
[0.869s] Level 1:colcon.colcon_core.package_identification:_identify(realsense-ros) by extension 'ros'
[0.869s] Level 1:colcon.colcon_core.package_identification:_identify(realsense-ros) by extensions ['cmake', 'python']
[0.869s] Level 1:colcon.colcon_core.package_identification:_identify(realsense-ros) by extension 'cmake'
[0.869s] Level 1:colcon.colcon_core.package_identification:_identify(realsense-ros) by extension 'python'
[0.869s] Level 1:colcon.colcon_core.package_identification:_identify(realsense-ros) by extensions ['python_setup_py']
[0.869s] Level 1:colcon.colcon_core.package_identification:_identify(realsense-ros) by extension 'python_setup_py'
[0.869s] Level 1:colcon.colcon_core.package_identification:_identify(realsense-ros/realsense2_camera) by extensions ['ignore', 'ignore_ament_install']
[0.869s] Level 1:colcon.colcon_core.package_identification:_identify(realsense-ros/realsense2_camera) by extension 'ignore'
[0.869s] Level 1:colcon.colcon_core.package_identification:_identify(realsense-ros/realsense2_camera) by extension 'ignore_ament_install'
[0.869s] Level 1:colcon.colcon_core.package_identification:_identify(realsense-ros/realsense2_camera) by extensions ['colcon_pkg']
[0.869s] Level 1:colcon.colcon_core.package_identification:_identify(realsense-ros/realsense2_camera) by extension 'colcon_pkg'
[0.869s] Level 1:colcon.colcon_core.package_identification:_identify(realsense-ros/realsense2_camera) by extensions ['colcon_meta']
[0.869s] Level 1:colcon.colcon_core.package_identification:_identify(realsense-ros/realsense2_camera) by extension 'colcon_meta'
[0.869s] Level 1:colcon.colcon_core.package_identification:_identify(realsense-ros/realsense2_camera) by extensions ['ros']
[0.869s] Level 1:colcon.colcon_core.package_identification:_identify(realsense-ros/realsense2_camera) by extension 'ros'
[0.874s] DEBUG:colcon.colcon_core.package_identification:Package 'realsense-ros/realsense2_camera' with type 'ros.ament_cmake' and name 'realsense2_camera'
[0.874s] Level 1:colcon.colcon_core.package_identification:_identify(realsense-ros/realsense2_camera_msgs) by extensions ['ignore', 'ignore_ament_install']
[0.874s] Level 1:colcon.colcon_core.package_identification:_identify(realsense-ros/realsense2_camera_msgs) by extension 'ignore'
[0.874s] Level 1:colcon.colcon_core.package_identification:_identify(realsense-ros/realsense2_camera_msgs) by extension 'ignore_ament_install'
[0.874s] Level 1:colcon.colcon_core.package_identification:_identify(realsense-ros/realsense2_camera_msgs) by extensions ['colcon_pkg']
[0.874s] Level 1:colcon.colcon_core.package_identification:_identify(realsense-ros/realsense2_camera_msgs) by extension 'colcon_pkg'
[0.874s] Level 1:colcon.colcon_core.package_identification:_identify(realsense-ros/realsense2_camera_msgs) by extensions ['colcon_meta']
[0.874s] Level 1:colcon.colcon_core.package_identification:_identify(realsense-ros/realsense2_camera_msgs) by extension 'colcon_meta'
[0.874s] Level 1:colcon.colcon_core.package_identification:_identify(realsense-ros/realsense2_camera_msgs) by extensions ['ros']
[0.874s] Level 1:colcon.colcon_core.package_identification:_identify(realsense-ros/realsense2_camera_msgs) by extension 'ros'
[0.875s] DEBUG:colcon.colcon_core.package_identification:Package 'realsense-ros/realsense2_camera_msgs' with type 'ros.ament_cmake' and name 'realsense2_camera_msgs'
[0.875s] Level 1:colcon.colcon_core.package_identification:_identify(realsense-ros/realsense2_description) by extensions ['ignore', 'ignore_ament_install']
[0.875s] Level 1:colcon.colcon_core.package_identification:_identify(realsense-ros/realsense2_description) by extension 'ignore'
[0.875s] Level 1:colcon.colcon_core.package_identification:_identify(realsense-ros/realsense2_description) by extension 'ignore_ament_install'
[0.875s] Level 1:colcon.colcon_core.package_identification:_identify(realsense-ros/realsense2_description) by extensions ['colcon_pkg']
[0.875s] Level 1:colcon.colcon_core.package_identification:_identify(realsense-ros/realsense2_description) by extension 'colcon_pkg'
[0.875s] Level 1:colcon.colcon_core.package_identification:_identify(realsense-ros/realsense2_description) by extensions ['colcon_meta']
[0.875s] Level 1:colcon.colcon_core.package_identification:_identify(realsense-ros/realsense2_description) by extension 'colcon_meta'
[0.875s] Level 1:colcon.colcon_core.package_identification:_identify(realsense-ros/realsense2_description) by extensions ['ros']
[0.875s] Level 1:colcon.colcon_core.package_identification:_identify(realsense-ros/realsense2_description) by extension 'ros'
[0.875s] DEBUG:colcon.colcon_core.package_identification:Package 'realsense-ros/realsense2_description' with type 'ros.ament_cmake' and name 'realsense2_description'
[0.876s] Level 1:colcon.colcon_core.package_identification:_identify(realsense-ros/realsense2_rgbd_plugin) by extensions ['ignore', 'ignore_ament_install']
[0.876s] Level 1:colcon.colcon_core.package_identification:_identify(realsense-ros/realsense2_rgbd_plugin) by extension 'ignore'
[0.876s] Level 1:colcon.colcon_core.package_identification:_identify(realsense-ros/realsense2_rgbd_plugin) by extension 'ignore_ament_install'
[0.876s] Level 1:colcon.colcon_core.package_identification:_identify(realsense-ros/realsense2_rgbd_plugin) by extensions ['colcon_pkg']
[0.876s] Level 1:colcon.colcon_core.package_identification:_identify(realsense-ros/realsense2_rgbd_plugin) by extension 'colcon_pkg'
[0.876s] Level 1:colcon.colcon_core.package_identification:_identify(realsense-ros/realsense2_rgbd_plugin) by extensions ['colcon_meta']
[0.876s] Level 1:colcon.colcon_core.package_identification:_identify(realsense-ros/realsense2_rgbd_plugin) by extension 'colcon_meta'
[0.876s] Level 1:colcon.colcon_core.package_identification:_identify(realsense-ros/realsense2_rgbd_plugin) by extensions ['ros']
[0.876s] Level 1:colcon.colcon_core.package_identification:_identify(realsense-ros/realsense2_rgbd_plugin) by extension 'ros'
[0.876s] DEBUG:colcon.colcon_core.package_identification:Package 'realsense-ros/realsense2_rgbd_plugin' with type 'ros.ament_cmake' and name 'realsense2_rviz_plugin'
[0.876s] Level 1:colcon.colcon_core.package_identification:_identify(realsense-ros/realsense2_ros_mqtt_bridge) by extensions ['ignore', 'ignore_ament_install']
[0.876s] Level 1:colcon.colcon_core.package_identification:_identify(realsense-ros/realsense2_ros_mqtt_bridge) by extension 'ignore'
[0.876s] Level 1:colcon.colcon_core.package_identification:_identify(realsense-ros/realsense2_ros_mqtt_bridge) by extension 'ignore_ament_install'
[0.876s] Level 1:colcon.colcon_core.package_identification:_identify(realsense-ros/realsense2_ros_mqtt_bridge) by extensions ['colcon_pkg']
[0.876s] Level 1:colcon.colcon_core.package_identification:_identify(realsense-ros/realsense2_ros_mqtt_bridge) by extension 'colcon_pkg'
[0.876s] Level 1:colcon.colcon_core.package_identification:_identify(realsense-ros/realsense2_ros_mqtt_bridge) by extensions ['colcon_meta']
[0.876s] Level 1:colcon.colcon_core.package_identification:_identify(realsense-ros/realsense2_ros_mqtt_bridge) by extension 'colcon_meta'
[0.877s] Level 1:colcon.colcon_core.package_identification:_identify(realsense-ros/realsense2_ros_mqtt_bridge) by extensions ['ros']
[0.877s] Level 1:colcon.colcon_core.package_identification:_identify(realsense-ros/realsense2_ros_mqtt_bridge) by extension 'ros'
[0.877s] DEBUG:colcon.colcon_core.package_identification:Package 'realsense-ros/realsense2_ros_mqtt_bridge' with type 'ros.ament_python' and name 'realsense2_ros_mqtt_bridge'
[0.877s] Level 1:colcon.colcon_core.package_identification:_identify(realsense-ros/res) by extensions ['ignore', 'ignore_ament_install']
[0.877s] Level 1:colcon.colcon_core.package_identification:_identify(realsense-ros/res) by extension 'ignore'
[0.877s] Level 1:colcon.colcon_core.package_identification:_identify(realsense-ros/res) by extension 'ignore_ament_install'
[0.877s] Level 1:colcon.colcon_core.package_identification:_identify(realsense-ros/res) by extensions ['colcon_pkg']
[0.877s] Level 1:colcon.colcon_core.package_identification:_identify(realsense-ros/res) by extension 'colcon_pkg'
[0.877s] Level 1:colcon.colcon_core.package_identification:_identify(realsense-ros/res) by extensions ['colcon_meta']
[0.877s] Level 1:colcon.colcon_core.package_identification:_identify(realsense-ros/res) by extension 'colcon_meta'
[0.877s] Level 1:colcon.colcon_core.package_identification:_identify(realsense-ros/res) by extensions ['ros']
[0.877s] Level 1:colcon.colcon_core.package_identification:_identify(realsense-ros/res) by extension 'ros'
[0.877s] Level 1:colcon.colcon_core.package_identification:_identify(realsense-ros/res) by extensions ['cmake', 'python']
[0.877s] Level 1:colcon.colcon_core.package_identification:_identify(realsense-ros/res) by extension 'cmake'
[0.877s] Level 1:colcon.colcon_core.package_identification:_identify(realsense-ros/res) by extension 'python'
[0.877s] Level 1:colcon.colcon_core.package_identification:_identify(realsense-ros/res) by extensions ['python_setup_py']
[0.877s] Level 1:colcon.colcon_core.package_identification:_identify(realsense-ros/res) by extension 'python_setup_py'
[0.877s] Level 1:colcon.colcon_core.package_identification:_identify(realsense-ros/scripts) by extensions ['ignore', 'ignore_ament_install']
[0.877s] Level 1:colcon.colcon_core.package_identification:_identify(realsense-ros/scripts) by extension 'ignore'
[0.877s] Level 1:colcon.colcon_core.package_identification:_identify(realsense-ros/scripts) by extension 'ignore_ament_install'
[0.877s] Level 1:colcon.colcon_core.package_identification:_identify(realsense-ros/scripts) by extensions ['colcon_pkg']
[0.877s] Level 1:colcon.colcon_core.package_identification:_identify(realsense-ros/scripts) by extension 'colcon_pkg'
[0.877s] Level 1:colcon.colcon_core.package_identification:_identify(realsense-ros/scripts) by extensions ['colcon_meta']
[0.877s] Level 1:colcon.colcon_core.package_identification:_identify(realsense-ros/scripts) by extension 'colcon_meta'
[0.877s] Level 1:colcon.colcon_core.package_identification:_identify(realsense-ros/scripts) by extensions ['ros']
[0.877s] Level 1:colcon.colcon_core.package_identification:_identify(realsense-ros/scripts) by extension 'ros'
[0.877s] Level 1:colcon.colcon_core.package_identification:_identify(realsense-ros/scripts) by extensions ['cmake', 'python']
[0.877s] Level 1:colcon.colcon_core.package_identification:_identify(realsense-ros/scripts) by extension 'cmake'
[0.878s] Level 1:colcon.colcon_core.package_identification:_identify(realsense-ros/scripts) by extension 'python'
[0.878s] Level 1:colcon.colcon_core.package_identification:_identify(realsense-ros/scripts) by extensions ['python_setup_py']
[0.878s] Level 1:colcon.colcon_core.package_identification:_identify(realsense-ros/scripts) by extension 'python_setup_py'
[0.878s] Level 1:colcon.colcon_core.package_identification:_identify(robp_arm) by extensions ['ignore', 'ignore_ament_install']
[0.878s] Level 1:colcon.colcon_core.package_identification:_identify(robp_arm) by extension 'ignore'
[0.878s] Level 1:colcon.colcon_core.package_identification:_identify(robp_arm) by extension 'ignore_ament_install'
[0.878s] Level 1:colcon.colcon_core.package_identification:_identify(robp_arm) by extensions ['colcon_pkg']
[0.878s] Level 1:colcon.colcon_core.package_identification:_identify(robp_arm) by extension 'colcon_pkg'
[0.878s] Level 1:colcon.colcon_core.package_identification:_identify(robp_arm) by extensions ['colcon_meta']
[0.878s] Level 1:colcon.colcon_core.package_identification:_identify(robp_arm) by extension 'colcon_meta'
[0.878s] Level 1:colcon.colcon_core.package_identification:_identify(robp_arm) by extensions ['ros']
[0.878s] Level 1:colcon.colcon_core.package_identification:_identify(robp_arm) by extension 'ros'
[0.878s] DEBUG:colcon.colcon_core.package_identification:Package 'robp_arm' with type 'ros.ament_python' and name 'robp_arm'
[0.878s] Level 1:colcon.colcon_core.package_identification:_identify(robp_autocomplete) by extensions ['ignore', 'ignore_ament_install']
[0.878s] Level 1:colcon.colcon_core.package_identification:_identify(robp_autocomplete) by extension 'ignore'
[0.878s] Level 1:colcon.colcon_core.package_identification:_identify(robp_autocomplete) by extension 'ignore_ament_install'
[0.878s] Level 1:colcon.colcon_core.package_identification:_identify(robp_autocomplete) by extensions ['colcon_pkg']
[0.878s] Level 1:colcon.colcon_core.package_identification:_identify(robp_autocomplete) by extension 'colcon_pkg'
[0.878s] Level 1:colcon.colcon_core.package_identification:_identify(robp_autocomplete) by extensions ['colcon_meta']
[0.878s] Level 1:colcon.colcon_core.package_identification:_identify(robp_autocomplete) by extension 'colcon_meta'
[0.878s] Level 1:colcon.colcon_core.package_identification:_identify(robp_autocomplete) by extensions ['ros']
[0.878s] Level 1:colcon.colcon_core.package_identification:_identify(robp_autocomplete) by extension 'ros'
[0.879s] DEBUG:colcon.colcon_core.package_identification:Package 'robp_autocomplete' with type 'ros.ament_python' and name 'robp_autocomplete'
[0.879s] Level 1:colcon.colcon_core.package_identification:_identify(robp_boot_camp_launch) by extensions ['ignore', 'ignore_ament_install']
[0.879s] Level 1:colcon.colcon_core.package_identification:_identify(robp_boot_camp_launch) by extension 'ignore'
[0.879s] Level 1:colcon.colcon_core.package_identification:_identify(robp_boot_camp_launch) by extension 'ignore_ament_install'
[0.879s] Level 1:colcon.colcon_core.package_identification:_identify(robp_boot_camp_launch) by extensions ['colcon_pkg']
[0.879s] Level 1:colcon.colcon_core.package_identification:_identify(robp_boot_camp_launch) by extension 'colcon_pkg'
[0.879s] Level 1:colcon.colcon_core.package_identification:_identify(robp_boot_camp_launch) by extensions ['colcon_meta']
[0.879s] Level 1:colcon.colcon_core.package_identification:_identify(robp_boot_camp_launch) by extension 'colcon_meta'
[0.879s] Level 1:colcon.colcon_core.package_identification:_identify(robp_boot_camp_launch) by extensions ['ros']
[0.879s] Level 1:colcon.colcon_core.package_identification:_identify(robp_boot_camp_launch) by extension 'ros'
[0.879s] DEBUG:colcon.colcon_core.package_identification:Package 'robp_boot_camp_launch' with type 'ros.ament_python' and name 'robp_boot_camp_launch'
[0.880s] Level 1:colcon.colcon_core.package_identification:_identify(robp_interfaces) by extensions ['ignore', 'ignore_ament_install']
[0.880s] Level 1:colcon.colcon_core.package_identification:_identify(robp_interfaces) by extension 'ignore'
[0.880s] Level 1:colcon.colcon_core.package_identification:_identify(robp_interfaces) by extension 'ignore_ament_install'
[0.880s] Level 1:colcon.colcon_core.package_identification:_identify(robp_interfaces) by extensions ['colcon_pkg']
[0.880s] Level 1:colcon.colcon_core.package_identification:_identify(robp_interfaces) by extension 'colcon_pkg'
[0.880s] Level 1:colcon.colcon_core.package_identification:_identify(robp_interfaces) by extensions ['colcon_meta']
[0.880s] Level 1:colcon.colcon_core.package_identification:_identify(robp_interfaces) by extension 'colcon_meta'
[0.880s] Level 1:colcon.colcon_core.package_identification:_identify(robp_interfaces) by extensions ['ros']
[0.880s] Level 1:colcon.colcon_core.package_identification:_identify(robp_interfaces) by extension 'ros'
[0.880s] DEBUG:colcon.colcon_core.package_identification:Package 'robp_interfaces' with type 'ros.ament_cmake' and name 'robp_interfaces'
[0.880s] Level 1:colcon.colcon_core.package_identification:_identify(robp_launch) by extensions ['ignore', 'ignore_ament_install']
[0.880s] Level 1:colcon.colcon_core.package_identification:_identify(robp_launch) by extension 'ignore'
[0.880s] Level 1:colcon.colcon_core.package_identification:_identify(robp_launch) by extension 'ignore_ament_install'
[0.880s] Level 1:colcon.colcon_core.package_identification:_identify(robp_launch) by extensions ['colcon_pkg']
[0.880s] Level 1:colcon.colcon_core.package_identification:_identify(robp_launch) by extension 'colcon_pkg'
[0.880s] Level 1:colcon.colcon_core.package_identification:_identify(robp_launch) by extensions ['colcon_meta']
[0.880s] Level 1:colcon.colcon_core.package_identification:_identify(robp_launch) by extension 'colcon_meta'
[0.880s] Level 1:colcon.colcon_core.package_identification:_identify(robp_launch) by extensions ['ros']
[0.880s] Level 1:colcon.colcon_core.package_identification:_identify(robp_launch) by extension 'ros'
[0.881s] DEBUG:colcon.colcon_core.package_identification:Package 'robp_launch' with type 'ros.ament_python' and name 'robp_launch'
[0.881s] Level 1:colcon.colcon_core.package_identification:_identify(robp_phidgets) by extensions ['ignore', 'ignore_ament_install']
[0.881s] Level 1:colcon.colcon_core.package_identification:_identify(robp_phidgets) by extension 'ignore'
[0.881s] Level 1:colcon.colcon_core.package_identification:_identify(robp_phidgets) by extension 'ignore_ament_install'
[0.881s] Level 1:colcon.colcon_core.package_identification:_identify(robp_phidgets) by extensions ['colcon_pkg']
[0.881s] Level 1:colcon.colcon_core.package_identification:_identify(robp_phidgets) by extension 'colcon_pkg'
[0.881s] Level 1:colcon.colcon_core.package_identification:_identify(robp_phidgets) by extensions ['colcon_meta']
[0.881s] Level 1:colcon.colcon_core.package_identification:_identify(robp_phidgets) by extension 'colcon_meta'
[0.881s] Level 1:colcon.colcon_core.package_identification:_identify(robp_phidgets) by extensions ['ros']
[0.881s] Level 1:colcon.colcon_core.package_identification:_identify(robp_phidgets) by extension 'ros'
[0.882s] DEBUG:colcon.colcon_core.package_identification:Package 'robp_phidgets' with type 'ros.ament_cmake' and name 'robp_phidgets'
[0.882s] Level 1:colcon.colcon_core.package_identification:_identify(rplidar_ros) by extensions ['ignore', 'ignore_ament_install']
[0.882s] Level 1:colcon.colcon_core.package_identification:_identify(rplidar_ros) by extension 'ignore'
[0.882s] Level 1:colcon.colcon_core.package_identification:_identify(rplidar_ros) by extension 'ignore_ament_install'
[0.882s] Level 1:colcon.colcon_core.package_identification:_identify(rplidar_ros) by extensions ['colcon_pkg']
[0.882s] Level 1:colcon.colcon_core.package_identification:_identify(rplidar_ros) by extension 'colcon_pkg'
[0.882s] Level 1:colcon.colcon_core.package_identification:_identify(rplidar_ros) by extensions ['colcon_meta']
[0.882s] Level 1:colcon.colcon_core.package_identification:_identify(rplidar_ros) by extension 'colcon_meta'
[0.882s] Level 1:colcon.colcon_core.package_identification:_identify(rplidar_ros) by extensions ['ros']
[0.882s] Level 1:colcon.colcon_core.package_identification:_identify(rplidar_ros) by extension 'ros'
[0.882s] DEBUG:colcon.colcon_core.package_identification:Package 'rplidar_ros' with type 'ros.ament_cmake' and name 'rplidar_ros'
[0.882s] Level 1:colcon.colcon_core.package_discovery:discover_packages(recursive) using defaults
[0.882s] Level 1:colcon.colcon_core.package_discovery:discover_packages(ignore) discover
[0.882s] Level 1:colcon.colcon_core.package_discovery:discover_packages(ignore) using defaults
[0.882s] Level 1:colcon.colcon_core.package_discovery:discover_packages(path) discover
[0.882s] Level 1:colcon.colcon_core.package_discovery:discover_packages(path) using defaults
[0.952s] Level 5:colcon.colcon_core.verb:set package 'aruco' build argument 'cmake_args' from command line to 'None'
[0.952s] Level 5:colcon.colcon_core.verb:set package 'aruco' build argument 'cmake_target' from command line to 'None'
[0.952s] Level 5:colcon.colcon_core.verb:set package 'aruco' build argument 'cmake_target_skip_unavailable' from command line to 'False'
[0.952s] Level 5:colcon.colcon_core.verb:set package 'aruco' build argument 'cmake_clean_cache' from command line to 'False'
[0.952s] Level 5:colcon.colcon_core.verb:set package 'aruco' build argument 'cmake_clean_first' from command line to 'False'
[0.952s] Level 5:colcon.colcon_core.verb:set package 'aruco' build argument 'cmake_force_configure' from command line to 'False'
[0.952s] Level 5:colcon.colcon_core.verb:set package 'aruco' build argument 'ament_cmake_args' from command line to 'None'
[0.952s] Level 5:colcon.colcon_core.verb:set package 'aruco' build argument 'catkin_cmake_args' from command line to 'None'
[0.952s] Level 5:colcon.colcon_core.verb:set package 'aruco' build argument 'catkin_skip_building_tests' from command line to 'False'
[0.952s] DEBUG:colcon.colcon_core.verb:Building package 'aruco' with the following arguments: {'ament_cmake_args': None, 'build_base': '/home/grumpy/dd2419_ws_Group5_2026/src/build/aruco', 'catkin_cmake_args': None, 'catkin_skip_building_tests': False, 'cmake_args': None, 'cmake_clean_cache': False, 'cmake_clean_first': False, 'cmake_force_configure': False, 'cmake_target': None, 'cmake_target_skip_unavailable': False, 'install_base': '/home/grumpy/dd2419_ws_Group5_2026/src/install/aruco', 'merge_install': False, 'path': '/home/grumpy/dd2419_ws_Group5_2026/src/aruco_ros/aruco', 'symlink_install': False, 'test_result_base': None}
[0.965s] Level 5:colcon.colcon_core.verb:set package 'aruco_msgs' build argument 'cmake_args' from command line to 'None'
[0.965s] Level 5:colcon.colcon_core.verb:set package 'aruco_msgs' build argument 'cmake_target' from command line to 'None'
[0.965s] Level 5:colcon.colcon_core.verb:set package 'aruco_msgs' build argument 'cmake_target_skip_unavailable' from command line to 'False'
[0.965s] Level 5:colcon.colcon_core.verb:set package 'aruco_msgs' build argument 'cmake_clean_cache' from command line to 'False'
[0.965s] Level 5:colcon.colcon_core.verb:set package 'aruco_msgs' build argument 'cmake_clean_first' from command line to 'False'
[0.965s] Level 5:colcon.colcon_core.verb:set package 'aruco_msgs' build argument 'cmake_force_configure' from command line to 'False'
[0.965s] Level 5:colcon.colcon_core.verb:set package 'aruco_msgs' build argument 'ament_cmake_args' from command line to 'None'
[0.965s] Level 5:colcon.colcon_core.verb:set package 'aruco_msgs' build argument 'catkin_cmake_args' from command line to 'None'
[0.965s] Level 5:colcon.colcon_core.verb:set package 'aruco_msgs' build argument 'catkin_skip_building_tests' from command line to 'False'
[0.965s] DEBUG:colcon.colcon_core.verb:Building package 'aruco_msgs' with the following arguments: {'ament_cmake_args': None, 'build_base': '/home/grumpy/dd2419_ws_Group5_2026/src/build/aruco_msgs', 'catkin_cmake_args': None, 'catkin_skip_building_tests': False, 'cmake_args': None, 'cmake_clean_cache': False, 'cmake_clean_first': False, 'cmake_force_configure': False, 'cmake_target': None, 'cmake_target_skip_unavailable': False, 'install_base': '/home/grumpy/dd2419_ws_Group5_2026/src/install/aruco_msgs', 'merge_install': False, 'path': '/home/grumpy/dd2419_ws_Group5_2026/src/aruco_ros/aruco_msgs', 'symlink_install': False, 'test_result_base': None}
[0.978s] Level 5:colcon.colcon_core.verb:set package 'detection' build argument 'cmake_args' from command line to 'None'
[0.978s] Level 5:colcon.colcon_core.verb:set package 'detection' build argument 'cmake_target' from command line to 'None'
[0.978s] Level 5:colcon.colcon_core.verb:set package 'detection' build argument 'cmake_target_skip_unavailable' from command line to 'False'
[0.978s] Level 5:colcon.colcon_core.verb:set package 'detection' build argument 'cmake_clean_cache' from command line to 'False'
[0.978s] Level 5:colcon.colcon_core.verb:set package 'detection' build argument 'cmake_clean_first' from command line to 'False'
[0.978s] Level 5:colcon.colcon_core.verb:set package 'detection' build argument 'cmake_force_configure' from command line to 'False'
[0.978s] Level 5:colcon.colcon_core.verb:set package 'detection' build argument 'ament_cmake_args' from command line to 'None'
[0.978s] Level 5:colcon.colcon_core.verb:set package 'detection' build argument 'catkin_cmake_args' from command line to 'None'
[0.978s] Level 5:colcon.colcon_core.verb:set package 'detection' build argument 'catkin_skip_building_tests' from command line to 'False'
[0.978s] DEBUG:colcon.colcon_core.verb:Building package 'detection' with the following arguments: {'ament_cmake_args': None, 'build_base': '/home/grumpy/dd2419_ws_Group5_2026/src/build/detection', 'catkin_cmake_args': None, 'catkin_skip_building_tests': False, 'cmake_args': None, 'cmake_clean_cache': False, 'cmake_clean_first': False, 'cmake_force_configure': False, 'cmake_target': None, 'cmake_target_skip_unavailable': False, 'install_base': '/home/grumpy/dd2419_ws_Group5_2026/src/install/detection', 'merge_install': False, 'path': '/home/grumpy/dd2419_ws_Group5_2026/src/detection', 'symlink_install': False, 'test_result_base': None}
[0.991s] Level 5:colcon.colcon_core.verb:set package 'keyboard' build argument 'cmake_args' from command line to 'None'
[0.991s] Level 5:colcon.colcon_core.verb:set package 'keyboard' build argument 'cmake_target' from command line to 'None'
[0.991s] Level 5:colcon.colcon_core.verb:set package 'keyboard' build argument 'cmake_target_skip_unavailable' from command line to 'False'
[0.991s] Level 5:colcon.colcon_core.verb:set package 'keyboard' build argument 'cmake_clean_cache' from command line to 'False'
[0.991s] Level 5:colcon.colcon_core.verb:set package 'keyboard' build argument 'cmake_clean_first' from command line to 'False'
[0.991s] Level 5:colcon.colcon_core.verb:set package 'keyboard' build argument 'cmake_force_configure' from command line to 'False'
[0.991s] Level 5:colcon.colcon_core.verb:set package 'keyboard' build argument 'ament_cmake_args' from command line to 'None'
[0.991s] Level 5:colcon.colcon_core.verb:set package 'keyboard' build argument 'catkin_cmake_args' from command line to 'None'
[0.991s] Level 5:colcon.colcon_core.verb:set package 'keyboard' build argument 'catkin_skip_building_tests' from command line to 'False'
[0.991s] DEBUG:colcon.colcon_core.verb:Building package 'keyboard' with the following arguments: {'ament_cmake_args': None, 'build_base': '/home/grumpy/dd2419_ws_Group5_2026/src/build/keyboard', 'catkin_cmake_args': None, 'catkin_skip_building_tests': False, 'cmake_args': None, 'cmake_clean_cache': False, 'cmake_clean_first': False, 'cmake_force_configure': False, 'cmake_target': None, 'cmake_target_skip_unavailable': False, 'install_base': '/home/grumpy/dd2419_ws_Group5_2026/src/install/keyboard', 'merge_install': False, 'path': '/home/grumpy/dd2419_ws_Group5_2026/src/keyboard', 'symlink_install': False, 'test_result_base': None}
[1.004s] Level 5:colcon.colcon_core.verb:set package 'learning_tf2_py' build argument 'cmake_args' from command line to 'None'
[1.004s] Level 5:colcon.colcon_core.verb:set package 'learning_tf2_py' build argument 'cmake_target' from command line to 'None'
[1.004s] Level 5:colcon.colcon_core.verb:set package 'learning_tf2_py' build argument 'cmake_target_skip_unavailable' from command line to 'False'
[1.004s] Level 5:colcon.colcon_core.verb:set package 'learning_tf2_py' build argument 'cmake_clean_cache' from command line to 'False'
[1.004s] Level 5:colcon.colcon_core.verb:set package 'learning_tf2_py' build argument 'cmake_clean_first' from command line to 'False'
[1.004s] Level 5:colcon.colcon_core.verb:set package 'learning_tf2_py' build argument 'cmake_force_configure' from command line to 'False'
[1.004s] Level 5:colcon.colcon_core.verb:set package 'learning_tf2_py' build argument 'ament_cmake_args' from command line to 'None'
[1.004s] Level 5:colcon.colcon_core.verb:set package 'learning_tf2_py' build argument 'catkin_cmake_args' from command line to 'None'
[1.004s] Level 5:colcon.colcon_core.verb:set package 'learning_tf2_py' build argument 'catkin_skip_building_tests' from command line to 'False'
[1.004s] DEBUG:colcon.colcon_core.verb:Building package 'learning_tf2_py' with the following arguments: {'ament_cmake_args': None, 'build_base': '/home/grumpy/dd2419_ws_Group5_2026/src/build/learning_tf2_py', 'catkin_cmake_args': None, 'catkin_skip_building_tests': False, 'cmake_args': None, 'cmake_clean_cache': False, 'cmake_clean_first': False, 'cmake_force_configure': False, 'cmake_target': None, 'cmake_target_skip_unavailable': False, 'install_base': '/home/grumpy/dd2419_ws_Group5_2026/src/install/learning_tf2_py', 'merge_install': False, 'path': '/home/grumpy/dd2419_ws_Group5_2026/src/learning_tf2_py', 'symlink_install': False, 'test_result_base': None}
[1.017s] Level 5:colcon.colcon_core.verb:set package 'libphidget22' build argument 'cmake_args' from command line to 'None'
[1.017s] Level 5:colcon.colcon_core.verb:set package 'libphidget22' build argument 'cmake_target' from command line to 'None'
[1.017s] Level 5:colcon.colcon_core.verb:set package 'libphidget22' build argument 'cmake_target_skip_unavailable' from command line to 'False'
[1.017s] Level 5:colcon.colcon_core.verb:set package 'libphidget22' build argument 'cmake_clean_cache' from command line to 'False'
[1.017s] Level 5:colcon.colcon_core.verb:set package 'libphidget22' build argument 'cmake_clean_first' from command line to 'False'
[1.017s] Level 5:colcon.colcon_core.verb:set package 'libphidget22' build argument 'cmake_force_configure' from command line to 'False'
[1.017s] Level 5:colcon.colcon_core.verb:set package 'libphidget22' build argument 'ament_cmake_args' from command line to 'None'
[1.017s] Level 5:colcon.colcon_core.verb:set package 'libphidget22' build argument 'catkin_cmake_args' from command line to 'None'
[1.017s] Level 5:colcon.colcon_core.verb:set package 'libphidget22' build argument 'catkin_skip_building_tests' from command line to 'False'
[1.017s] DEBUG:colcon.colcon_core.verb:Building package 'libphidget22' with the following arguments: {'ament_cmake_args': None, 'build_base': '/home/grumpy/dd2419_ws_Group5_2026/src/build/libphidget22', 'catkin_cmake_args': None, 'catkin_skip_building_tests': False, 'cmake_args': None, 'cmake_clean_cache': False, 'cmake_clean_first': False, 'cmake_force_configure': False, 'cmake_target': None, 'cmake_target_skip_unavailable': False, 'install_base': '/home/grumpy/dd2419_ws_Group5_2026/src/install/libphidget22', 'merge_install': False, 'path': '/home/grumpy/dd2419_ws_Group5_2026/src/phidgets_drivers/libphidget22', 'symlink_install': False, 'test_result_base': None}
[1.030s] Level 5:colcon.colcon_core.verb:set package 'librealsense2' build argument 'cmake_args' from command line to 'None'
[1.030s] Level 5:colcon.colcon_core.verb:set package 'librealsense2' build argument 'cmake_target' from command line to 'None'
[1.030s] Level 5:colcon.colcon_core.verb:set package 'librealsense2' build argument 'cmake_target_skip_unavailable' from command line to 'False'
[1.030s] Level 5:colcon.colcon_core.verb:set package 'librealsense2' build argument 'cmake_clean_cache' from command line to 'False'
[1.030s] Level 5:colcon.colcon_core.verb:set package 'librealsense2' build argument 'cmake_clean_first' from command line to 'False'
[1.030s] Level 5:colcon.colcon_core.verb:set package 'librealsense2' build argument 'cmake_force_configure' from command line to 'False'
[1.030s] Level 5:colcon.colcon_core.verb:set package 'librealsense2' build argument 'ament_cmake_args' from command line to 'None'
[1.030s] Level 5:colcon.colcon_core.verb:set package 'librealsense2' build argument 'catkin_cmake_args' from command line to 'None'
[1.030s] Level 5:colcon.colcon_core.verb:set package 'librealsense2' build argument 'catkin_skip_building_tests' from command line to 'False'
[1.030s] DEBUG:colcon.colcon_core.verb:Building package 'librealsense2' with the following arguments: {'ament_cmake_args': None, 'build_base': '/home/grumpy/dd2419_ws_Group5_2026/src/build/librealsense2', 'catkin_cmake_args': None, 'catkin_skip_building_tests': False, 'cmake_args': None, 'cmake_clean_cache': False, 'cmake_clean_first': False, 'cmake_force_configure': False, 'cmake_target': None, 'cmake_target_skip_unavailable': False, 'install_base': '/home/grumpy/dd2419_ws_Group5_2026/src/install/librealsense2', 'merge_install': False, 'path': '/home/grumpy/dd2419_ws_Group5_2026/src/librealsense', 'symlink_install': False, 'test_result_base': None}
[1.043s] Level 5:colcon.colcon_core.verb:set package 'phidgets_msgs' build argument 'cmake_args' from command line to 'None'
[1.043s] Level 5:colcon.colcon_core.verb:set package 'phidgets_msgs' build argument 'cmake_target' from command line to 'None'
[1.043s] Level 5:colcon.colcon_core.verb:set package 'phidgets_msgs' build argument 'cmake_target_skip_unavailable' from command line to 'False'
[1.043s] Level 5:colcon.colcon_core.verb:set package 'phidgets_msgs' build argument 'cmake_clean_cache' from command line to 'False'
[1.043s] Level 5:colcon.colcon_core.verb:set package 'phidgets_msgs' build argument 'cmake_clean_first' from command line to 'False'
[1.043s] Level 5:colcon.colcon_core.verb:set package 'phidgets_msgs' build argument 'cmake_force_configure' from command line to 'False'
[1.043s] Level 5:colcon.colcon_core.verb:set package 'phidgets_msgs' build argument 'ament_cmake_args' from command line to 'None'
[1.043s] Level 5:colcon.colcon_core.verb:set package 'phidgets_msgs' build argument 'catkin_cmake_args' from command line to 'None'
[1.043s] Level 5:colcon.colcon_core.verb:set package 'phidgets_msgs' build argument 'catkin_skip_building_tests' from command line to 'False'
[1.043s] DEBUG:colcon.colcon_core.verb:Building package 'phidgets_msgs' with the following arguments: {'ament_cmake_args': None, 'build_base': '/home/grumpy/dd2419_ws_Group5_2026/src/build/phidgets_msgs', 'catkin_cmake_args': None, 'catkin_skip_building_tests': False, 'cmake_args': None, 'cmake_clean_cache': False, 'cmake_clean_first': False, 'cmake_force_configure': False, 'cmake_target': None, 'cmake_target_skip_unavailable': False, 'install_base': '/home/grumpy/dd2419_ws_Group5_2026/src/install/phidgets_msgs', 'merge_install': False, 'path': '/home/grumpy/dd2419_ws_Group5_2026/src/phidgets_drivers/phidgets_msgs', 'symlink_install': False, 'test_result_base': None}
[1.056s] Level 5:colcon.colcon_core.verb:set package 'realsense2_camera_msgs' build argument 'cmake_args' from command line to 'None'
[1.056s] Level 5:colcon.colcon_core.verb:set package 'realsense2_camera_msgs' build argument 'cmake_target' from command line to 'None'
[1.056s] Level 5:colcon.colcon_core.verb:set package 'realsense2_camera_msgs' build argument 'cmake_target_skip_unavailable' from command line to 'False'
[1.056s] Level 5:colcon.colcon_core.verb:set package 'realsense2_camera_msgs' build argument 'cmake_clean_cache' from command line to 'False'
[1.056s] Level 5:colcon.colcon_core.verb:set package 'realsense2_camera_msgs' build argument 'cmake_clean_first' from command line to 'False'
[1.056s] Level 5:colcon.colcon_core.verb:set package 'realsense2_camera_msgs' build argument 'cmake_force_configure' from command line to 'False'
[1.056s] Level 5:colcon.colcon_core.verb:set package 'realsense2_camera_msgs' build argument 'ament_cmake_args' from command line to 'None'
[1.056s] Level 5:colcon.colcon_core.verb:set package 'realsense2_camera_msgs' build argument 'catkin_cmake_args' from command line to 'None'
[1.056s] Level 5:colcon.colcon_core.verb:set package 'realsense2_camera_msgs' build argument 'catkin_skip_building_tests' from command line to 'False'
[1.056s] DEBUG:colcon.colcon_core.verb:Building package 'realsense2_camera_msgs' with the following arguments: {'ament_cmake_args': None, 'build_base': '/home/grumpy/dd2419_ws_Group5_2026/src/build/realsense2_camera_msgs', 'catkin_cmake_args': None, 'catkin_skip_building_tests': False, 'cmake_args': None, 'cmake_clean_cache': False, 'cmake_clean_first': False, 'cmake_force_configure': False, 'cmake_target': None, 'cmake_target_skip_unavailable': False, 'install_base': '/home/grumpy/dd2419_ws_Group5_2026/src/install/realsense2_camera_msgs', 'merge_install': False, 'path': '/home/grumpy/dd2419_ws_Group5_2026/src/realsense-ros/realsense2_camera_msgs', 'symlink_install': False, 'test_result_base': None}
[1.069s] Level 5:colcon.colcon_core.verb:set package 'realsense2_ros_mqtt_bridge' build argument 'cmake_args' from command line to 'None'
[1.069s] Level 5:colcon.colcon_core.verb:set package 'realsense2_ros_mqtt_bridge' build argument 'cmake_target' from command line to 'None'
[1.069s] Level 5:colcon.colcon_core.verb:set package 'realsense2_ros_mqtt_bridge' build argument 'cmake_target_skip_unavailable' from command line to 'False'
[1.069s] Level 5:colcon.colcon_core.verb:set package 'realsense2_ros_mqtt_bridge' build argument 'cmake_clean_cache' from command line to 'False'
[1.069s] Level 5:colcon.colcon_core.verb:set package 'realsense2_ros_mqtt_bridge' build argument 'cmake_clean_first' from command line to 'False'
[1.069s] Level 5:colcon.colcon_core.verb:set package 'realsense2_ros_mqtt_bridge' build argument 'cmake_force_configure' from command line to 'False'
[1.069s] Level 5:colcon.colcon_core.verb:set package 'realsense2_ros_mqtt_bridge' build argument 'ament_cmake_args' from command line to 'None'
[1.069s] Level 5:colcon.colcon_core.verb:set package 'realsense2_ros_mqtt_bridge' build argument 'catkin_cmake_args' from command line to 'None'
[1.069s] Level 5:colcon.colcon_core.verb:set package 'realsense2_ros_mqtt_bridge' build argument 'catkin_skip_building_tests' from command line to 'False'
[1.069s] DEBUG:colcon.colcon_core.verb:Building package 'realsense2_ros_mqtt_bridge' with the following arguments: {'ament_cmake_args': None, 'build_base': '/home/grumpy/dd2419_ws_Group5_2026/src/build/realsense2_ros_mqtt_bridge', 'catkin_cmake_args': None, 'catkin_skip_building_tests': False, 'cmake_args': None, 'cmake_clean_cache': False, 'cmake_clean_first': False, 'cmake_force_configure': False, 'cmake_target': None, 'cmake_target_skip_unavailable': False, 'install_base': '/home/grumpy/dd2419_ws_Group5_2026/src/install/realsense2_ros_mqtt_bridge', 'merge_install': False, 'path': '/home/grumpy/dd2419_ws_Group5_2026/src/realsense-ros/realsense2_ros_mqtt_bridge', 'symlink_install': False, 'test_result_base': None}
[1.082s] Level 5:colcon.colcon_core.verb:set package 'robp_autocomplete' build argument 'cmake_args' from command line to 'None'
[1.082s] Level 5:colcon.colcon_core.verb:set package 'robp_autocomplete' build argument 'cmake_target' from command line to 'None'
[1.082s] Level 5:colcon.colcon_core.verb:set package 'robp_autocomplete' build argument 'cmake_target_skip_unavailable' from command line to 'False'
[1.082s] Level 5:colcon.colcon_core.verb:set package 'robp_autocomplete' build argument 'cmake_clean_cache' from command line to 'False'
[1.082s] Level 5:colcon.colcon_core.verb:set package 'robp_autocomplete' build argument 'cmake_clean_first' from command line to 'False'
[1.082s] Level 5:colcon.colcon_core.verb:set package 'robp_autocomplete' build argument 'cmake_force_configure' from command line to 'False'
[1.082s] Level 5:colcon.colcon_core.verb:set package 'robp_autocomplete' build argument 'ament_cmake_args' from command line to 'None'
[1.082s] Level 5:colcon.colcon_core.verb:set package 'robp_autocomplete' build argument 'catkin_cmake_args' from command line to 'None'
[1.083s] Level 5:colcon.colcon_core.verb:set package 'robp_autocomplete' build argument 'catkin_skip_building_tests' from command line to 'False'
[1.083s] DEBUG:colcon.colcon_core.verb:Building package 'robp_autocomplete' with the following arguments: {'ament_cmake_args': None, 'build_base': '/home/grumpy/dd2419_ws_Group5_2026/src/build/robp_autocomplete', 'catkin_cmake_args': None, 'catkin_skip_building_tests': False, 'cmake_args': None, 'cmake_clean_cache': False, 'cmake_clean_first': False, 'cmake_force_configure': False, 'cmake_target': None, 'cmake_target_skip_unavailable': False, 'install_base': '/home/grumpy/dd2419_ws_Group5_2026/src/install/robp_autocomplete', 'merge_install': False, 'path': '/home/grumpy/dd2419_ws_Group5_2026/src/robp_autocomplete', 'symlink_install': False, 'test_result_base': None}
[1.096s] Level 5:colcon.colcon_core.verb:set package 'robp_interfaces' build argument 'cmake_args' from command line to 'None'
[1.096s] Level 5:colcon.colcon_core.verb:set package 'robp_interfaces' build argument 'cmake_target' from command line to 'None'
[1.096s] Level 5:colcon.colcon_core.verb:set package 'robp_interfaces' build argument 'cmake_target_skip_unavailable' from command line to 'False'
[1.096s] Level 5:colcon.colcon_core.verb:set package 'robp_interfaces' build argument 'cmake_clean_cache' from command line to 'False'
[1.096s] Level 5:colcon.colcon_core.verb:set package 'robp_interfaces' build argument 'cmake_clean_first' from command line to 'False'
[1.096s] Level 5:colcon.colcon_core.verb:set package 'robp_interfaces' build argument 'cmake_force_configure' from command line to 'False'
[1.096s] Level 5:colcon.colcon_core.verb:set package 'robp_interfaces' build argument 'ament_cmake_args' from command line to 'None'
[1.096s] Level 5:colcon.colcon_core.verb:set package 'robp_interfaces' build argument 'catkin_cmake_args' from command line to 'None'
[1.096s] Level 5:colcon.colcon_core.verb:set package 'robp_interfaces' build argument 'catkin_skip_building_tests' from command line to 'False'
[1.096s] DEBUG:colcon.colcon_core.verb:Building package 'robp_interfaces' with the following arguments: {'ament_cmake_args': None, 'build_base': '/home/grumpy/dd2419_ws_Group5_2026/src/build/robp_interfaces', 'catkin_cmake_args': None, 'catkin_skip_building_tests': False, 'cmake_args': None, 'cmake_clean_cache': False, 'cmake_clean_first': False, 'cmake_force_configure': False, 'cmake_target': None, 'cmake_target_skip_unavailable': False, 'install_base': '/home/grumpy/dd2419_ws_Group5_2026/src/install/robp_interfaces', 'merge_install': False, 'path': '/home/grumpy/dd2419_ws_Group5_2026/src/robp_interfaces', 'symlink_install': False, 'test_result_base': None}
[1.109s] Level 5:colcon.colcon_core.verb:set package 'robp_launch' build argument 'cmake_args' from command line to 'None'
[1.109s] Level 5:colcon.colcon_core.verb:set package 'robp_launch' build argument 'cmake_target' from command line to 'None'
[1.109s] Level 5:colcon.colcon_core.verb:set package 'robp_launch' build argument 'cmake_target_skip_unavailable' from command line to 'False'
[1.109s] Level 5:colcon.colcon_core.verb:set package 'robp_launch' build argument 'cmake_clean_cache' from command line to 'False'
[1.109s] Level 5:colcon.colcon_core.verb:set package 'robp_launch' build argument 'cmake_clean_first' from command line to 'False'
[1.109s] Level 5:colcon.colcon_core.verb:set package 'robp_launch' build argument 'cmake_force_configure' from command line to 'False'
[1.109s] Level 5:colcon.colcon_core.verb:set package 'robp_launch' build argument 'ament_cmake_args' from command line to 'None'
[1.109s] Level 5:colcon.colcon_core.verb:set package 'robp_launch' build argument 'catkin_cmake_args' from command line to 'None'
[1.109s] Level 5:colcon.colcon_core.verb:set package 'robp_launch' build argument 'catkin_skip_building_tests' from command line to 'False'
[1.109s] DEBUG:colcon.colcon_core.verb:Building package 'robp_launch' with the following arguments: {'ament_cmake_args': None, 'build_base': '/home/grumpy/dd2419_ws_Group5_2026/src/build/robp_launch', 'catkin_cmake_args': None, 'catkin_skip_building_tests': False, 'cmake_args': None, 'cmake_clean_cache': False, 'cmake_clean_first': False, 'cmake_force_configure': False, 'cmake_target': None, 'cmake_target_skip_unavailable': False, 'install_base': '/home/grumpy/dd2419_ws_Group5_2026/src/install/robp_launch', 'merge_install': False, 'path': '/home/grumpy/dd2419_ws_Group5_2026/src/robp_launch', 'symlink_install': False, 'test_result_base': None}
[1.122s] Level 5:colcon.colcon_core.verb:set package 'rplidar_ros' build argument 'cmake_args' from command line to 'None'
[1.122s] Level 5:colcon.colcon_core.verb:set package 'rplidar_ros' build argument 'cmake_target' from command line to 'None'
[1.122s] Level 5:colcon.colcon_core.verb:set package 'rplidar_ros' build argument 'cmake_target_skip_unavailable' from command line to 'False'
[1.122s] Level 5:colcon.colcon_core.verb:set package 'rplidar_ros' build argument 'cmake_clean_cache' from command line to 'False'
[1.122s] Level 5:colcon.colcon_core.verb:set package 'rplidar_ros' build argument 'cmake_clean_first' from command line to 'False'
[1.122s] Level 5:colcon.colcon_core.verb:set package 'rplidar_ros' build argument 'cmake_force_configure' from command line to 'False'
[1.122s] Level 5:colcon.colcon_core.verb:set package 'rplidar_ros' build argument 'ament_cmake_args' from command line to 'None'
[1.122s] Level 5:colcon.colcon_core.verb:set package 'rplidar_ros' build argument 'catkin_cmake_args' from command line to 'None'
[1.122s] Level 5:colcon.colcon_core.verb:set package 'rplidar_ros' build argument 'catkin_skip_building_tests' from command line to 'False'
[1.122s] DEBUG:colcon.colcon_core.verb:Building package 'rplidar_ros' with the following arguments: {'ament_cmake_args': None, 'build_base': '/home/grumpy/dd2419_ws_Group5_2026/src/build/rplidar_ros', 'catkin_cmake_args': None, 'catkin_skip_building_tests': False, 'cmake_args': None, 'cmake_clean_cache': False, 'cmake_clean_first': False, 'cmake_force_configure': False, 'cmake_target': None, 'cmake_target_skip_unavailable': False, 'install_base': '/home/grumpy/dd2419_ws_Group5_2026/src/install/rplidar_ros', 'merge_install': False, 'path': '/home/grumpy/dd2419_ws_Group5_2026/src/rplidar_ros', 'symlink_install': False, 'test_result_base': None}
[1.135s] Level 5:colcon.colcon_core.verb:set package 'aruco_ros' build argument 'cmake_args' from command line to 'None'
[1.135s] Level 5:colcon.colcon_core.verb:set package 'aruco_ros' build argument 'cmake_target' from command line to 'None'
[1.135s] Level 5:colcon.colcon_core.verb:set package 'aruco_ros' build argument 'cmake_target_skip_unavailable' from command line to 'False'
[1.135s] Level 5:colcon.colcon_core.verb:set package 'aruco_ros' build argument 'cmake_clean_cache' from command line to 'False'
[1.135s] Level 5:colcon.colcon_core.verb:set package 'aruco_ros' build argument 'cmake_clean_first' from command line to 'False'
[1.135s] Level 5:colcon.colcon_core.verb:set package 'aruco_ros' build argument 'cmake_force_configure' from command line to 'False'
[1.135s] Level 5:colcon.colcon_core.verb:set package 'aruco_ros' build argument 'ament_cmake_args' from command line to 'None'
[1.135s] Level 5:colcon.colcon_core.verb:set package 'aruco_ros' build argument 'catkin_cmake_args' from command line to 'None'
[1.135s] Level 5:colcon.colcon_core.verb:set package 'aruco_ros' build argument 'catkin_skip_building_tests' from command line to 'False'
[1.135s] DEBUG:colcon.colcon_core.verb:Building package 'aruco_ros' with the following arguments: {'ament_cmake_args': None, 'build_base': '/home/grumpy/dd2419_ws_Group5_2026/src/build/aruco_ros', 'catkin_cmake_args': None, 'catkin_skip_building_tests': False, 'cmake_args': None, 'cmake_clean_cache': False, 'cmake_clean_first': False, 'cmake_force_configure': False, 'cmake_target': None, 'cmake_target_skip_unavailable': False, 'install_base': '/home/grumpy/dd2419_ws_Group5_2026/src/install/aruco_ros', 'merge_install': False, 'path': '/home/grumpy/dd2419_ws_Group5_2026/src/aruco_ros/aruco_ros', 'symlink_install': False, 'test_result_base': None}
[1.148s] Level 5:colcon.colcon_core.verb:set package 'display_markers' build argument 'cmake_args' from command line to 'None'
[1.148s] Level 5:colcon.colcon_core.verb:set package 'display_markers' build argument 'cmake_target' from command line to 'None'
[1.148s] Level 5:colcon.colcon_core.verb:set package 'display_markers' build argument 'cmake_target_skip_unavailable' from command line to 'False'
[1.148s] Level 5:colcon.colcon_core.verb:set package 'display_markers' build argument 'cmake_clean_cache' from command line to 'False'
[1.148s] Level 5:colcon.colcon_core.verb:set package 'display_markers' build argument 'cmake_clean_first' from command line to 'False'
[1.148s] Level 5:colcon.colcon_core.verb:set package 'display_markers' build argument 'cmake_force_configure' from command line to 'False'
[1.148s] Level 5:colcon.colcon_core.verb:set package 'display_markers' build argument 'ament_cmake_args' from command line to 'None'
[1.148s] Level 5:colcon.colcon_core.verb:set package 'display_markers' build argument 'catkin_cmake_args' from command line to 'None'
[1.148s] Level 5:colcon.colcon_core.verb:set package 'display_markers' build argument 'catkin_skip_building_tests' from command line to 'False'
[1.148s] DEBUG:colcon.colcon_core.verb:Building package 'display_markers' with the following arguments: {'ament_cmake_args': None, 'build_base': '/home/grumpy/dd2419_ws_Group5_2026/src/build/display_markers', 'catkin_cmake_args': None, 'catkin_skip_building_tests': False, 'cmake_args': None, 'cmake_clean_cache': False, 'cmake_clean_first': False, 'cmake_force_configure': False, 'cmake_target': None, 'cmake_target_skip_unavailable': False, 'install_base': '/home/grumpy/dd2419_ws_Group5_2026/src/install/display_markers', 'merge_install': False, 'path': '/home/grumpy/dd2419_ws_Group5_2026/src/display_markers', 'symlink_install': False, 'test_result_base': None}
[1.161s] Level 5:colcon.colcon_core.verb:set package 'odometry' build argument 'cmake_args' from command line to 'None'
[1.161s] Level 5:colcon.colcon_core.verb:set package 'odometry' build argument 'cmake_target' from command line to 'None'
[1.161s] Level 5:colcon.colcon_core.verb:set package 'odometry' build argument 'cmake_target_skip_unavailable' from command line to 'False'
[1.161s] Level 5:colcon.colcon_core.verb:set package 'odometry' build argument 'cmake_clean_cache' from command line to 'False'
[1.161s] Level 5:colcon.colcon_core.verb:set package 'odometry' build argument 'cmake_clean_first' from command line to 'False'
[1.161s] Level 5:colcon.colcon_core.verb:set package 'odometry' build argument 'cmake_force_configure' from command line to 'False'
[1.161s] Level 5:colcon.colcon_core.verb:set package 'odometry' build argument 'ament_cmake_args' from command line to 'None'
[1.161s] Level 5:colcon.colcon_core.verb:set package 'odometry' build argument 'catkin_cmake_args' from command line to 'None'
[1.161s] Level 5:colcon.colcon_core.verb:set package 'odometry' build argument 'catkin_skip_building_tests' from command line to 'False'
[1.161s] DEBUG:colcon.colcon_core.verb:Building package 'odometry' with the following arguments: {'ament_cmake_args': None, 'build_base': '/home/grumpy/dd2419_ws_Group5_2026/src/build/odometry', 'catkin_cmake_args': None, 'catkin_skip_building_tests': False, 'cmake_args': None, 'cmake_clean_cache': False, 'cmake_clean_first': False, 'cmake_force_configure': False, 'cmake_target': None, 'cmake_target_skip_unavailable': False, 'install_base': '/home/grumpy/dd2419_ws_Group5_2026/src/install/odometry', 'merge_install': False, 'path': '/home/grumpy/dd2419_ws_Group5_2026/src/odometry', 'symlink_install': False, 'test_result_base': None}
[1.174s] Level 5:colcon.colcon_core.verb:set package 'phidgets_api' build argument 'cmake_args' from command line to 'None'
[1.174s] Level 5:colcon.colcon_core.verb:set package 'phidgets_api' build argument 'cmake_target' from command line to 'None'
[1.174s] Level 5:colcon.colcon_core.verb:set package 'phidgets_api' build argument 'cmake_target_skip_unavailable' from command line to 'False'
[1.174s] Level 5:colcon.colcon_core.verb:set package 'phidgets_api' build argument 'cmake_clean_cache' from command line to 'False'
[1.174s] Level 5:colcon.colcon_core.verb:set package 'phidgets_api' build argument 'cmake_clean_first' from command line to 'False'
[1.174s] Level 5:colcon.colcon_core.verb:set package 'phidgets_api' build argument 'cmake_force_configure' from command line to 'False'
[1.174s] Level 5:colcon.colcon_core.verb:set package 'phidgets_api' build argument 'ament_cmake_args' from command line to 'None'
[1.174s] Level 5:colcon.colcon_core.verb:set package 'phidgets_api' build argument 'catkin_cmake_args' from command line to 'None'
[1.174s] Level 5:colcon.colcon_core.verb:set package 'phidgets_api' build argument 'catkin_skip_building_tests' from command line to 'False'
[1.174s] DEBUG:colcon.colcon_core.verb:Building package 'phidgets_api' with the following arguments: {'ament_cmake_args': None, 'build_base': '/home/grumpy/dd2419_ws_Group5_2026/src/build/phidgets_api', 'catkin_cmake_args': None, 'catkin_skip_building_tests': False, 'cmake_args': None, 'cmake_clean_cache': False, 'cmake_clean_first': False, 'cmake_force_configure': False, 'cmake_target': None, 'cmake_target_skip_unavailable': False, 'install_base': '/home/grumpy/dd2419_ws_Group5_2026/src/install/phidgets_api', 'merge_install': False, 'path': '/home/grumpy/dd2419_ws_Group5_2026/src/phidgets_drivers/phidgets_api', 'symlink_install': False, 'test_result_base': None}
[1.187s] Level 5:colcon.colcon_core.verb:set package 'realsense2_camera' build argument 'cmake_args' from command line to 'None'
[1.187s] Level 5:colcon.colcon_core.verb:set package 'realsense2_camera' build argument 'cmake_target' from command line to 'None'
[1.187s] Level 5:colcon.colcon_core.verb:set package 'realsense2_camera' build argument 'cmake_target_skip_unavailable' from command line to 'False'
[1.187s] Level 5:colcon.colcon_core.verb:set package 'realsense2_camera' build argument 'cmake_clean_cache' from command line to 'False'
[1.187s] Level 5:colcon.colcon_core.verb:set package 'realsense2_camera' build argument 'cmake_clean_first' from command line to 'False'
[1.187s] Level 5:colcon.colcon_core.verb:set package 'realsense2_camera' build argument 'cmake_force_configure' from command line to 'False'
[1.187s] Level 5:colcon.colcon_core.verb:set package 'realsense2_camera' build argument 'ament_cmake_args' from command line to 'None'
[1.187s] Level 5:colcon.colcon_core.verb:set package 'realsense2_camera' build argument 'catkin_cmake_args' from command line to 'None'
[1.187s] Level 5:colcon.colcon_core.verb:set package 'realsense2_camera' build argument 'catkin_skip_building_tests' from command line to 'False'
[1.187s] DEBUG:colcon.colcon_core.verb:Building package 'realsense2_camera' with the following arguments: {'ament_cmake_args': None, 'build_base': '/home/grumpy/dd2419_ws_Group5_2026/src/build/realsense2_camera', 'catkin_cmake_args': None, 'catkin_skip_building_tests': False, 'cmake_args': None, 'cmake_clean_cache': False, 'cmake_clean_first': False, 'cmake_force_configure': False, 'cmake_target': None, 'cmake_target_skip_unavailable': False, 'install_base': '/home/grumpy/dd2419_ws_Group5_2026/src/install/realsense2_camera', 'merge_install': False, 'path': '/home/grumpy/dd2419_ws_Group5_2026/src/realsense-ros/realsense2_camera', 'symlink_install': False, 'test_result_base': None}
[1.200s] Level 5:colcon.colcon_core.verb:set package 'realsense2_description' build argument 'cmake_args' from command line to 'None'
[1.200s] Level 5:colcon.colcon_core.verb:set package 'realsense2_description' build argument 'cmake_target' from command line to 'None'
[1.200s] Level 5:colcon.colcon_core.verb:set package 'realsense2_description' build argument 'cmake_target_skip_unavailable' from command line to 'False'
[1.200s] Level 5:colcon.colcon_core.verb:set package 'realsense2_description' build argument 'cmake_clean_cache' from command line to 'False'
[1.200s] Level 5:colcon.colcon_core.verb:set package 'realsense2_description' build argument 'cmake_clean_first' from command line to 'False'
[1.200s] Level 5:colcon.colcon_core.verb:set package 'realsense2_description' build argument 'cmake_force_configure' from command line to 'False'
[1.200s] Level 5:colcon.colcon_core.verb:set package 'realsense2_description' build argument 'ament_cmake_args' from command line to 'None'
[1.200s] Level 5:colcon.colcon_core.verb:set package 'realsense2_description' build argument 'catkin_cmake_args' from command line to 'None'
[1.200s] Level 5:colcon.colcon_core.verb:set package 'realsense2_description' build argument 'catkin_skip_building_tests' from command line to 'False'
[1.200s] DEBUG:colcon.colcon_core.verb:Building package 'realsense2_description' with the following arguments: {'ament_cmake_args': None, 'build_base': '/home/grumpy/dd2419_ws_Group5_2026/src/build/realsense2_description', 'catkin_cmake_args': None, 'catkin_skip_building_tests': False, 'cmake_args': None, 'cmake_clean_cache': False, 'cmake_clean_first': False, 'cmake_force_configure': False, 'cmake_target': None, 'cmake_target_skip_unavailable': False, 'install_base': '/home/grumpy/dd2419_ws_Group5_2026/src/install/realsense2_description', 'merge_install': False, 'path': '/home/grumpy/dd2419_ws_Group5_2026/src/realsense-ros/realsense2_description', 'symlink_install': False, 'test_result_base': None}
[1.213s] Level 5:colcon.colcon_core.verb:set package 'realsense2_rviz_plugin' build argument 'cmake_args' from command line to 'None'
[1.213s] Level 5:colcon.colcon_core.verb:set package 'realsense2_rviz_plugin' build argument 'cmake_target' from command line to 'None'
[1.213s] Level 5:colcon.colcon_core.verb:set package 'realsense2_rviz_plugin' build argument 'cmake_target_skip_unavailable' from command line to 'False'
[1.213s] Level 5:colcon.colcon_core.verb:set package 'realsense2_rviz_plugin' build argument 'cmake_clean_cache' from command line to 'False'
[1.213s] Level 5:colcon.colcon_core.verb:set package 'realsense2_rviz_plugin' build argument 'cmake_clean_first' from command line to 'False'
[1.213s] Level 5:colcon.colcon_core.verb:set package 'realsense2_rviz_plugin' build argument 'cmake_force_configure' from command line to 'False'
[1.213s] Level 5:colcon.colcon_core.verb:set package 'realsense2_rviz_plugin' build argument 'ament_cmake_args' from command line to 'None'
[1.213s] Level 5:colcon.colcon_core.verb:set package 'realsense2_rviz_plugin' build argument 'catkin_cmake_args' from command line to 'None'
[1.213s] Level 5:colcon.colcon_core.verb:set package 'realsense2_rviz_plugin' build argument 'catkin_skip_building_tests' from command line to 'False'
[1.213s] DEBUG:colcon.colcon_core.verb:Building package 'realsense2_rviz_plugin' with the following arguments: {'ament_cmake_args': None, 'build_base': '/home/grumpy/dd2419_ws_Group5_2026/src/build/realsense2_rviz_plugin', 'catkin_cmake_args': None, 'catkin_skip_building_tests': False, 'cmake_args': None, 'cmake_clean_cache': False, 'cmake_clean_first': False, 'cmake_force_configure': False, 'cmake_target': None, 'cmake_target_skip_unavailable': False, 'install_base': '/home/grumpy/dd2419_ws_Group5_2026/src/install/realsense2_rviz_plugin', 'merge_install': False, 'path': '/home/grumpy/dd2419_ws_Group5_2026/src/realsense-ros/realsense2_rgbd_plugin', 'symlink_install': False, 'test_result_base': None}
[1.226s] Level 5:colcon.colcon_core.verb:set package 'robp_arm' build argument 'cmake_args' from command line to 'None'
[1.226s] Level 5:colcon.colcon_core.verb:set package 'robp_arm' build argument 'cmake_target' from command line to 'None'
[1.226s] Level 5:colcon.colcon_core.verb:set package 'robp_arm' build argument 'cmake_target_skip_unavailable' from command line to 'False'
[1.226s] Level 5:colcon.colcon_core.verb:set package 'robp_arm' build argument 'cmake_clean_cache' from command line to 'False'
[1.226s] Level 5:colcon.colcon_core.verb:set package 'robp_arm' build argument 'cmake_clean_first' from command line to 'False'
[1.226s] Level 5:colcon.colcon_core.verb:set package 'robp_arm' build argument 'cmake_force_configure' from command line to 'False'
[1.226s] Level 5:colcon.colcon_core.verb:set package 'robp_arm' build argument 'ament_cmake_args' from command line to 'None'
[1.226s] Level 5:colcon.colcon_core.verb:set package 'robp_arm' build argument 'catkin_cmake_args' from command line to 'None'
[1.226s] Level 5:colcon.colcon_core.verb:set package 'robp_arm' build argument 'catkin_skip_building_tests' from command line to 'False'
[1.226s] DEBUG:colcon.colcon_core.verb:Building package 'robp_arm' with the following arguments: {'ament_cmake_args': None, 'build_base': '/home/grumpy/dd2419_ws_Group5_2026/src/build/robp_arm', 'catkin_cmake_args': None, 'catkin_skip_building_tests': False, 'cmake_args': None, 'cmake_clean_cache': False, 'cmake_clean_first': False, 'cmake_force_configure': False, 'cmake_target': None, 'cmake_target_skip_unavailable': False, 'install_base': '/home/grumpy/dd2419_ws_Group5_2026/src/install/robp_arm', 'merge_install': False, 'path': '/home/grumpy/dd2419_ws_Group5_2026/src/robp_arm', 'symlink_install': False, 'test_result_base': None}
[1.239s] Level 5:colcon.colcon_core.verb:set package 'phidgets_accelerometer' build argument 'cmake_args' from command line to 'None'
[1.239s] Level 5:colcon.colcon_core.verb:set package 'phidgets_accelerometer' build argument 'cmake_target' from command line to 'None'
[1.239s] Level 5:colcon.colcon_core.verb:set package 'phidgets_accelerometer' build argument 'cmake_target_skip_unavailable' from command line to 'False'
[1.239s] Level 5:colcon.colcon_core.verb:set package 'phidgets_accelerometer' build argument 'cmake_clean_cache' from command line to 'False'
[1.239s] Level 5:colcon.colcon_core.verb:set package 'phidgets_accelerometer' build argument 'cmake_clean_first' from command line to 'False'
[1.239s] Level 5:colcon.colcon_core.verb:set package 'phidgets_accelerometer' build argument 'cmake_force_configure' from command line to 'False'
[1.239s] Level 5:colcon.colcon_core.verb:set package 'phidgets_accelerometer' build argument 'ament_cmake_args' from command line to 'None'
[1.239s] Level 5:colcon.colcon_core.verb:set package 'phidgets_accelerometer' build argument 'catkin_cmake_args' from command line to 'None'
[1.239s] Level 5:colcon.colcon_core.verb:set package 'phidgets_accelerometer' build argument 'catkin_skip_building_tests' from command line to 'False'
[1.239s] DEBUG:colcon.colcon_core.verb:Building package 'phidgets_accelerometer' with the following arguments: {'ament_cmake_args': None, 'build_base': '/home/grumpy/dd2419_ws_Group5_2026/src/build/phidgets_accelerometer', 'catkin_cmake_args': None, 'catkin_skip_building_tests': False, 'cmake_args': None, 'cmake_clean_cache': False, 'cmake_clean_first': False, 'cmake_force_configure': False, 'cmake_target': None, 'cmake_target_skip_unavailable': False, 'install_base': '/home/grumpy/dd2419_ws_Group5_2026/src/install/phidgets_accelerometer', 'merge_install': False, 'path': '/home/grumpy/dd2419_ws_Group5_2026/src/phidgets_drivers/phidgets_accelerometer', 'symlink_install': False, 'test_result_base': None}
[1.252s] Level 5:colcon.colcon_core.verb:set package 'phidgets_analog_inputs' build argument 'cmake_args' from command line to 'None'
[1.252s] Level 5:colcon.colcon_core.verb:set package 'phidgets_analog_inputs' build argument 'cmake_target' from command line to 'None'
[1.252s] Level 5:colcon.colcon_core.verb:set package 'phidgets_analog_inputs' build argument 'cmake_target_skip_unavailable' from command line to 'False'
[1.252s] Level 5:colcon.colcon_core.verb:set package 'phidgets_analog_inputs' build argument 'cmake_clean_cache' from command line to 'False'
[1.252s] Level 5:colcon.colcon_core.verb:set package 'phidgets_analog_inputs' build argument 'cmake_clean_first' from command line to 'False'
[1.252s] Level 5:colcon.colcon_core.verb:set package 'phidgets_analog_inputs' build argument 'cmake_force_configure' from command line to 'False'
[1.252s] Level 5:colcon.colcon_core.verb:set package 'phidgets_analog_inputs' build argument 'ament_cmake_args' from command line to 'None'
[1.252s] Level 5:colcon.colcon_core.verb:set package 'phidgets_analog_inputs' build argument 'catkin_cmake_args' from command line to 'None'
[1.252s] Level 5:colcon.colcon_core.verb:set package 'phidgets_analog_inputs' build argument 'catkin_skip_building_tests' from command line to 'False'
[1.252s] DEBUG:colcon.colcon_core.verb:Building package 'phidgets_analog_inputs' with the following arguments: {'ament_cmake_args': None, 'build_base': '/home/grumpy/dd2419_ws_Group5_2026/src/build/phidgets_analog_inputs', 'catkin_cmake_args': None, 'catkin_skip_building_tests': False, 'cmake_args': None, 'cmake_clean_cache': False, 'cmake_clean_first': False, 'cmake_force_configure': False, 'cmake_target': None, 'cmake_target_skip_unavailable': False, 'install_base': '/home/grumpy/dd2419_ws_Group5_2026/src/install/phidgets_analog_inputs', 'merge_install': False, 'path': '/home/grumpy/dd2419_ws_Group5_2026/src/phidgets_drivers/phidgets_analog_inputs', 'symlink_install': False, 'test_result_base': None}
[1.265s] Level 5:colcon.colcon_core.verb:set package 'phidgets_analog_outputs' build argument 'cmake_args' from command line to 'None'
[1.265s] Level 5:colcon.colcon_core.verb:set package 'phidgets_analog_outputs' build argument 'cmake_target' from command line to 'None'
[1.265s] Level 5:colcon.colcon_core.verb:set package 'phidgets_analog_outputs' build argument 'cmake_target_skip_unavailable' from command line to 'False'
[1.265s] Level 5:colcon.colcon_core.verb:set package 'phidgets_analog_outputs' build argument 'cmake_clean_cache' from command line to 'False'
[1.265s] Level 5:colcon.colcon_core.verb:set package 'phidgets_analog_outputs' build argument 'cmake_clean_first' from command line to 'False'
[1.265s] Level 5:colcon.colcon_core.verb:set package 'phidgets_analog_outputs' build argument 'cmake_force_configure' from command line to 'False'
[1.265s] Level 5:colcon.colcon_core.verb:set package 'phidgets_analog_outputs' build argument 'ament_cmake_args' from command line to 'None'
[1.265s] Level 5:colcon.colcon_core.verb:set package 'phidgets_analog_outputs' build argument 'catkin_cmake_args' from command line to 'None'
[1.265s] Level 5:colcon.colcon_core.verb:set package 'phidgets_analog_outputs' build argument 'catkin_skip_building_tests' from command line to 'False'
[1.265s] DEBUG:colcon.colcon_core.verb:Building package 'phidgets_analog_outputs' with the following arguments: {'ament_cmake_args': None, 'build_base': '/home/grumpy/dd2419_ws_Group5_2026/src/build/phidgets_analog_outputs', 'catkin_cmake_args': None, 'catkin_skip_building_tests': False, 'cmake_args': None, 'cmake_clean_cache': False, 'cmake_clean_first': False, 'cmake_force_configure': False, 'cmake_target': None, 'cmake_target_skip_unavailable': False, 'install_base': '/home/grumpy/dd2419_ws_Group5_2026/src/install/phidgets_analog_outputs', 'merge_install': False, 'path': '/home/grumpy/dd2419_ws_Group5_2026/src/phidgets_drivers/phidgets_analog_outputs', 'symlink_install': False, 'test_result_base': None}
[1.278s] Level 5:colcon.colcon_core.verb:set package 'phidgets_digital_inputs' build argument 'cmake_args' from command line to 'None'
[1.278s] Level 5:colcon.colcon_core.verb:set package 'phidgets_digital_inputs' build argument 'cmake_target' from command line to 'None'
[1.278s] Level 5:colcon.colcon_core.verb:set package 'phidgets_digital_inputs' build argument 'cmake_target_skip_unavailable' from command line to 'False'
[1.278s] Level 5:colcon.colcon_core.verb:set package 'phidgets_digital_inputs' build argument 'cmake_clean_cache' from command line to 'False'
[1.278s] Level 5:colcon.colcon_core.verb:set package 'phidgets_digital_inputs' build argument 'cmake_clean_first' from command line to 'False'
[1.278s] Level 5:colcon.colcon_core.verb:set package 'phidgets_digital_inputs' build argument 'cmake_force_configure' from command line to 'False'
[1.278s] Level 5:colcon.colcon_core.verb:set package 'phidgets_digital_inputs' build argument 'ament_cmake_args' from command line to 'None'
[1.278s] Level 5:colcon.colcon_core.verb:set package 'phidgets_digital_inputs' build argument 'catkin_cmake_args' from command line to 'None'
[1.278s] Level 5:colcon.colcon_core.verb:set package 'phidgets_digital_inputs' build argument 'catkin_skip_building_tests' from command line to 'False'
[1.278s] DEBUG:colcon.colcon_core.verb:Building package 'phidgets_digital_inputs' with the following arguments: {'ament_cmake_args': None, 'build_base': '/home/grumpy/dd2419_ws_Group5_2026/src/build/phidgets_digital_inputs', 'catkin_cmake_args': None, 'catkin_skip_building_tests': False, 'cmake_args': None, 'cmake_clean_cache': False, 'cmake_clean_first': False, 'cmake_force_configure': False, 'cmake_target': None, 'cmake_target_skip_unavailable': False, 'install_base': '/home/grumpy/dd2419_ws_Group5_2026/src/install/phidgets_digital_inputs', 'merge_install': False, 'path': '/home/grumpy/dd2419_ws_Group5_2026/src/phidgets_drivers/phidgets_digital_inputs', 'symlink_install': False, 'test_result_base': None}
[1.291s] Level 5:colcon.colcon_core.verb:set package 'phidgets_digital_outputs' build argument 'cmake_args' from command line to 'None'
[1.291s] Level 5:colcon.colcon_core.verb:set package 'phidgets_digital_outputs' build argument 'cmake_target' from command line to 'None'
[1.291s] Level 5:colcon.colcon_core.verb:set package 'phidgets_digital_outputs' build argument 'cmake_target_skip_unavailable' from command line to 'False'
[1.291s] Level 5:colcon.colcon_core.verb:set package 'phidgets_digital_outputs' build argument 'cmake_clean_cache' from command line to 'False'
[1.291s] Level 5:colcon.colcon_core.verb:set package 'phidgets_digital_outputs' build argument 'cmake_clean_first' from command line to 'False'
[1.291s] Level 5:colcon.colcon_core.verb:set package 'phidgets_digital_outputs' build argument 'cmake_force_configure' from command line to 'False'
[1.291s] Level 5:colcon.colcon_core.verb:set package 'phidgets_digital_outputs' build argument 'ament_cmake_args' from command line to 'None'
[1.291s] Level 5:colcon.colcon_core.verb:set package 'phidgets_digital_outputs' build argument 'catkin_cmake_args' from command line to 'None'
[1.291s] Level 5:colcon.colcon_core.verb:set package 'phidgets_digital_outputs' build argument 'catkin_skip_building_tests' from command line to 'False'
[1.291s] DEBUG:colcon.colcon_core.verb:Building package 'phidgets_digital_outputs' with the following arguments: {'ament_cmake_args': None, 'build_base': '/home/grumpy/dd2419_ws_Group5_2026/src/build/phidgets_digital_outputs', 'catkin_cmake_args': None, 'catkin_skip_building_tests': False, 'cmake_args': None, 'cmake_clean_cache': False, 'cmake_clean_first': False, 'cmake_force_configure': False, 'cmake_target': None, 'cmake_target_skip_unavailable': False, 'install_base': '/home/grumpy/dd2419_ws_Group5_2026/src/install/phidgets_digital_outputs', 'merge_install': False, 'path': '/home/grumpy/dd2419_ws_Group5_2026/src/phidgets_drivers/phidgets_digital_outputs', 'symlink_install': False, 'test_result_base': None}
[1.304s] Level 5:colcon.colcon_core.verb:set package 'phidgets_gyroscope' build argument 'cmake_args' from command line to 'None'
[1.304s] Level 5:colcon.colcon_core.verb:set package 'phidgets_gyroscope' build argument 'cmake_target' from command line to 'None'
[1.304s] Level 5:colcon.colcon_core.verb:set package 'phidgets_gyroscope' build argument 'cmake_target_skip_unavailable' from command line to 'False'
[1.304s] Level 5:colcon.colcon_core.verb:set package 'phidgets_gyroscope' build argument 'cmake_clean_cache' from command line to 'False'
[1.304s] Level 5:colcon.colcon_core.verb:set package 'phidgets_gyroscope' build argument 'cmake_clean_first' from command line to 'False'
[1.304s] Level 5:colcon.colcon_core.verb:set package 'phidgets_gyroscope' build argument 'cmake_force_configure' from command line to 'False'
[1.304s] Level 5:colcon.colcon_core.verb:set package 'phidgets_gyroscope' build argument 'ament_cmake_args' from command line to 'None'
[1.304s] Level 5:colcon.colcon_core.verb:set package 'phidgets_gyroscope' build argument 'catkin_cmake_args' from command line to 'None'
[1.304s] Level 5:colcon.colcon_core.verb:set package 'phidgets_gyroscope' build argument 'catkin_skip_building_tests' from command line to 'False'
[1.304s] DEBUG:colcon.colcon_core.verb:Building package 'phidgets_gyroscope' with the following arguments: {'ament_cmake_args': None, 'build_base': '/home/grumpy/dd2419_ws_Group5_2026/src/build/phidgets_gyroscope', 'catkin_cmake_args': None, 'catkin_skip_building_tests': False, 'cmake_args': None, 'cmake_clean_cache': False, 'cmake_clean_first': False, 'cmake_force_configure': False, 'cmake_target': None, 'cmake_target_skip_unavailable': False, 'install_base': '/home/grumpy/dd2419_ws_Group5_2026/src/install/phidgets_gyroscope', 'merge_install': False, 'path': '/home/grumpy/dd2419_ws_Group5_2026/src/phidgets_drivers/phidgets_gyroscope', 'symlink_install': False, 'test_result_base': None}
[1.317s] Level 5:colcon.colcon_core.verb:set package 'phidgets_high_speed_encoder' build argument 'cmake_args' from command line to 'None'
[1.317s] Level 5:colcon.colcon_core.verb:set package 'phidgets_high_speed_encoder' build argument 'cmake_target' from command line to 'None'
[1.317s] Level 5:colcon.colcon_core.verb:set package 'phidgets_high_speed_encoder' build argument 'cmake_target_skip_unavailable' from command line to 'False'
[1.317s] Level 5:colcon.colcon_core.verb:set package 'phidgets_high_speed_encoder' build argument 'cmake_clean_cache' from command line to 'False'
[1.317s] Level 5:colcon.colcon_core.verb:set package 'phidgets_high_speed_encoder' build argument 'cmake_clean_first' from command line to 'False'
[1.317s] Level 5:colcon.colcon_core.verb:set package 'phidgets_high_speed_encoder' build argument 'cmake_force_configure' from command line to 'False'
[1.317s] Level 5:colcon.colcon_core.verb:set package 'phidgets_high_speed_encoder' build argument 'ament_cmake_args' from command line to 'None'
[1.317s] Level 5:colcon.colcon_core.verb:set package 'phidgets_high_speed_encoder' build argument 'catkin_cmake_args' from command line to 'None'
[1.317s] Level 5:colcon.colcon_core.verb:set package 'phidgets_high_speed_encoder' build argument 'catkin_skip_building_tests' from command line to 'False'
[1.317s] DEBUG:colcon.colcon_core.verb:Building package 'phidgets_high_speed_encoder' with the following arguments: {'ament_cmake_args': None, 'build_base': '/home/grumpy/dd2419_ws_Group5_2026/src/build/phidgets_high_speed_encoder', 'catkin_cmake_args': None, 'catkin_skip_building_tests': False, 'cmake_args': None, 'cmake_clean_cache': False, 'cmake_clean_first': False, 'cmake_force_configure': False, 'cmake_target': None, 'cmake_target_skip_unavailable': False, 'install_base': '/home/grumpy/dd2419_ws_Group5_2026/src/install/phidgets_high_speed_encoder', 'merge_install': False, 'path': '/home/grumpy/dd2419_ws_Group5_2026/src/phidgets_drivers/phidgets_high_speed_encoder', 'symlink_install': False, 'test_result_base': None}
[1.330s] Level 5:colcon.colcon_core.verb:set package 'phidgets_magnetometer' build argument 'cmake_args' from command line to 'None'
[1.330s] Level 5:colcon.colcon_core.verb:set package 'phidgets_magnetometer' build argument 'cmake_target' from command line to 'None'
[1.330s] Level 5:colcon.colcon_core.verb:set package 'phidgets_magnetometer' build argument 'cmake_target_skip_unavailable' from command line to 'False'
[1.330s] Level 5:colcon.colcon_core.verb:set package 'phidgets_magnetometer' build argument 'cmake_clean_cache' from command line to 'False'
[1.330s] Level 5:colcon.colcon_core.verb:set package 'phidgets_magnetometer' build argument 'cmake_clean_first' from command line to 'False'
[1.330s] Level 5:colcon.colcon_core.verb:set package 'phidgets_magnetometer' build argument 'cmake_force_configure' from command line to 'False'
[1.330s] Level 5:colcon.colcon_core.verb:set package 'phidgets_magnetometer' build argument 'ament_cmake_args' from command line to 'None'
[1.330s] Level 5:colcon.colcon_core.verb:set package 'phidgets_magnetometer' build argument 'catkin_cmake_args' from command line to 'None'
[1.330s] Level 5:colcon.colcon_core.verb:set package 'phidgets_magnetometer' build argument 'catkin_skip_building_tests' from command line to 'False'
[1.330s] DEBUG:colcon.colcon_core.verb:Building package 'phidgets_magnetometer' with the following arguments: {'ament_cmake_args': None, 'build_base': '/home/grumpy/dd2419_ws_Group5_2026/src/build/phidgets_magnetometer', 'catkin_cmake_args': None, 'catkin_skip_building_tests': False, 'cmake_args': None, 'cmake_clean_cache': False, 'cmake_clean_first': False, 'cmake_force_configure': False, 'cmake_target': None, 'cmake_target_skip_unavailable': False, 'install_base': '/home/grumpy/dd2419_ws_Group5_2026/src/install/phidgets_magnetometer', 'merge_install': False, 'path': '/home/grumpy/dd2419_ws_Group5_2026/src/phidgets_drivers/phidgets_magnetometer', 'symlink_install': False, 'test_result_base': None}
[1.343s] Level 5:colcon.colcon_core.verb:set package 'phidgets_motors' build argument 'cmake_args' from command line to 'None'
[1.343s] Level 5:colcon.colcon_core.verb:set package 'phidgets_motors' build argument 'cmake_target' from command line to 'None'
[1.343s] Level 5:colcon.colcon_core.verb:set package 'phidgets_motors' build argument 'cmake_target_skip_unavailable' from command line to 'False'
[1.343s] Level 5:colcon.colcon_core.verb:set package 'phidgets_motors' build argument 'cmake_clean_cache' from command line to 'False'
[1.343s] Level 5:colcon.colcon_core.verb:set package 'phidgets_motors' build argument 'cmake_clean_first' from command line to 'False'
[1.343s] Level 5:colcon.colcon_core.verb:set package 'phidgets_motors' build argument 'cmake_force_configure' from command line to 'False'
[1.343s] Level 5:colcon.colcon_core.verb:set package 'phidgets_motors' build argument 'ament_cmake_args' from command line to 'None'
[1.343s] Level 5:colcon.colcon_core.verb:set package 'phidgets_motors' build argument 'catkin_cmake_args' from command line to 'None'
[1.343s] Level 5:colcon.colcon_core.verb:set package 'phidgets_motors' build argument 'catkin_skip_building_tests' from command line to 'False'
[1.344s] DEBUG:colcon.colcon_core.verb:Building package 'phidgets_motors' with the following arguments: {'ament_cmake_args': None, 'build_base': '/home/grumpy/dd2419_ws_Group5_2026/src/build/phidgets_motors', 'catkin_cmake_args': None, 'catkin_skip_building_tests': False, 'cmake_args': None, 'cmake_clean_cache': False, 'cmake_clean_first': False, 'cmake_force_configure': False, 'cmake_target': None, 'cmake_target_skip_unavailable': False, 'install_base': '/home/grumpy/dd2419_ws_Group5_2026/src/install/phidgets_motors', 'merge_install': False, 'path': '/home/grumpy/dd2419_ws_Group5_2026/src/phidgets_drivers/phidgets_motors', 'symlink_install': False, 'test_result_base': None}
[1.356s] Level 5:colcon.colcon_core.verb:set package 'phidgets_spatial' build argument 'cmake_args' from command line to 'None'
[1.356s] Level 5:colcon.colcon_core.verb:set package 'phidgets_spatial' build argument 'cmake_target' from command line to 'None'
[1.356s] Level 5:colcon.colcon_core.verb:set package 'phidgets_spatial' build argument 'cmake_target_skip_unavailable' from command line to 'False'
[1.356s] Level 5:colcon.colcon_core.verb:set package 'phidgets_spatial' build argument 'cmake_clean_cache' from command line to 'False'
[1.356s] Level 5:colcon.colcon_core.verb:set package 'phidgets_spatial' build argument 'cmake_clean_first' from command line to 'False'
[1.356s] Level 5:colcon.colcon_core.verb:set package 'phidgets_spatial' build argument 'cmake_force_configure' from command line to 'False'
[1.356s] Level 5:colcon.colcon_core.verb:set package 'phidgets_spatial' build argument 'ament_cmake_args' from command line to 'None'
[1.356s] Level 5:colcon.colcon_core.verb:set package 'phidgets_spatial' build argument 'catkin_cmake_args' from command line to 'None'
[1.356s] Level 5:colcon.colcon_core.verb:set package 'phidgets_spatial' build argument 'catkin_skip_building_tests' from command line to 'False'
[1.357s] DEBUG:colcon.colcon_core.verb:Building package 'phidgets_spatial' with the following arguments: {'ament_cmake_args': None, 'build_base': '/home/grumpy/dd2419_ws_Group5_2026/src/build/phidgets_spatial', 'catkin_cmake_args': None, 'catkin_skip_building_tests': False, 'cmake_args': None, 'cmake_clean_cache': False, 'cmake_clean_first': False, 'cmake_force_configure': False, 'cmake_target': None, 'cmake_target_skip_unavailable': False, 'install_base': '/home/grumpy/dd2419_ws_Group5_2026/src/install/phidgets_spatial', 'merge_install': False, 'path': '/home/grumpy/dd2419_ws_Group5_2026/src/phidgets_drivers/phidgets_spatial', 'symlink_install': False, 'test_result_base': None}
[1.369s] Level 5:colcon.colcon_core.verb:set package 'phidgets_stepper' build argument 'cmake_args' from command line to 'None'
[1.369s] Level 5:colcon.colcon_core.verb:set package 'phidgets_stepper' build argument 'cmake_target' from command line to 'None'
[1.369s] Level 5:colcon.colcon_core.verb:set package 'phidgets_stepper' build argument 'cmake_target_skip_unavailable' from command line to 'False'
[1.370s] Level 5:colcon.colcon_core.verb:set package 'phidgets_stepper' build argument 'cmake_clean_cache' from command line to 'False'
[1.370s] Level 5:colcon.colcon_core.verb:set package 'phidgets_stepper' build argument 'cmake_clean_first' from command line to 'False'
[1.370s] Level 5:colcon.colcon_core.verb:set package 'phidgets_stepper' build argument 'cmake_force_configure' from command line to 'False'
[1.370s] Level 5:colcon.colcon_core.verb:set package 'phidgets_stepper' build argument 'ament_cmake_args' from command line to 'None'
[1.370s] Level 5:colcon.colcon_core.verb:set package 'phidgets_stepper' build argument 'catkin_cmake_args' from command line to 'None'
[1.370s] Level 5:colcon.colcon_core.verb:set package 'phidgets_stepper' build argument 'catkin_skip_building_tests' from command line to 'False'
[1.370s] DEBUG:colcon.colcon_core.verb:Building package 'phidgets_stepper' with the following arguments: {'ament_cmake_args': None, 'build_base': '/home/grumpy/dd2419_ws_Group5_2026/src/build/phidgets_stepper', 'catkin_cmake_args': None, 'catkin_skip_building_tests': False, 'cmake_args': None, 'cmake_clean_cache': False, 'cmake_clean_first': False, 'cmake_force_configure': False, 'cmake_target': None, 'cmake_target_skip_unavailable': False, 'install_base': '/home/grumpy/dd2419_ws_Group5_2026/src/install/phidgets_stepper', 'merge_install': False, 'path': '/home/grumpy/dd2419_ws_Group5_2026/src/phidgets_drivers/phidgets_stepper', 'symlink_install': False, 'test_result_base': None}
[1.383s] Level 5:colcon.colcon_core.verb:set package 'phidgets_temperature' build argument 'cmake_args' from command line to 'None'
[1.383s] Level 5:colcon.colcon_core.verb:set package 'phidgets_temperature' build argument 'cmake_target' from command line to 'None'
[1.383s] Level 5:colcon.colcon_core.verb:set package 'phidgets_temperature' build argument 'cmake_target_skip_unavailable' from command line to 'False'
[1.383s] Level 5:colcon.colcon_core.verb:set package 'phidgets_temperature' build argument 'cmake_clean_cache' from command line to 'False'
[1.383s] Level 5:colcon.colcon_core.verb:set package 'phidgets_temperature' build argument 'cmake_clean_first' from command line to 'False'
[1.383s] Level 5:colcon.colcon_core.verb:set package 'phidgets_temperature' build argument 'cmake_force_configure' from command line to 'False'
[1.383s] Level 5:colcon.colcon_core.verb:set package 'phidgets_temperature' build argument 'ament_cmake_args' from command line to 'None'
[1.383s] Level 5:colcon.colcon_core.verb:set package 'phidgets_temperature' build argument 'catkin_cmake_args' from command line to 'None'
[1.383s] Level 5:colcon.colcon_core.verb:set package 'phidgets_temperature' build argument 'catkin_skip_building_tests' from command line to 'False'
[1.383s] DEBUG:colcon.colcon_core.verb:Building package 'phidgets_temperature' with the following arguments: {'ament_cmake_args': None, 'build_base': '/home/grumpy/dd2419_ws_Group5_2026/src/build/phidgets_temperature', 'catkin_cmake_args': None, 'catkin_skip_building_tests': False, 'cmake_args': None, 'cmake_clean_cache': False, 'cmake_clean_first': False, 'cmake_force_configure': False, 'cmake_target': None, 'cmake_target_skip_unavailable': False, 'install_base': '/home/grumpy/dd2419_ws_Group5_2026/src/install/phidgets_temperature', 'merge_install': False, 'path': '/home/grumpy/dd2419_ws_Group5_2026/src/phidgets_drivers/phidgets_temperature', 'symlink_install': False, 'test_result_base': None}
[1.396s] Level 5:colcon.colcon_core.verb:set package 'robp_boot_camp_launch' build argument 'cmake_args' from command line to 'None'
[1.396s] Level 5:colcon.colcon_core.verb:set package 'robp_boot_camp_launch' build argument 'cmake_target' from command line to 'None'
[1.396s] Level 5:colcon.colcon_core.verb:set package 'robp_boot_camp_launch' build argument 'cmake_target_skip_unavailable' from command line to 'False'
[1.396s] Level 5:colcon.colcon_core.verb:set package 'robp_boot_camp_launch' build argument 'cmake_clean_cache' from command line to 'False'
[1.396s] Level 5:colcon.colcon_core.verb:set package 'robp_boot_camp_launch' build argument 'cmake_clean_first' from command line to 'False'
[1.396s] Level 5:colcon.colcon_core.verb:set package 'robp_boot_camp_launch' build argument 'cmake_force_configure' from command line to 'False'
[1.396s] Level 5:colcon.colcon_core.verb:set package 'robp_boot_camp_launch' build argument 'ament_cmake_args' from command line to 'None'
[1.396s] Level 5:colcon.colcon_core.verb:set package 'robp_boot_camp_launch' build argument 'catkin_cmake_args' from command line to 'None'
[1.396s] Level 5:colcon.colcon_core.verb:set package 'robp_boot_camp_launch' build argument 'catkin_skip_building_tests' from command line to 'False'
[1.396s] DEBUG:colcon.colcon_core.verb:Building package 'robp_boot_camp_launch' with the following arguments: {'ament_cmake_args': None, 'build_base': '/home/grumpy/dd2419_ws_Group5_2026/src/build/robp_boot_camp_launch', 'catkin_cmake_args': None, 'catkin_skip_building_tests': False, 'cmake_args': None, 'cmake_clean_cache': False, 'cmake_clean_first': False, 'cmake_force_configure': False, 'cmake_target': None, 'cmake_target_skip_unavailable': False, 'install_base': '/home/grumpy/dd2419_ws_Group5_2026/src/install/robp_boot_camp_launch', 'merge_install': False, 'path': '/home/grumpy/dd2419_ws_Group5_2026/src/robp_boot_camp_launch', 'symlink_install': False, 'test_result_base': None}
[1.409s] Level 5:colcon.colcon_core.verb:set package 'robp_phidgets' build argument 'cmake_args' from command line to 'None'
[1.409s] Level 5:colcon.colcon_core.verb:set package 'robp_phidgets' build argument 'cmake_target' from command line to 'None'
[1.409s] Level 5:colcon.colcon_core.verb:set package 'robp_phidgets' build argument 'cmake_target_skip_unavailable' from command line to 'False'
[1.409s] Level 5:colcon.colcon_core.verb:set package 'robp_phidgets' build argument 'cmake_clean_cache' from command line to 'False'
[1.409s] Level 5:colcon.colcon_core.verb:set package 'robp_phidgets' build argument 'cmake_clean_first' from command line to 'False'
[1.409s] Level 5:colcon.colcon_core.verb:set package 'robp_phidgets' build argument 'cmake_force_configure' from command line to 'False'
[1.409s] Level 5:colcon.colcon_core.verb:set package 'robp_phidgets' build argument 'ament_cmake_args' from command line to 'None'
[1.409s] Level 5:colcon.colcon_core.verb:set package 'robp_phidgets' build argument 'catkin_cmake_args' from command line to 'None'
[1.409s] Level 5:colcon.colcon_core.verb:set package 'robp_phidgets' build argument 'catkin_skip_building_tests' from command line to 'False'
[1.409s] DEBUG:colcon.colcon_core.verb:Building package 'robp_phidgets' with the following arguments: {'ament_cmake_args': None, 'build_base': '/home/grumpy/dd2419_ws_Group5_2026/src/build/robp_phidgets', 'catkin_cmake_args': None, 'catkin_skip_building_tests': False, 'cmake_args': None, 'cmake_clean_cache': False, 'cmake_clean_first': False, 'cmake_force_configure': False, 'cmake_target': None, 'cmake_target_skip_unavailable': False, 'install_base': '/home/grumpy/dd2419_ws_Group5_2026/src/install/robp_phidgets', 'merge_install': False, 'path': '/home/grumpy/dd2419_ws_Group5_2026/src/robp_phidgets', 'symlink_install': False, 'test_result_base': None}
[1.423s] Level 5:colcon.colcon_core.verb:set package 'phidgets_ik' build argument 'cmake_args' from command line to 'None'
[1.423s] Level 5:colcon.colcon_core.verb:set package 'phidgets_ik' build argument 'cmake_target' from command line to 'None'
[1.423s] Level 5:colcon.colcon_core.verb:set package 'phidgets_ik' build argument 'cmake_target_skip_unavailable' from command line to 'False'
[1.423s] Level 5:colcon.colcon_core.verb:set package 'phidgets_ik' build argument 'cmake_clean_cache' from command line to 'False'
[1.423s] Level 5:colcon.colcon_core.verb:set package 'phidgets_ik' build argument 'cmake_clean_first' from command line to 'False'
[1.423s] Level 5:colcon.colcon_core.verb:set package 'phidgets_ik' build argument 'cmake_force_configure' from command line to 'False'
[1.423s] Level 5:colcon.colcon_core.verb:set package 'phidgets_ik' build argument 'ament_cmake_args' from command line to 'None'
[1.423s] Level 5:colcon.colcon_core.verb:set package 'phidgets_ik' build argument 'catkin_cmake_args' from command line to 'None'
[1.423s] Level 5:colcon.colcon_core.verb:set package 'phidgets_ik' build argument 'catkin_skip_building_tests' from command line to 'False'
[1.423s] DEBUG:colcon.colcon_core.verb:Building package 'phidgets_ik' with the following arguments: {'ament_cmake_args': None, 'build_base': '/home/grumpy/dd2419_ws_Group5_2026/src/build/phidgets_ik', 'catkin_cmake_args': None, 'catkin_skip_building_tests': False, 'cmake_args': None, 'cmake_clean_cache': False, 'cmake_clean_first': False, 'cmake_force_configure': False, 'cmake_target': None, 'cmake_target_skip_unavailable': False, 'install_base': '/home/grumpy/dd2419_ws_Group5_2026/src/install/phidgets_ik', 'merge_install': False, 'path': '/home/grumpy/dd2419_ws_Group5_2026/src/phidgets_drivers/phidgets_ik', 'symlink_install': False, 'test_result_base': None}
[1.436s] Level 5:colcon.colcon_core.verb:set package 'phidgets_drivers' build argument 'cmake_args' from command line to 'None'
[1.436s] Level 5:colcon.colcon_core.verb:set package 'phidgets_drivers' build argument 'cmake_target' from command line to 'None'
[1.436s] Level 5:colcon.colcon_core.verb:set package 'phidgets_drivers' build argument 'cmake_target_skip_unavailable' from command line to 'False'
[1.436s] Level 5:colcon.colcon_core.verb:set package 'phidgets_drivers' build argument 'cmake_clean_cache' from command line to 'False'
[1.436s] Level 5:colcon.colcon_core.verb:set package 'phidgets_drivers' build argument 'cmake_clean_first' from command line to 'False'
[1.436s] Level 5:colcon.colcon_core.verb:set package 'phidgets_drivers' build argument 'cmake_force_configure' from command line to 'False'
[1.436s] Level 5:colcon.colcon_core.verb:set package 'phidgets_drivers' build argument 'ament_cmake_args' from command line to 'None'
[1.436s] Level 5:colcon.colcon_core.verb:set package 'phidgets_drivers' build argument 'catkin_cmake_args' from command line to 'None'
[1.436s] Level 5:colcon.colcon_core.verb:set package 'phidgets_drivers' build argument 'catkin_skip_building_tests' from command line to 'False'
[1.436s] DEBUG:colcon.colcon_core.verb:Building package 'phidgets_drivers' with the following arguments: {'ament_cmake_args': None, 'build_base': '/home/grumpy/dd2419_ws_Group5_2026/src/build/phidgets_drivers', 'catkin_cmake_args': None, 'catkin_skip_building_tests': False, 'cmake_args': None, 'cmake_clean_cache': False, 'cmake_clean_first': False, 'cmake_force_configure': False, 'cmake_target': None, 'cmake_target_skip_unavailable': False, 'install_base': '/home/grumpy/dd2419_ws_Group5_2026/src/install/phidgets_drivers', 'merge_install': False, 'path': '/home/grumpy/dd2419_ws_Group5_2026/src/phidgets_drivers/phidgets_drivers', 'symlink_install': False, 'test_result_base': None}
[1.449s] INFO:colcon.colcon_core.executor:Executing jobs using 'parallel' executor
[1.462s] DEBUG:colcon.colcon_parallel_executor.executor.parallel:run_until_complete
[1.463s] INFO:colcon.colcon_ros.task.ament_cmake.build:Building ROS package in '/home/grumpy/dd2419_ws_Group5_2026/src/phidgets_drivers/libphidget22' with build type 'ament_cmake'
[1.463s] INFO:colcon.colcon_cmake.task.cmake.build:Building CMake package in '/home/grumpy/dd2419_ws_Group5_2026/src/phidgets_drivers/libphidget22'
[1.479s] INFO:colcon.colcon_core.plugin_system:Skipping extension 'colcon_core.shell.bat': Not used on non-Windows systems
[1.479s] DEBUG:colcon.colcon_core.shell:Skip shell extension 'dsv' for command environment
[1.508s] INFO:colcon.colcon_ros.task.ament_cmake.build:Building ROS package in '/home/grumpy/dd2419_ws_Group5_2026/src/phidgets_drivers/phidgets_msgs' with build type 'ament_cmake'
[1.508s] INFO:colcon.colcon_cmake.task.cmake.build:Building CMake package in '/home/grumpy/dd2419_ws_Group5_2026/src/phidgets_drivers/phidgets_msgs'
[1.523s] DEBUG:colcon.colcon_core.shell:Skip shell extension 'dsv' for command environment
[1.551s] INFO:colcon.colcon_ros.task.ament_cmake.build:Building ROS package in '/home/grumpy/dd2419_ws_Group5_2026/src/realsense-ros/realsense2_camera_msgs' with build type 'ament_cmake'
[1.551s] INFO:colcon.colcon_cmake.task.cmake.build:Building CMake package in '/home/grumpy/dd2419_ws_Group5_2026/src/realsense-ros/realsense2_camera_msgs'
[1.566s] DEBUG:colcon.colcon_core.shell:Skip shell extension 'dsv' for command environment
[1.596s] INFO:colcon.colcon_ros.task.ament_cmake.build:Building ROS package in '/home/grumpy/dd2419_ws_Group5_2026/src/aruco_ros/aruco_msgs' with build type 'ament_cmake'
[1.596s] INFO:colcon.colcon_cmake.task.cmake.build:Building CMake package in '/home/grumpy/dd2419_ws_Group5_2026/src/aruco_ros/aruco_msgs'
[1.610s] DEBUG:colcon.colcon_core.shell:Skip shell extension 'dsv' for command environment
[1.638s] INFO:colcon.colcon_ros.task.ament_cmake.build:Building ROS package in '/home/grumpy/dd2419_ws_Group5_2026/src/robp_interfaces' with build type 'ament_cmake'
[1.638s] INFO:colcon.colcon_cmake.task.cmake.build:Building CMake package in '/home/grumpy/dd2419_ws_Group5_2026/src/robp_interfaces'
[1.653s] DEBUG:colcon.colcon_core.shell:Skip shell extension 'dsv' for command environment
[1.683s] INFO:colcon.colcon_ros.task.ament_cmake.build:Building ROS package in '/home/grumpy/dd2419_ws_Group5_2026/src/aruco_ros/aruco' with build type 'ament_cmake'
[1.683s] INFO:colcon.colcon_cmake.task.cmake.build:Building CMake package in '/home/grumpy/dd2419_ws_Group5_2026/src/aruco_ros/aruco'
[1.698s] DEBUG:colcon.colcon_core.shell:Skip shell extension 'dsv' for command environment
[1.726s] INFO:colcon.colcon_ros.task.cmake.build:Building ROS package in '/home/grumpy/dd2419_ws_Group5_2026/src/librealsense' with build type 'cmake'
[1.726s] INFO:colcon.colcon_cmake.task.cmake.build:Building CMake package in '/home/grumpy/dd2419_ws_Group5_2026/src/librealsense'
[1.741s] DEBUG:colcon.colcon_core.shell:Skip shell extension 'dsv' for command environment
[1.770s] INFO:colcon.colcon_ros.task.ament_python.build:Building ROS package in '/home/grumpy/dd2419_ws_Group5_2026/src/detection' with build type 'ament_python'
[1.770s] Level 1:colcon.colcon_core.shell:create_environment_hook('detection', 'ament_prefix_path')
[1.785s] INFO:colcon.colcon_core.shell:Creating environment descriptor '/home/grumpy/dd2419_ws_Group5_2026/src/install/detection/share/detection/hook/ament_prefix_path.dsv'
[1.785s] INFO:colcon.colcon_core.shell:Creating environment hook '/home/grumpy/dd2419_ws_Group5_2026/src/install/detection/share/detection/hook/ament_prefix_path.sh'
[1.799s] DEBUG:colcon.colcon_core.shell:Skip shell extension 'dsv' for command environment
[1.830s] DEBUG:colcon.colcon_core.event_handler.log_command:Invoking command in '/home/grumpy/dd2419_ws_Group5_2026/src/build/libphidget22': CMAKE_PREFIX_PATH=/home/grumpy/dd2419_ws_Group5_2026/.pixi/envs/default DEBUGINFOD_URLS=https://debuginfod.ubuntu.com PIXI_PROMPT=(dd2419_ws) /home/grumpy/dd2419_ws_Group5_2026/.pixi/envs/default/bin/cmake --build /home/grumpy/dd2419_ws_Group5_2026/src/build/libphidget22 -- -j8 -l8
[1.832s] DEBUG:colcon.colcon_core.event_handler.log_command:Invoking command in '/home/grumpy/dd2419_ws_Group5_2026/src/build/phidgets_msgs': CMAKE_PREFIX_PATH=/home/grumpy/dd2419_ws_Group5_2026/.pixi/envs/default DEBUGINFOD_URLS=https://debuginfod.ubuntu.com PIXI_PROMPT=(dd2419_ws) /home/grumpy/dd2419_ws_Group5_2026/.pixi/envs/default/bin/cmake /home/grumpy/dd2419_ws_Group5_2026/src/phidgets_drivers/phidgets_msgs -DCMAKE_INSTALL_PREFIX=/home/grumpy/dd2419_ws_Group5_2026/src/install/phidgets_msgs
[1.834s] DEBUG:colcon.colcon_core.event_handler.log_command:Invoking command in '/home/grumpy/dd2419_ws_Group5_2026/src/build/realsense2_camera_msgs': CMAKE_PREFIX_PATH=/home/grumpy/dd2419_ws_Group5_2026/.pixi/envs/default DEBUGINFOD_URLS=https://debuginfod.ubuntu.com PIXI_PROMPT=(dd2419_ws) /home/grumpy/dd2419_ws_Group5_2026/.pixi/envs/default/bin/cmake /home/grumpy/dd2419_ws_Group5_2026/src/realsense-ros/realsense2_camera_msgs -DCMAKE_INSTALL_PREFIX=/home/grumpy/dd2419_ws_Group5_2026/src/install/realsense2_camera_msgs
[1.836s] DEBUG:colcon.colcon_core.event_handler.log_command:Invoking command in '/home/grumpy/dd2419_ws_Group5_2026/src/build/aruco_msgs': CMAKE_PREFIX_PATH=/home/grumpy/dd2419_ws_Group5_2026/.pixi/envs/default DEBUGINFOD_URLS=https://debuginfod.ubuntu.com PIXI_PROMPT=(dd2419_ws) /home/grumpy/dd2419_ws_Group5_2026/.pixi/envs/default/bin/cmake /home/grumpy/dd2419_ws_Group5_2026/src/aruco_ros/aruco_msgs -DCMAKE_INSTALL_PREFIX=/home/grumpy/dd2419_ws_Group5_2026/src/install/aruco_msgs
[1.839s] DEBUG:colcon.colcon_core.event_handler.log_command:Invoking command in '/home/grumpy/dd2419_ws_Group5_2026/src/build/robp_interfaces': CMAKE_PREFIX_PATH=/home/grumpy/dd2419_ws_Group5_2026/.pixi/envs/default DEBUGINFOD_URLS=https://debuginfod.ubuntu.com PIXI_PROMPT=(dd2419_ws) /home/grumpy/dd2419_ws_Group5_2026/.pixi/envs/default/bin/cmake /home/grumpy/dd2419_ws_Group5_2026/src/robp_interfaces -DCMAKE_INSTALL_PREFIX=/home/grumpy/dd2419_ws_Group5_2026/src/install/robp_interfaces
[1.850s] DEBUG:colcon.colcon_core.event_handler.log_command:Invoking command in '/home/grumpy/dd2419_ws_Group5_2026/src/build/aruco': CMAKE_PREFIX_PATH=/home/grumpy/dd2419_ws_Group5_2026/.pixi/envs/default DEBUGINFOD_URLS=https://debuginfod.ubuntu.com PIXI_PROMPT=(dd2419_ws) /home/grumpy/dd2419_ws_Group5_2026/.pixi/envs/default/bin/cmake --build /home/grumpy/dd2419_ws_Group5_2026/src/build/aruco -- -j8 -l8
[1.854s] DEBUG:colcon.colcon_core.event_handler.log_command:Invoking command in '/home/grumpy/dd2419_ws_Group5_2026/src/build/librealsense2': CMAKE_PREFIX_PATH=/home/grumpy/dd2419_ws_Group5_2026/.pixi/envs/default DEBUGINFOD_URLS=https://debuginfod.ubuntu.com PIXI_PROMPT=(dd2419_ws) /home/grumpy/dd2419_ws_Group5_2026/.pixi/envs/default/bin/cmake --build /home/grumpy/dd2419_ws_Group5_2026/src/build/librealsense2 -- -j8 -l8
[2.396s] INFO:colcon.colcon_core.task.python.build:Building Python package in '/home/grumpy/dd2419_ws_Group5_2026/src/detection'
[2.425s] DEBUG:colcon.colcon_core.shell:Skip shell extension 'dsv' for command environment
[2.500s] DEBUG:colcon.colcon_core.event_handler.log_command:Invoked command in '/home/grumpy/dd2419_ws_Group5_2026/src/build/phidgets_msgs' returned '1': CMAKE_PREFIX_PATH=/home/grumpy/dd2419_ws_Group5_2026/.pixi/envs/default DEBUGINFOD_URLS=https://debuginfod.ubuntu.com PIXI_PROMPT=(dd2419_ws) /home/grumpy/dd2419_ws_Group5_2026/.pixi/envs/default/bin/cmake /home/grumpy/dd2419_ws_Group5_2026/src/phidgets_drivers/phidgets_msgs -DCMAKE_INSTALL_PREFIX=/home/grumpy/dd2419_ws_Group5_2026/src/install/phidgets_msgs
[2.501s] DEBUG:colcon.colcon_core.event_handler.log_command:Invoked command in '/home/grumpy/dd2419_ws_Group5_2026/src/build/realsense2_camera_msgs' returned '1': CMAKE_PREFIX_PATH=/home/grumpy/dd2419_ws_Group5_2026/.pixi/envs/default DEBUGINFOD_URLS=https://debuginfod.ubuntu.com PIXI_PROMPT=(dd2419_ws) /home/grumpy/dd2419_ws_Group5_2026/.pixi/envs/default/bin/cmake /home/grumpy/dd2419_ws_Group5_2026/src/realsense-ros/realsense2_camera_msgs -DCMAKE_INSTALL_PREFIX=/home/grumpy/dd2419_ws_Group5_2026/src/install/realsense2_camera_msgs
[2.506s] DEBUG:colcon.colcon_core.event_handler.log_command:Invoked command in '/home/grumpy/dd2419_ws_Group5_2026/src/build/robp_interfaces' returned '1': CMAKE_PREFIX_PATH=/home/grumpy/dd2419_ws_Group5_2026/.pixi/envs/default DEBUGINFOD_URLS=https://debuginfod.ubuntu.com PIXI_PROMPT=(dd2419_ws) /home/grumpy/dd2419_ws_Group5_2026/.pixi/envs/default/bin/cmake /home/grumpy/dd2419_ws_Group5_2026/src/robp_interfaces -DCMAKE_INSTALL_PREFIX=/home/grumpy/dd2419_ws_Group5_2026/src/install/robp_interfaces
[2.532s] Level 1:colcon.colcon_core.environment:create_environment_scripts_only(realsense2_camera_msgs)
[2.631s] Level 1:colcon.colcon_core.environment:checking '/home/grumpy/dd2419_ws_Group5_2026/src/install/realsense2_camera_msgs' for CMake module files
[2.631s] Level 1:colcon.colcon_core.environment:checking '/home/grumpy/dd2419_ws_Group5_2026/src/install/realsense2_camera_msgs' for CMake config files
[2.632s] Level 1:colcon.colcon_core.environment:checking '/home/grumpy/dd2419_ws_Group5_2026/src/install/realsense2_camera_msgs/bin'
[2.635s] Level 1:colcon.colcon_core.environment:checking '/home/grumpy/dd2419_ws_Group5_2026/src/install/realsense2_camera_msgs/lib/pkgconfig/realsense2_camera_msgs.pc'
[2.636s] Level 1:colcon.colcon_core.environment:checking '/home/grumpy/dd2419_ws_Group5_2026/src/install/realsense2_camera_msgs/lib/python3.12/site-packages'
[2.636s] Level 1:colcon.colcon_core.environment:checking '/home/grumpy/dd2419_ws_Group5_2026/src/install/realsense2_camera_msgs/bin'
[2.702s] INFO:colcon.colcon_core.shell:Creating package descriptor '/home/grumpy/dd2419_ws_Group5_2026/src/install/realsense2_camera_msgs/share/realsense2_camera_msgs/package.dsv'
[2.706s] INFO:colcon.colcon_core.shell:Creating package script '/home/grumpy/dd2419_ws_Group5_2026/src/install/realsense2_camera_msgs/share/realsense2_camera_msgs/package.sh'
[2.707s] INFO:colcon.colcon_core.shell:Creating package script '/home/grumpy/dd2419_ws_Group5_2026/src/install/realsense2_camera_msgs/share/realsense2_camera_msgs/package.bash'
[2.707s] INFO:colcon.colcon_core.shell:Creating package script '/home/grumpy/dd2419_ws_Group5_2026/src/install/realsense2_camera_msgs/share/realsense2_camera_msgs/package.zsh'
[2.708s] Level 1:colcon.colcon_core.environment:create_file_with_runtime_dependencies(/home/grumpy/dd2419_ws_Group5_2026/src/install/realsense2_camera_msgs/share/colcon-core/packages/realsense2_camera_msgs)
[2.711s] Level 1:colcon.colcon_core.environment:create_environment_scripts_only(phidgets_msgs)
[2.779s] Level 1:colcon.colcon_core.environment:checking '/home/grumpy/dd2419_ws_Group5_2026/src/install/phidgets_msgs' for CMake module files
[2.780s] Level 1:colcon.colcon_core.environment:checking '/home/grumpy/dd2419_ws_Group5_2026/src/install/phidgets_msgs' for CMake config files
[2.782s] Level 1:colcon.colcon_core.environment:checking '/home/grumpy/dd2419_ws_Group5_2026/src/install/phidgets_msgs/bin'
[2.783s] Level 1:colcon.colcon_core.environment:checking '/home/grumpy/dd2419_ws_Group5_2026/src/install/phidgets_msgs/lib/pkgconfig/phidgets_msgs.pc'
[2.783s] Level 1:colcon.colcon_core.environment:checking '/home/grumpy/dd2419_ws_Group5_2026/src/install/phidgets_msgs/lib/python3.12/site-packages'
[2.785s] Level 1:colcon.colcon_core.environment:checking '/home/grumpy/dd2419_ws_Group5_2026/src/install/phidgets_msgs/bin'
[2.851s] INFO:colcon.colcon_core.shell:Creating package descriptor '/home/grumpy/dd2419_ws_Group5_2026/src/install/phidgets_msgs/share/phidgets_msgs/package.dsv'
[2.852s] INFO:colcon.colcon_core.shell:Creating package script '/home/grumpy/dd2419_ws_Group5_2026/src/install/phidgets_msgs/share/phidgets_msgs/package.sh'
[2.852s] INFO:colcon.colcon_core.shell:Creating package script '/home/grumpy/dd2419_ws_Group5_2026/src/install/phidgets_msgs/share/phidgets_msgs/package.bash'
[2.854s] INFO:colcon.colcon_core.shell:Creating package script '/home/grumpy/dd2419_ws_Group5_2026/src/install/phidgets_msgs/share/phidgets_msgs/package.zsh'
[2.855s] Level 1:colcon.colcon_core.environment:create_file_with_runtime_dependencies(/home/grumpy/dd2419_ws_Group5_2026/src/install/phidgets_msgs/share/colcon-core/packages/phidgets_msgs)
[128.556s] DEBUG:colcon.colcon_parallel_executor.executor.parallel:closing loop
[128.556s] DEBUG:colcon.colcon_parallel_executor.executor.parallel:loop closed
[128.556s] DEBUG:colcon.colcon_parallel_executor.executor.parallel:run_until_complete finished with '1'
[128.556s] DEBUG:colcon.colcon_core.event_reactor:joining thread
[128.576s] INFO:colcon.colcon_core.plugin_system:Skipping extension 'colcon_notification.desktop_notification.terminal_notifier': Not used on non-Darwin systems
[128.576s] INFO:colcon.colcon_core.plugin_system:Skipping extension 'colcon_notification.desktop_notification.win32': Not used on non-Windows systems
[128.576s] INFO:colcon.colcon_notification.desktop_notification:Sending desktop notification using 'notify2'
[128.586s] DEBUG:colcon.colcon_core.event_reactor:joined thread
[128.602s] INFO:colcon.colcon_core.shell:Creating prefix script '/home/grumpy/dd2419_ws_Group5_2026/src/install/local_setup.sh'
[128.602s] INFO:colcon.colcon_core.shell:Creating prefix util module '/home/grumpy/dd2419_ws_Group5_2026/src/install/_local_setup_util_sh.py'
[128.603s] INFO:colcon.colcon_core.shell:Creating prefix chain script '/home/grumpy/dd2419_ws_Group5_2026/src/install/setup.sh'
[128.630s] INFO:colcon.colcon_core.shell:Creating prefix script '/home/grumpy/dd2419_ws_Group5_2026/src/install/local_setup.bash'
[128.630s] INFO:colcon.colcon_core.shell:Creating prefix chain script '/home/grumpy/dd2419_ws_Group5_2026/src/install/setup.bash'
[128.645s] INFO:colcon.colcon_core.shell:Creating prefix script '/home/grumpy/dd2419_ws_Group5_2026/src/install/local_setup.zsh'
[128.645s] INFO:colcon.colcon_core.shell:Creating prefix chain script '/home/grumpy/dd2419_ws_Group5_2026/src/install/setup.zsh'
