x,y
-6.979321176686654749e-01,-9.735421449934772778e-03
-7.004573312737492063e-01,-4.651406089462468973e-02
-7.025283097182913883e-01,-5.898262890416901272e-02
-7.026319912538304679e-01,-1.087626811180515962e-01
-7.067506282792241912e-01,-1.867205358006689409e-01
-7.122488616729459876e-01,-2.150292661437963049e-01
-7.103687092890618171e-01,-2.557367585286701162e-01
-7.326772278276183492e-01,-5.480959031870029641e-01
-7.585806277451637714e-01,-7.274313914075538623e-01
-9.031860707983627723e-01,-1.107382489817064108e+00
8.615523558846522878e-01,-1.389587171387407061e+00
9.334435910420585403e-01,-1.394405598356388776e+00
1.011956222154070995e+00,-1.403155255286428593e+00
1.055458878343220164e+00,-1.410904118563265586e+00
2.154072575732073780e+00,-2.022868232876718242e+00
1.406721567747340362e+00,2.149626818830267627e+00
1.355668888398793737e+00,2.152695382285162662e+00
1.270660537172824345e+00,2.183139462998819447e+00
1.214802556545949042e+00,2.173558095865487871e+00
1.164397050102929709e+00,2.171514550703194324e+00
1.116722263884804889e+00,2.172827827379685495e+00
1.035101844645260671e+00,2.199619317834654364e+00
9.867170982986185335e-01,2.195458649146540875e+00
9.352502544243677107e-01,2.182013589721802926e+00
8.936257109264350573e-01,2.189670782076615918e+00
8.142457589536993279e-01,2.212954593506629930e+00
7.676072535191804658e-01,2.204163247299970596e+00
7.234000719163020676e-01,2.200124602215241865e+00
6.117205033355125332e-01,2.251374417485456192e+00
5.720901313570814217e-01,2.260738145311549374e+00
5.302640296358904770e-01,2.260642427028761059e+00
4.504629762805596460e-01,2.274828374523957475e+00
4.101618390733905439e-01,2.279390970213145629e+00
3.680799826005635156e-01,2.272382304358834038e+00
3.282227507901865349e-01,2.277470388408173729e+00
2.485402386371491634e-01,2.287537823510366497e+00
1.686281660926653159e-01,2.295815487436788871e+00
1.284233018578021523e-01,2.296411817639608000e+00
4.811762825592494353e-02,2.295495744140710670e+00
-3.202332725827695264e-02,2.295776671200489449e+00
-1.115880857757176742e-01,2.282273754692710988e+00
-3.153937666703912068e-01,4.749539867281945327e+00
-3.968979950319992955e-01,4.727367933999558680e+00
-5.619941704875676125e-01,4.713615768886129764e+00
-6.444438938394251304e-01,4.705071068124367706e+00
-7.290610207730237047e-01,4.709907012294186401e+00
-9.004850308592903252e-01,4.720886033985302710e+00
-9.804893719996673473e-01,4.693683662439837256e+00
-1.162303785602918582e+00,4.732354627744908449e+00
-1.406034926731109413e+00,2.358724669740309476e+00
-1.468063911127294618e+00,2.367822718710135277e+00
-1.525415379679466277e+00,2.367058054526726352e+00
-1.585963874482653857e+00,2.369160186909476273e+00
-1.930536669267242100e+00,2.317171630285875139e+00
-1.106856060669714203e+00,6.186224033191400906e-01
-1.109552206700376908e+00,5.949577791125710835e-01
-1.114386778449547588e+00,5.483667274234281797e-01
-6.944262010034842891e-01,2.283270908644773056e-01
-6.919140550576509119e-01,1.879998706229073502e-01
-6.915713436585382290e-01,1.369454383994240243e-01
-6.928418735781300963e-01,9.985049587982063046e-02
-6.964858836505419815e-01,2.676660418021505408e-02
-6.996316531365363023e-01,-5.761580274099217802e-02
8.359497018815057467e-01,-1.407464735045970583e+00
9.787832208609382745e-01,-1.413132811969623370e+00
2.281998341777239148e+00,-8.437849222753543987e-01
1.312531953599990420e+00,2.159395429314824977e+00
1.079025321860581643e+00,2.183987381937456895e+00
6.890148766111878764e-01,2.213229057813419054e+00
2.914315408519972950e-01,2.277429181009526182e+00
9.199151370281956341e-02,2.298159555396790399e+00
-6.824605704641203974e-02,2.288982809237431582e+00
-4.743987461981483134e-01,4.746350771660746481e+00
-7.186713519205508716e-01,4.692283298382854184e+00
-8.038259846334211423e-01,4.698739690346016573e+00
-8.914676021450027577e-01,4.714455234691487640e+00
-1.143142613722067713e+00,4.686597894396586916e+00
-1.234154857852293619e+00,4.701721320986961494e+00
-1.285876653882870535e+00,2.347946012174399133e+00
-1.349950173421141875e+00,2.365969231538187945e+00
-1.637568404879085282e+00,2.364264220099170810e+00
-1.745980539454003555e+00,2.341749981986413154e+00
-1.877921412216165820e+00,2.343377966857019601e+00
-1.160916399753589623e+00,5.485701533930065210e-01
5.005275973836580405e+00,-1.410550324079120399e+00
5.050154197311388593e+00,-1.420444594818929929e+00
5.113855936247531098e+00,-1.420471058627307714e+00
5.165056638876463602e+00,-1.432459019482964724e+00
5.207757483959241540e+00,-1.425839105920031713e+00
5.351603921591560287e+00,-1.450432967047077248e+00
5.370971078605809801e+00,-1.439575028617479990e+00
5.404517946389730376e+00,-1.446338049030475137e+00
5.136937052197838582e+00,-1.064347320663142860e+00
5.543153903605231747e+00,-1.464527985906292740e+00
5.605729404814363548e+00,-1.458853854714675879e+00
5.677732666418058294e+00,-1.458281593056734993e+00
5.702736779125664235e+00,-1.446102513240120402e+00
5.765521285501161941e+00,-1.396646133921277677e+00
5.809349767967272982e+00,-1.363970552700918493e+00
5.844970687200587989e+00,-1.324171218572624209e+00
5.868476473667163518e+00,-1.308001388818045729e+00
5.645679372251307448e+00,-1.128636534278956605e+00
5.910518876101218844e+00,-1.239483637092314350e+00
5.950151220804582586e+00,-1.231732007342030144e+00
5.991944374792614880e+00,-1.192299593610793629e+00
6.028133326336631903e+00,-1.148678427201196728e+00
6.111135675400876544e+00,-1.062746971876426194e+00
6.101317959169994865e+00,-1.028265505221733767e+00
6.214317999151319327e+00,-1.008559632723170063e+00
6.250386719441417327e+00,-9.573432904789540565e-01
6.280281887697299226e+00,-9.347287685722279749e-01
6.316630249098429850e+00,-9.130925665375677625e-01
6.344979347327203811e+00,-8.883388625766407420e-01
6.382060409188848205e+00,-8.321973012113256241e-01
6.422955408805971267e+00,-8.080237873539695137e-01
6.459604800190390961e+00,-7.818144240221220898e-01
6.504070067751195339e+00,-7.217766584010288922e-01
6.543420715211028416e+00,-6.930808252682592041e-01
6.588300527023996267e+00,-6.637711312070055936e-01
6.629749841649704933e+00,-6.326855621242670757e-01
6.675203953109701160e+00,-5.642125180224750736e-01
6.797275233148985407e+00,-4.948105223996298596e-01
6.830886922392129357e+00,-4.178500382194149654e-01
6.872164308232292740e+00,-3.778236201029248065e-01
6.983484981448881967e+00,-2.497517288227324994e-01
7.050489054401316125e+00,-2.013612234233816412e-01
7.145318963271811263e+00,-1.472726004158942947e-01
7.285342300100910329e+00,1.212354585527958273e-02
7.364559641381591248e+00,7.516844209943923660e-02
6.319989995431883223e+00,-5.673912351914844887e-02
7.663785730213075631e+00,4.125878041025989318e-01
7.834982680726088944e+00,6.454376781285744435e-01
7.838183093811505131e+00,7.097238741874969392e-01
7.820765596018622645e+00,9.634264596244137557e-01
7.247092753933090492e+00,1.904700858614776227e+00
6.533749163776390922e+00,1.993263959111944761e+00
6.456949122499976212e+00,1.982154877819793271e+00
6.374004882845218489e+00,1.959468168794787690e+00
6.148179745234882532e+00,1.992013540210071820e+00
6.088296590830039712e+00,1.990478443429261279e+00
4.533651103957367035e+00,2.100158582476705060e+00
4.444153482539690003e+00,2.111198431718518176e+00
4.398721591326880009e+00,2.120017637677772182e+00
4.305780172717994070e+00,2.144150099598317372e+00
4.214178865809274477e+00,2.143117257129505404e+00
4.168180539709322119e+00,2.141872858482478215e+00
4.121193093415789654e+00,2.144723097597933226e+00
4.074574876589928785e+00,2.143776730587426904e+00
3.979609913707240931e+00,2.145185494379975299e+00
3.931090654982726917e+00,2.147481410687482661e+00
3.882570665997032044e+00,2.147903421522288081e+00
3.745628628865881549e+00,2.114291826701788501e+00
3.692168064096892799e+00,2.124402170649315913e+00
3.641956237488288117e+00,2.123115952488848546e+00
3.533192754851786965e+00,2.136077957579159747e+00
3.479229032873729643e+00,2.138118462221956229e+00
3.425702069005043704e+00,2.137233916131142664e+00
3.371435395540901769e+00,2.136162615787325691e+00
3.265207335125241972e+00,2.124455253083448625e+00
3.760959886665111718e+00,-9.945642877549059069e-01
3.781678497426034902e+00,-1.022997165598032332e+00
4.987084502079911275e+00,-1.418977293376952442e+00
5.253543154142686689e+00,-1.425125779207844223e+00
5.518591892480668726e+00,-1.440919254968804575e+00
5.570326599292924286e+00,-1.461067419548220281e+00
5.899266933655404443e+00,-1.266922227334170481e+00
5.924598538176058860e+00,-1.250957301168923008e+00
6.004620029341060317e+00,-1.170593389192461364e+00
6.053724984139149612e+00,-1.101998930292038104e+00
6.096244780362837012e+00,-1.090145427790077282e+00
6.229797359466751949e+00,-9.851093271802155993e-01
6.021358139781394669e+00,-7.809513265600697141e-01
6.027482376007329279e+00,-7.043677555064620233e-01
6.655498821911498553e+00,-6.022824440856321404e-01
6.717891802327801365e+00,-5.330952584531998273e-01
6.812885125297775346e+00,-4.600839852097670657e-01
6.978667372838570415e+00,-2.955730296202966900e-01
7.033628487430915399e+00,-2.496142917236170433e-01
7.115964242471369161e+00,-1.546414114351015723e-01
7.195893647748853539e+00,-9.965652999057383887e-02
7.268708974942999390e+00,-4.268034496021411162e-02
7.347206291574758907e+00,1.808666386636337275e-02
6.622496261302828202e+00,1.962663193707023246e-01
7.827029151608193125e+00,7.637678721249232527e-01
7.821370671496922000e+00,8.260866807566713543e-01
7.301852447170564808e+00,1.863039839998512193e+00
7.202054773875245175e+00,1.857511417378909346e+00
7.098547694936930164e+00,1.926221174652431589e+00
6.319413935710834984e+00,1.964525288290627891e+00
6.268132771934035397e+00,1.980954088155141513e+00
6.153612757978473624e+00,1.992109103953272786e+00
6.038854543774620609e+00,1.995690617972997849e+00
4.537819369678404158e+00,2.093265130591142942e+00
4.492395897443849151e+00,2.120733097127474487e+00
4.266482094600702268e+00,2.126230120546247715e+00
4.029097990135603879e+00,2.155581477002360469e+00
3.584932841291935013e+00,2.149429317456194255e+00
3.210374829023971976e+00,2.129279369946651013e+00
4.709975228524737823e+00,-1.308279386847713388e+00
4.758770954288516819e+00,-1.322045098078461045e+00
4.811581285880650150e+00,-1.342750606587571172e+00
5.282375660962935093e+00,-1.375322329609412142e+00
7.002578845385275308e+00,1.975008867852657835e+00
6.585556741566475303e+00,2.024983142819583914e+00
6.516423176541513484e+00,2.026058065284356502e+00
6.436484718457267107e+00,2.010267239390149285e+00
6.310334642906889613e+00,2.016175970340252643e+00
6.261573388019634478e+00,2.037327686037310404e+00
6.197430760671842620e+00,2.033991889780876861e+00
4.636958572794581457e+00,2.169590480626597540e+00
4.591286575312130580e+00,2.183824635118433388e+00
4.545402344206221912e+00,2.184259392853913795e+00
4.453370056032473379e+00,2.186718210658748607e+00
4.407330688396611684e+00,2.185740553977887579e+00
4.359647432878382745e+00,2.201882328256232757e+00
4.312099084686666473e+00,2.210195802447257218e+00
4.217641097856491328e+00,2.212362608219760496e+00
4.170856815920635619e+00,2.208233682278048171e+00
4.121442382494961088e+00,2.218042596225445084e+00
4.027344921504661279e+00,2.206535925709705470e+00
3.975231591972749889e+00,2.221437858464322179e+00
3.876289753659393877e+00,2.221144630913056695e+00
3.778388891893059487e+00,2.211433004119113477e+00
3.729043379723695928e+00,2.206176229043278703e+00
3.677329096217564874e+00,2.206613458482882706e+00
3.623954099205603629e+00,2.209802047128916591e+00
3.522856859908126026e+00,2.196316493315478624e+00
3.465905386384546816e+00,2.202837764588042813e+00
3.403891294212275653e+00,2.218200207758298959e+00
3.297132741974631021e+00,2.204417596622060938e+00
3.233734105274620241e+00,2.215059590793774902e+00
-5.219697040155715229e-01,7.566742724998071212e-02
-5.411555999311925547e-01,-1.931947745873874300e-01
-5.107691369512998847e-01,-2.840357154228232983e-01
-5.367830206155472794e-01,-3.729352523923051832e-01
2.636354011002027597e+00,-7.625187190159801176e-01
2.801646220780375618e+00,-7.680494971894329392e-01
3.299674535301567513e+00,-8.470430851943184791e-01
3.376249630453378892e+00,-8.468807766211162713e-01
3.428588766766791807e+00,-8.755532482561722007e-01
3.468926200163283902e+00,-8.832839974027493213e-01
3.517499043955862437e+00,-8.863406142211756045e-01
3.562144967468100276e+00,-8.894167947864058954e-01
3.619937019708492354e+00,-9.058013994341832520e-01
3.664031710525122776e+00,-9.051843586774079853e-01
3.704237738068550279e+00,-9.050029268925168235e-01
3.774112350408317607e+00,-9.062443218630975572e-01
3.824954977392712063e+00,-9.140866202687258912e-01
3.869439217421959398e+00,-9.228019296051015452e-01
3.928048867293991719e+00,-1.251691774662000434e+00
4.693663114026551675e+00,-1.293401098132668459e+00
5.076653253260735355e+00,-1.358590810993830722e+00
6.633829210831815537e+00,1.989157081350765743e+00
6.450934943039373870e+00,2.021070222939637784e+00
6.390262289399545992e+00,2.028683865216141857e+00
6.216170877096034886e+00,2.052613249311724619e+00
4.696026014078453770e+00,2.188237386732860390e+00
4.512880152819235491e+00,2.200331995545874886e+00
4.278316259388378562e+00,2.230103002205669149e+00
4.088923052004394876e+00,2.225508086892308945e+00
3.838968697756851789e+00,2.242693832311969615e+00
3.580472507585759523e+00,2.240625359990020993e+00
3.358811559977465500e+00,2.244371032782191300e+00
-5.033665297587379683e-01,1.114767526686890609e-01
-5.149941985554544743e-01,2.253573203834491334e-02
-5.420301230765982581e-01,-6.545156097663501482e-02
-5.515704446127944749e-01,-1.550919423555379151e-01
2.603087524132823294e+00,-6.725711811486775327e-01
3.078092235352297479e+00,-7.514029176226280082e-01
3.329190053860870080e+00,-8.168473411183094779e-01
3.439048368369480357e+00,-8.282436969052686671e-01
3.506947135955048367e+00,-8.482310570609639111e-01
3.641916711730040390e+00,-8.554690965754720988e-01
3.680791688195275135e+00,-8.773725562766874209e-01
3.715510565981646973e+00,-8.797975903130269559e-01
3.760623439840605542e+00,-8.755240109635504808e-01
3.832194430754076286e+00,-8.726879332248207444e-01
3.875814524590793564e+00,-8.999142345788730957e-01
3.752406724676633942e+00,-2.095607939034515699e+00
4.921268032477968291e+00,-1.275770100117637140e+00
5.657726775477977199e+00,-1.441053562583100911e+00
7.468860253290880102e+00,4.404593460531553539e+00
7.396212896054688457e+00,4.420926347815461455e+00
6.974568464285775704e+00,4.494534562961910673e+00
6.911628758830673291e+00,4.509821268910198633e+00
6.836214578392108443e+00,4.505701761419002693e+00
6.768246108416504647e+00,4.509769010832821223e+00
6.641607029264816831e+00,4.526093236045699797e+00
6.572808739323520832e+00,4.522346558741354272e+00
6.512638740284051764e+00,4.530932321395053641e+00
6.438682520770535156e+00,4.512870724076527118e+00
6.323545894244118948e+00,4.529613666934478644e+00
6.098693330104262955e+00,4.556676086583041574e+00
6.045351159783288963e+00,4.566720151025633889e+00
5.980272250311052140e+00,4.544924193149550540e+00
5.918341460428449885e+00,4.527371773782306263e+00
5.819713882186323239e+00,4.557884522028840202e+00
5.769038358256021404e+00,4.568483985822755500e+00
5.715810355703879964e+00,4.569515212050925257e+00
5.663577177760854120e+00,4.572452135500451043e+00
5.563338930945233685e+00,4.592027245282277903e+00
5.510474638794661928e+00,4.588252093646243424e+00
5.461142680508106473e+00,4.600199339298572276e+00
5.359478417040304699e+00,4.606698204506229466e+00
5.309197506393255495e+00,4.612062003977498215e+00
5.257790914957078066e+00,4.607607044643948768e+00
5.208191070632792297e+00,4.617156416486730919e+00
5.107648031291563306e+00,4.623690530166766344e+00
5.057382252853621196e+00,4.626637783255522329e+00
5.006975550581463708e+00,4.625708880907733800e+00
4.805141969806689950e+00,4.643189440084660724e+00
4.754856230466126377e+00,4.635861678225477789e+00
4.770547242649585407e+00,3.334791301171444289e+00
4.549622246380850221e+00,4.649494643236517177e+00
4.496866108397519213e+00,4.657547654330925546e+00
4.393191560155832676e+00,4.654024629293099125e+00
4.337673118927011906e+00,4.669026951465484743e+00
4.286523020880395052e+00,4.659506934580384119e+00
4.172979605415821247e+00,4.684329167826615681e+00
4.119969069410334583e+00,4.677712066747382380e+00
4.686668480182689223e+00,2.136092889588982580e+00
4.646484766406030253e+00,2.139170048369911648e+00
4.588546653544828935e+00,2.144632318656832126e+00
4.397356626946842262e+00,2.161159797935618077e+00
4.323613379038984128e+00,2.171642231581061289e+00
4.290002112568116921e+00,2.179567982851257746e+00
4.244142008539310673e+00,2.177611622903679933e+00
4.153047330947337024e+00,2.181804746579994347e+00
4.103503433011752577e+00,2.191628837739133306e+00
4.053397797377324530e+00,2.199849512202417756e+00
3.929157810510131910e+00,2.201281419820447560e+00
3.567763408740264541e+00,2.178779798447029847e+00
2.676346012739757807e+00,-7.521905067465664008e-01
2.868460970335142246e+00,-7.934377672898260681e-01
3.034479445617581206e+00,-7.616484247342392155e-01
3.179396179166976921e+00,-8.399523889139624000e-01
6.172206591237669571e+00,2.694905934741214537e+00
7.376251141242475384e+00,4.482214696248458807e+00
6.859890467990828355e+00,4.526792132988486372e+00
6.742062341132601944e+00,4.562821083111627374e+00
6.683091329295224980e+00,4.579033454539394477e+00
6.600430909748966180e+00,4.554615606437115716e+00
6.407962958760014871e+00,4.557800200353359976e+00
6.346413198918781973e+00,4.559389767664756121e+00
6.277379502499128350e+00,4.543514663230118877e+00
6.173231683696890570e+00,4.576609582636835150e+00
5.997225912109242607e+00,4.570489591719875122e+00
5.890515446643941111e+00,4.584833134529691101e+00
5.823222747481746175e+00,4.547233513653006653e+00
5.625132386855928424e+00,4.601910898173525055e+00
5.416388997349116607e+00,4.600259493736619909e+00
5.165031436625246997e+00,4.625236574039263360e+00
4.963448639040013433e+00,4.627752449945054636e+00
4.913150294328495704e+00,4.630180914346006205e+00
4.711134524348560504e+00,4.635083790786917568e+00
4.659960787586484798e+00,4.640073206760957802e+00
4.454012048950438007e+00,4.644949576135161351e+00
4.400883737499247772e+00,4.651256105611850877e+00
4.242566920459383439e+00,4.650637025557568194e+00
4.024920604601700980e+00,4.651248124242572501e+00
4.498180586639636047e+00,2.828113349570377633e+00
4.164193911056772279e+00,3.428774160336440779e+00
3.983793541044470921e+00,2.179591846733495153e+00
-3.218226943019874220e+00,1.460494955114826521e+00
2.760314500159239071e+00,-8.212865614791151625e-01
2.844458727220100069e+00,-8.102869923697928467e-01
2.951784919930190654e+00,-8.585816809518613812e-01
3.346528812158480193e+00,-8.633655946640008683e-01
3.560514968988921503e+00,-9.110850042711560182e-01
3.879356267065147357e+00,-9.502167425958523150e-01
6.476933207196806208e+00,2.093564250093827184e+00
6.378276699589433996e+00,2.098314440946719817e+00
4.624398871718356396e+00,2.261440560343650485e+00
4.625099238053171469e+00,2.239878850249621411e+00
4.589039218570881928e+00,2.239658246488100080e+00
4.495686078106732708e+00,2.254865009677679666e+00
4.474802193290069674e+00,2.243531467367761767e+00
4.432116604188228060e+00,2.254518200278051054e+00
4.398877858845121835e+00,2.252612590388265001e+00
4.310586893605885983e+00,2.261104665570443650e+00
4.275373646147822448e+00,2.271979921204027697e+00
4.238035543603248634e+00,2.283018243382786583e+00
4.191464309800619681e+00,2.279691629603713743e+00
4.109661617826850133e+00,2.297453554805362064e+00
4.055373358612109236e+00,2.291368654084244838e+00
4.007532819438790916e+00,2.299642625066646850e+00
3.958289484627717236e+00,2.306911734859357299e+00
3.786088252887779504e+00,2.305612936288085280e+00
3.566584598751264323e+00,2.300588800605186002e+00
3.457056418429024891e+00,2.286822794603215137e+00
2.550601443250476219e+00,2.439680276317099938e+00
-3.326230654043487611e+00,1.796937778088642190e+00
3.705793585556667935e+00,1.516550364438004284e+00
2.433922897019579423e+00,-6.246720054920720244e-01
2.581742079844993931e+00,-6.448881190919726336e-01
2.702260683038968381e+00,-6.858286148869723320e-01
3.174104357009604804e+00,-7.135643694093336542e-01
3.270293811240497561e+00,-7.587512527050872535e-01
3.327611723672920352e+00,-7.660207405068879538e-01
3.387800128141380096e+00,-7.669354432582773384e-01
3.440959118102630221e+00,-7.777385869330606383e-01
3.545079239600739118e+00,-7.996133767025739303e-01
3.597040027339520663e+00,-8.089877529976008397e-01
3.654680755861260621e+00,-8.056799783526771286e-01
3.748568149940767924e+00,-8.391275236793118708e-01
3.798592051580513385e+00,-8.481379924263721115e-01
4.640197583905060874e+00,-1.219688136071597651e+00
4.691968106101108482e+00,-1.224095520749167942e+00
4.744159952838979954e+00,-1.221609023242386627e+00
4.847606862739907818e+00,-1.232888176856390849e+00
4.899518671481160048e+00,-1.242673639471990832e+00
4.951684044094814219e+00,-1.245551583811771668e+00
5.003887016938887378e+00,-1.245518362171671001e+00
5.108367155793749781e+00,-1.243714616190814581e+00
5.216850171413139670e+00,-1.279059276547757307e+00
5.269453490685962471e+00,-1.272400174426790098e+00
5.376771705262168410e+00,-1.273148044995304318e+00
5.430701856286674456e+00,-1.272579371413661509e+00
5.486227610397143906e+00,-1.278907749005845140e+00
5.598169449300399059e+00,-1.287505770232120206e+00
5.650034731520849007e+00,-1.271296444755472876e+00
5.687898884865459692e+00,-1.201953572150857408e+00
5.731924025247336019e+00,-1.162077487275063881e+00
5.827708590284113477e+00,-1.115721304819768722e+00
5.870454365719004031e+00,-1.078573013965907101e+00
5.914870516289945535e+00,-1.048344765402635215e+00
6.078382036778487318e+00,-9.060848189069519165e-01
6.134047238491982412e+00,-9.063469408732736099e-01
6.171901977103487091e+00,-8.676009969662072940e-01
6.253942477878617900e+00,-8.063235165966142759e-01
6.290106422847090428e+00,-7.677092791271449279e-01
6.328298548644075261e+00,-7.338294733153611915e-01
6.407105674575494625e+00,-6.720537311588499207e-01
6.446892497609132633e+00,-6.423392379749546244e-01
6.486650056892916183e+00,-6.128055861608299182e-01
6.526979368965850625e+00,-5.842574278620564776e-01
6.596523315248903785e+00,-5.122631006592293090e-01
6.629543469317269455e+00,-4.747163683480666307e-01
6.669882496276326123e+00,-4.468618119076306350e-01
6.705942553681749629e+00,-4.136535949965298720e-01
6.784150282006218724e+00,-3.544461876090663210e-01
6.822525667008610739e+00,-3.237753227235855569e-01
6.852117494241782403e+00,-2.837183718634572749e-01
6.960692994213793838e+00,-1.845532343711964174e-01
7.005866202177825741e+00,-1.594019015192835731e-01
7.045526449763986676e+00,-1.286320094337112252e-01
7.109593959001388797e+00,-5.326246512514676290e-02
7.182118875836408733e+00,1.580045952078723559e-02
7.226434329801199041e+00,4.489466306051781430e-02
7.295066478326567072e+00,1.191338756835929047e-01
7.335594684149496558e+00,1.526065873843349685e-01
7.370606701686562623e+00,1.902133903202565257e-01
7.411016771722040986e+00,2.249155290884390368e-01
7.486925235223769626e+00,2.990942303224735088e-01
7.529354371184625805e+00,3.346357295165607315e-01
7.573984196219774034e+00,3.698418611121851995e-01
7.634790756350254171e+00,4.564962502941767308e-01
7.698754446339319379e+00,4.851184605935137117e-01
7.737748015750910646e+00,5.262951081304887424e-01
7.786318284236550369e+00,5.642658523142045635e-01
7.856689849016472493e+00,6.535820253182278439e-01
7.872106816890864778e+00,9.326176448649288186e-01
7.864510048593017721e+00,9.897456089270471047e-01
7.842204905974432094e+00,1.049595838659466374e+00
7.861726357611130034e+00,1.152642547510264182e+00
3.862277264168669788e+00,2.281814116836376805e+00
3.750926044634555367e+00,2.270420390992103687e+00
3.700305181083479944e+00,2.271009629510475580e+00
3.669639321294866807e+00,2.273416215301119703e+00
3.645498106979653485e+00,2.270694094451992662e+00
3.596003023024053835e+00,2.263624755210036810e+00
3.408567093449881735e+00,2.282638359497966896e+00
3.339574282227501634e+00,2.293307630931349816e+00
3.256184413141227196e+00,2.307713451394358906e+00
3.181899806399812292e+00,2.290602144016910202e+00
2.529202584630220407e+00,2.438582788417164693e+00
2.381758046504137916e+00,-6.178733462004177834e-01
2.693125109141246476e+00,-6.505435509458801224e-01
2.846295716214386928e+00,-7.003334268855054834e-01
2.916333495970771406e+00,-6.830431753883032808e-01
2.976393107302734542e+00,-6.797346104498591668e-01
3.108236576495922332e+00,-7.513189980770580423e-01
3.160067369118649161e+00,-7.589118934823926299e-01
3.209270524944721537e+00,-7.709351940892992250e-01
3.456926552123365859e+00,-8.133545292827648598e-01
3.605562244820737394e+00,-8.251744378245791101e-01
3.800757001150445902e+00,-8.316729075774034197e-01
4.790876715935167951e+00,-1.265365113776118156e+00
4.846253943476804160e+00,-1.269812678569568254e+00
4.955656074210474493e+00,-1.263897239303643838e+00
5.016732612061419516e+00,-1.290850095863467439e+00
5.072700804899145766e+00,-1.288270867901317507e+00
5.184669224244207619e+00,-1.279105119284226655e+00
5.314872230183155466e+00,-1.327281575632246691e+00
5.376969519361298744e+00,-1.334561271892345191e+00
5.499751978861562307e+00,-1.336957596089922928e+00
5.556262849051702091e+00,-1.321837841586504636e+00
5.622061890353732494e+00,-1.329913260439555378e+00
5.725370389983008401e+00,-1.272232265078804714e+00
5.773196421180754712e+00,-1.235746389970973746e+00
5.816298849776825541e+00,-1.190402913783308536e+00
5.856020383990006906e+00,-1.140009971499400310e+00
5.953361370189591995e+00,-1.078331910174538999e+00
6.043634598423262894e+00,-1.005701622687904306e+00
6.205030969983001299e+00,-8.382594212650993359e-01
6.365544090966595014e+00,-6.802732287825572488e-01
6.546647901594763397e+00,-5.498556318500404938e-01
6.571723305042989516e+00,-4.951816614994009047e-01
6.792828672324116468e+00,-3.216966105664920139e-01
6.837273087539335492e+00,-2.859872409487997924e-01
7.057063610705936796e+00,-9.811167233803663734e-02
7.135388493090558448e+00,-1.280880812720819328e-02
7.245052336778218915e+00,5.467574551640930203e-02
7.495958812916690306e+00,3.227106103922419145e-01
7.562498440117328968e+00,4.247211653518059293e-01
7.698192438315341946e+00,5.008353290174707428e-01
7.758855057781232745e+00,6.109633239943990102e-01
7.827615712217531829e+00,6.536181130840823528e-01
7.800311264809461242e+00,9.220658878017279347e-01
7.798028703675837114e+00,1.048534990660071164e+00
6.763531913998946266e+00,2.076144548839680581e+00
3.538533285592998734e+00,2.262810290829418314e+00
1.424778587314169620e+00,3.218108577868707076e+00
1.414783338905580390e+00,3.182386545740977013e+00
1.369523535620099430e+00,3.139821804726960153e+00
1.336096176490309873e+00,3.129219293734035290e+00
1.455210477449041306e+00,2.826509110758475884e+00
1.448736931302399888e+00,2.798045684855415161e+00
1.450718794879582330e+00,2.501622621440881211e+00
1.432767046727769111e+00,2.458925863426516756e+00
1.412667840876745906e+00,2.443045216520360441e+00
1.379145533645298016e+00,2.432924345885903339e+00
1.240192191509941422e+00,2.357166373822229488e+00
1.069557069253281867e+00,2.358419867149784466e+00
-1.074202491304613094e+00,8.603527181965127113e-01
1.126189405753319939e+00,1.316933730374038269e+00
4.436907232717812732e-02,-1.113763418663529903e+00
1.229614697644407784e-01,-1.126592087403326170e+00
4.498777926746919675e-01,-1.137084377998048401e+00
5.236882039731649563e-01,-1.143953246735860185e+00
5.965178784576248283e-01,-1.150000725007403135e+00
7.340080259662213891e-01,-1.168316713114245564e+00
8.051255326845143667e-01,-1.170543435478201610e+00
8.881519207065899923e-01,-1.149517246789401481e+00
9.985857009826588637e-01,-1.199858108493851772e+00
2.267480981819921748e+00,-6.600423754391033793e-01
2.309594716319232521e+00,-6.825422678828798606e-01
2.353794141977163967e+00,-6.904067776633284748e-01
2.443710688558845767e+00,-6.888606003000907751e-01
2.489070718696109630e+00,-6.754171117802403312e-01
2.532560590275112933e+00,-7.051524745517785409e-01
2.622314163783682872e+00,-7.113390010591269519e-01
2.667334542489714799e+00,-7.137558479376699960e-01
2.711933943202844866e+00,-7.023949636088044901e-01
2.758472855276389524e+00,-7.312000523650576955e-01
2.895540520875426793e+00,-7.328693112698332346e-01
2.942594944380088506e+00,-7.414035879310942878e-01
4.562087574877899954e+00,-1.481258503672116200e+00
5.773522907875391574e+00,-1.163230156421415140e+00
5.954167678360458460e+00,-1.016439235850355560e+00
6.146225784803204029e+00,-8.730597178751453580e-01
6.661256612488724471e+00,-4.507551955725490611e-01
6.923924972696548608e+00,-1.241555855724634227e-01
6.976282520685304078e+00,-5.664647100694075732e-02
7.203196456875538445e+00,2.153263430511858090e-01
1.433266581416789309e+00,2.312346757555292065e+00
1.397672062610386234e+00,2.321006586548020056e+00
7.735132140233096365e-01,2.373312445474302645e+00
6.595975049851434679e-01,2.400216020166475950e+00
5.988967492349492883e-01,2.422844688114629275e+00
-1.605792671892263490e+00,2.524316603236206102e+00
-1.719386408944601818e+00,2.529767106391532128e+00
-1.833703082478806978e+00,2.531463195421439494e+00
-3.240107900814811259e+00,2.254673239220747138e+00
-3.298264285722240619e+00,2.199584064731766375e+00
-3.317719063963870951e+00,2.138954187821969999e+00
-3.323547341281401390e+00,2.014206595344141704e+00
-3.342807725816819175e+00,1.952616162009336742e+00
-3.347004995384167181e+00,1.890050914713790053e+00
-3.362109696742363596e+00,1.827493902977712859e+00
-3.630591927335348412e+00,1.626918012491190391e+00
-3.927359113236543298e+00,1.247003374379211049e+00
-1.608503684604903894e+00,8.315815285918919386e-01
-1.537787806538173152e+00,8.284992398500952149e-01
-1.511576025533546641e+00,7.618397243361967330e-01
-1.199474958548981451e+00,8.038622183283092859e-01
-1.106910794892156602e+00,7.963207734597766985e-01
-1.070226032213208445e+00,7.875075307975201166e-01
-1.080613988456035512e+00,7.423235400641456927e-01
-1.072716321030569686e+00,6.714223767401186205e-01
-1.043503066887552233e+00,3.910983877175395751e-01
-9.995790779294588813e-01,3.905628763293773620e-01
-9.287990834661228323e-01,3.734870450998273306e-01
-8.869933023579286147e-01,3.743673220766676746e-01
-8.419271648596122759e-01,3.810266693643005187e-01
-7.802885680205644547e-01,3.602789850277452466e-01
-7.426224560904663985e-01,3.607541809007110967e-01
-6.860418376317172218e-01,3.364805922296840723e-01
-6.640066650477081112e-01,2.549509426994873706e-01
-6.901548921087854449e-01,-5.742249457892014686e-01
-8.536265873732138409e-01,-1.138079521764163937e+00
-7.985897957018814886e-01,-1.146416232669533519e+00
-6.895709049540450497e-01,-1.162881555100846453e+00
-6.315478169610051484e-01,-1.157626656489567862e+00
-5.758662823003961595e-01,-1.157999292640636613e+00
-4.697256434587167573e-01,-1.174108510166075758e+00
-4.164925884463803185e-01,-1.180250709179643254e+00
-3.624646581129963852e-01,-1.181521398672499723e+00
-3.085940978707994442e-01,-1.181815644645259455e+00
-2.046508936270132750e-01,-1.201256287000974199e+00
-1.486243794432249854e-01,-1.180865829810182843e+00
-9.571487853292798276e-02,-1.179311814710019446e+00
1.453874026108353812e-02,-5.805882274232481155e-01
6.110725589080762132e-02,-1.182021895495589670e+00
1.130979279480806288e-01,-1.184755930085577225e+00
1.650756896023258535e-01,-1.188581346310189302e+00
2.172629623073578931e-01,-1.178500400754560085e+00
3.210660792514564155e-01,-1.177613081032332198e+00
3.734615071987108514e-01,-1.187799636087468746e+00
4.253836957411925024e-01,-1.183085072853128805e+00
5.298897057266955812e-01,-1.181899514487501301e+00
6.384439413062554802e-01,-1.206784108809868306e+00
6.916646090860966156e-01,-1.205372517148864508e+00
7.979371525409511001e-01,-1.197745314789954607e+00
8.516835824099191488e-01,-1.195457315540818355e+00
9.070322737413649694e-01,-1.199036734802520376e+00
1.074589957887329028e+00,-1.202621319178380999e+00
-6.119698643831520402e-01,3.733248388919437055e-02
-6.122905673955448824e-01,-1.174590542361064749e-02
-6.173110462850219804e-01,-7.551746703607951916e-02
-6.173477462498316859e-01,-1.411325800702177835e-01
-6.162356751972641877e-01,-1.542852408629227234e-01
-6.148553775024538925e-01,-2.094238282831091258e-01
-6.225962524893603467e-01,-5.021226216265053388e-01
-6.401173092151681843e-01,-6.824701085338715778e-01
-7.710327643627052918e-01,-1.074369798737006665e+00
1.010234783038603368e+00,-1.270083075700884523e+00
1.081140521397594423e+00,-1.269898427779533989e+00
1.159353389893216901e+00,-1.274198149200598262e+00
1.203791916501992576e+00,-1.280695037578285733e+00
1.392364349134973978e+00,2.298363250311131534e+00
1.340132666266286021e+00,2.297371314754949267e+00
1.283084260568047474e+00,2.285574979024715070e+00
1.196429522781132349e+00,2.308193292300936506e+00
1.146158254197763959e+00,2.303811518332603558e+00
1.014880058198383450e+00,2.324036749672613755e+00
9.678587634629679526e-01,2.320410540415309697e+00
9.208994171770484849e-01,2.314896524199692163e+00
8.770785872291445573e-01,2.315971650554368377e+00
7.949293410796204329e-01,2.330853410270058657e+00
7.038762947619794375e-01,2.310944677698461458e+00
5.886287373479187623e-01,2.351079219398374498e+00
5.499069815410996265e-01,2.364443745961501087e+00
4.677274497134113473e-01,2.366499799790450886e+00
3.882029648464099814e-01,2.382472593254814086e+00
3.456896078173896658e-01,2.367565028824023976e+00
2.252751461517273901e-01,2.373147651743034103e+00
1.852682410814179281e-01,2.376267175846853874e+00
1.451688329437301195e-01,2.377689055861291312e+00
2.485852637438697166e-02,2.375754307545237420e+00
-1.542291696936565204e-02,2.379372202161512462e+00
-5.530390382026136031e-02,2.373298447266129152e+00
-1.349853365204048417e-01,2.364061757968090038e+00
-4.526652222085003063e-01,4.810194256741111118e+00
-5.339753741902385498e-01,4.791188031548606396e+00
-7.013246212521901946e-01,4.786486864527907059e+00
-7.808092416627451238e-01,4.758301600064068104e+00
-8.673047931815049960e-01,4.767001194689313159e+00
-1.120570604475270349e+00,4.746629249702122522e+00
-1.045095817073615097e+00,6.679223199224011420e-01
-1.052310457844714664e+00,6.221336534437186261e-01
-1.047961465846818818e+00,5.959962426158784687e-01
-1.050385144879293131e+00,5.733717599052503555e-01
-6.446430322779450606e-01,2.819332561154384575e-01
-6.239773056817955466e-01,2.368086609240373508e-01
-6.174029314522279099e-01,1.846832672928994112e-01
-6.139836180364928175e-01,1.470724241156207146e-01
-6.129983961763545430e-01,9.812935260373997770e-02
-6.541250086062744273e-01,-6.703173432928974940e-01
1.134131311359551031e+00,-1.291342095129579759e+00
2.342337207343780481e+00,-1.852220313986564060e+00
1.344919660658807414e+00,2.305003348733372093e+00
1.237353686666448738e+00,2.291800095327737097e+00
1.056258825332031526e+00,2.311875280774809749e+00
8.335114769881849517e-01,2.315136102857751510e+00
6.661956427456013907e-01,2.325207652342595299e+00
6.301918372082243591e-01,2.348641725409078340e+00
4.281171069402924800e-01,2.372798487686614166e+00
2.656443203080980919e-01,2.370299762482479977e+00
6.528861875363080325e-02,2.378435393011020249e+00
-6.153702613940434940e-01,4.779799875465550407e+00
-7.769851233766713605e-01,4.741720661112197810e+00
-9.531940733337399552e-01,4.772310306719361073e+00
-1.039126572473510146e+00,4.771003585402969094e+00
-1.292188704480133010e+00,4.736495692384560030e+00
-1.374454981933272313e+00,4.715588801233599803e+00
-1.384694462359455036e+00,2.388049908463794502e+00
-1.661809127380811990e+00,2.357647490126913326e+00
-1.046157198705236269e+00,6.438429695267628983e-01
9.876565324085636588e-01,-1.288904944621693804e+00
1.294945038950829019e+00,2.305305811159869211e+00
1.191494341956047531e+00,2.296126867849274333e+00
5.890872025265754264e-01,2.348928482530624695e+00
-6.220483867384102306e-01,4.832389477675005374e+00
-6.968477619563855363e-01,4.771012371688504672e+00
-1.029417725471059253e+00,4.735282483889891481e+00
-1.449576180921192892e+00,2.400807936903493811e+00
-7.012361715829438236e-01,4.802722111235420144e+00
-1.124363665925158129e+00,4.772501344911891152e+00
-1.651737750438700969e+00,2.346467254509609024e+00
-1.840095039705473834e+00,2.338247711375112559e+00
-5.958913116425510470e-01,-1.078637768533018265e-01
-7.251382432194252159e-01,-1.050886481792974392e+00
1.248430375286608385e+00,2.308579245554294168e+00
-4.474791063035774008e-01,4.805747870467514282e+00
-5.318177609060619204e-01,4.810631256144660917e+00
-1.953152532727467028e+00,2.309176807952278310e+00
-6.364659644578510855e-01,-7.036768216097905038e-01
-7.520442198849537352e-01,-1.278970627284185424e+00
-1.537390938670653018e+00,4.683426776229701716e+00
1.149012071374210908e+00,2.299119015233931140e+00
-1.455135206841768447e+00,4.715785036543498343e+00
-1.645774525193769655e+00,2.344732334773079074e+00
-4.401723065672729640e-01,4.795495767058798542e+00
-9.492763807486349625e-01,4.801840256717215816e+00
-7.267577447168551696e-01,-1.049725839573216080e+00
-6.928896088326939040e-01,4.806128401328225941e+00
-9.394109025504154831e-01,4.759981268155814682e+00
-6.234659059717058138e-01,-4.994874993614072389e-01
2.498926413306993943e+00,2.436957670318499414e+00
6.648402427875083065e-01,2.295591186671637196e+00
2.517422880548553898e+00,2.453799088311026555e+00
-3.995552394169118227e+00,2.599686935586671854e+00
2.323250521426267312e+00,-1.848358439686642596e+00
9.238116328994984139e-01,2.299909848432669879e+00
-8.482121351347883254e-01,4.753500878363178472e+00
-1.098704239715088349e+00,4.726424718665443336e+00
-1.282020273126064591e+00,4.757200625573053898e+00
-1.349898707077443971e+00,4.691834569548316125e+00
-5.988377369097046543e-01,4.785260906139964909e+00
-7.708383986470036531e-01,4.803837604756398427e+00
-1.190648585624284328e+00,4.757009424563399591e+00
-1.705672064478063854e+00,2.350156904595037677e+00
1.015683136136378950e+00,2.299863082700515982e+00
-5.992974721532550175e-01,4.801361096748038904e+00
-1.785844293195933075e+00,2.370460305414221036e+00
3.084118740439341977e+00,-3.004905089978850086e+00
-1.442076508661253476e+00,4.717993393393150825e+00
-8.370703930303128315e-01,4.736342728877587227e+00
-1.761817785712930240e+00,2.343600933779964368e+00
1.403708829305391648e+00,2.290468931409500364e+00
6.021125688166256706e-01,2.354194543939618800e+00
-1.206852041281562399e-01,2.342293069759131541e+00
-1.098509895473648523e+00,4.764643089406654930e+00
-1.429306151528662028e+00,4.691664030523654993e+00
9.859967979899020296e-01,-1.301959205888859605e+00
-1.348805933887953667e+00,4.728810326605137782e+00
-7.735976080223125884e-01,-1.047387957066272968e+00
-7.638050715772362054e-01,-1.315739830287972589e+00
1.097398621414593434e+00,2.293308597566038554e+00
7.443722414657923947e-01,2.293029745434513877e+00
5.088860855432115748e-01,2.346336841882152857e+00
-3.680851686487972563e-01,4.809537708145754209e+00
-1.277999266315783089e+00,2.399243070091328534e+00
-1.567945212120551046e+00,2.401375429768862091e+00
-5.875971629099357996e-01,5.836865153573995990e-02
-5.871110873412983544e-01,4.609130842508210590e-02
-5.899785529184508048e-01,-3.702044718555161373e-03
-1.206983844909509607e+00,4.765876450910756290e+00
-1.325931882101252679e+00,2.408760917946076052e+00
-1.390167302561446716e+00,2.420238367770397581e+00
-5.911790094367675996e-01,2.726687096812899225e-01
-5.964960095665556850e-01,2.476399211773472331e-01
-5.905738470565284892e-01,1.823207453817527468e-01
-5.869896447671656414e-01,1.444682317843843378e-01
-7.449420780138766851e-01,-1.326643459256168445e+00
-9.938456295926761941e-01,6.355720403714019140e-01
-6.255097663200614999e-01,-2.534540871229473136e-01
-8.414036579224707380e-01,-1.314632482705041738e+00
-6.623335954540696680e-01,-1.324099339218792082e+00
3.067060428602462530e+00,-3.062916866386140580e+00
3.884696054423022904e+00,-1.947592921422050205e+00
-9.855909010388780311e-01,6.685903436641528197e-01
-9.942272003507220957e-01,5.943201887799840488e-01
-6.512198676866246538e-01,-1.207691241093342832e-01
-6.362813700454753585e-01,-3.019372768059451206e-01
1.184610066216756907e+00,-1.300982997668723495e+00
2.778362861746880075e+00,2.426303871119120714e+00
2.744193740712242757e+00,2.475734653141417052e+00
1.461828685358594004e+00,2.280998586336428602e+00
-1.284116953062716115e+00,2.409344035955889751e+00
-5.854889159162254275e-01,-6.431272301447464590e-02
-6.536540555211296510e-01,-2.074804270636489978e-01
-6.587963471461276699e-01,-2.687155248679936048e-01
-6.524204742947516955e-01,-3.073410038016605172e-01
4.762542541182658518e+00,-1.896435368085021222e+00
4.780818822536117452e+00,-1.812973636278108813e+00
-6.589017212312027194e-01,-3.611074172618919942e-01
2.982810937729718059e+00,-2.959347941400769511e+00
4.754953433652048034e+00,-2.141304480500568097e+00
-3.245057567525623465e+00,1.850560877289852524e+00
-6.305072090803660600e-01,-3.577987748984574612e-01
4.818482953752085685e+00,-1.948201653911302289e+00
6.518286687798025003e-01,2.350963590215210175e+00
-9.976108663883659355e-01,4.717350863906504266e+00
-6.685368298095963890e-01,-1.513368556945451915e-01
9.163706890984822662e-02,-6.958372655404834184e-01
4.790254356812810421e+00,-2.279306686129308979e+00
4.811555210521694548e+00,-2.195473629396255788e+00
2.511433652762380841e+00,2.394617439520197788e+00
-3.256368926716505907e+00,2.096795406779476512e+00
-3.295319079190790035e+00,1.946910689842462627e+00
-6.572793101304139629e-01,-4.426856129840464060e-01
4.790989707644063067e+00,-2.437286318395781137e+00
4.806874251735860248e+00,-2.349109223608963681e+00
4.813114629784673859e+00,-2.256700917400988438e+00
3.167277053401906350e+00,2.340871132860305348e+00
-6.465512521008381919e-01,-4.212208476439039950e-01
-6.543898618607910667e-01,-4.531444122756863591e-01
-2.499548415978238292e-01,-1.298619025671186700e+00
3.068123730023135209e+00,-1.860517767336440365e+00
2.584562475589270658e+00,-6.592403615347870449e-01
3.398109867080412183e+00,2.306222925773767862e+00
2.773928625940969006e+00,2.388254728815254690e+00
2.725263639136866978e+00,2.411637727934577757e+00
-2.601013499434984277e-02,-1.318494858551408688e+00
3.404131990594471358e+00,2.356371739159388579e+00
2.450356285172067272e-01,2.401177918967512426e+00
-3.252941331265240432e+00,1.985451389952349155e+00
4.815440031764826934e+00,-2.637247803179910477e+00
2.886541861500401485e+00,-6.592479397806471075e-01
3.526640050766877366e+00,2.333545710619123970e+00
3.450188513355486375e+00,2.343649238993592565e+00
2.494367583014420298e+00,2.450968787077981492e+00
3.610735812880256912e+00,2.329525804736953809e+00
-3.293142379113569440e+00,1.892239221693255313e+00
9.206988129169856039e-02,-1.225260502075977698e+00
3.433515789403582819e+00,2.346081303197733003e+00
3.328525629171407374e+00,2.319533119063542426e+00
3.241010485007869146e+00,2.306717508214831458e+00
3.113147279244517840e+00,2.323489922280405739e+00
-3.323018260296154658e+00,1.749055181950455173e+00
3.038410941308984370e+00,-6.812246634719301142e-01
2.822197514169823229e+00,2.399536575233861768e+00
1.709188045970641001e-01,2.402059903719348188e+00
1.220811510937302169e-01,2.401570039440094284e+00
-3.201019969154538014e+00,2.026873853905160949e+00
-3.271433278074468376e+00,1.783513103270333078e+00
-3.275950921496050938e+00,1.696163508837011280e+00
-6.580328958886203505e-01,-5.110619308430089935e-01
4.747310574028403174e+00,-3.147551300207335423e+00
2.539138904825198217e+00,-6.757444341245216757e-01
2.779771652497464718e+00,-6.824217253404526451e-01
5.935828803709718215e+00,-9.864844088380084752e-01
1.463813225572853538e+00,2.305309833241303341e+00
-2.135539520064431984e-02,2.408750562611408963e+00
-3.258119813837130785e+00,1.723723666421148604e+00
3.438423245071119183e+00,-7.240759062103032662e-01
-3.237683624609365207e+00,1.767137755048920678e+00
3.515580993479492822e+00,-7.281821171543408910e-01
5.403768401401929378e-01,-1.295622463018662796e+00
3.125409218535673439e+00,2.358441461879893897e+00
2.200208099970591302e+00,4.809696420269046868e+00
3.394812422480757430e-01,2.406060561632743511e+00
2.869259824328717623e-01,2.408261604343326923e+00
2.815963706231104702e+00,-6.633169661937585726e-01
3.716190679956553833e+00,-7.476473041929490027e-01
3.268543636430483179e+00,2.355874137559823112e+00
3.205992976757261914e+00,2.352835425568594374e+00
2.769392668263865431e+00,2.453532219106396628e+00
3.714009447150476428e-01,2.404572267312182987e+00
-6.758295726794176783e-01,-6.270199228042241391e-01
6.846890382013463006e-01,-1.296136486545077515e+00
3.492424487789810517e+00,-7.154400379224475914e-01
3.327473824906141964e+00,2.359456593769968080e+00
2.757170135180175841e+00,4.769275422557630151e+00
2.584659641126652030e+00,4.764742704767294335e+00
2.502304754943938114e+00,4.778323136889791378e+00
2.339915337242497007e+00,4.820938918439663823e+00
2.171238071725521745e+00,4.818168560092670027e+00
-5.737948633918126262e-01,-2.006537125691323920e-01
3.051088335970900900e+00,-6.630815602558561839e-01
6.501539666061692202e+00,-4.500440995042357395e-01
3.823560115840447970e+00,2.367564896277026154e+00
3.019225313844149827e+00,2.359111451724150044e+00
2.808899081579924850e+00,2.448390681558949122e+00
2.928657924066329077e+00,4.756609566094746278e+00
2.676218056347099417e+00,4.784056170578417699e+00
1.514816931578595316e+00,2.294346463049105278e+00
-5.488961730601313871e-01,-2.064542574018448096e-01
3.109484980819298805e+00,-1.861253552177363879e+00
3.484517702913850989e+00,-7.519921695115108218e-01
6.605149197503122238e+00,-3.762782239240753390e-01
4.323229995368252254e+00,2.374645210177310783e+00
4.245742633467840754e+00,2.382719200576410401e+00
3.818361240133765211e+00,2.338808330317998063e+00
3.158981403883900807e+00,2.353361059401930966e+00
2.803951972672753090e+00,2.457883354778689800e+00
2.779604106755118043e+00,2.519349453323157295e+00
2.850368369019991466e+00,4.767521703793886623e+00
2.351456926846124063e+00,4.828311009557473277e+00
2.263783668838951435e+00,4.788021823224298146e+00
-5.710649864845985801e-01,-2.614137457492498040e-01
3.114848343336797054e+00,-6.831433704563828480e-01
4.378224703033803955e+00,2.376032217962314341e+00
4.289140302775519942e+00,2.373039121108553751e+00
2.486665440809126437e+00,4.817412233103513408e+00
2.233277219638106548e+00,4.788927949588667410e+00
1.903251325897452162e+00,4.814234664113300255e+00
-5.469434023127694999e-01,-8.652706615597471895e-03
8.247460070506807961e-01,-1.276363764471059481e+00
3.337067321812910325e+00,-7.344401414322786481e-01
6.060591064994053312e+00,-8.985464492548418391e-01
3.732832820330857615e+00,2.311401692789607498e+00
3.350672356539331709e+00,2.353095243447783425e+00
3.092636595477121109e+00,2.356841115146706578e+00
3.031595481323020369e+00,2.331895842470198321e+00
2.652850021234568700e+00,4.817561285683676253e+00
2.567820134298206547e+00,4.813007180782226335e+00
8.769656279270108268e-01,-1.279201607735269031e+00
3.390688231134238784e+00,-7.359911042656048785e-01
3.666528121426633646e+00,-7.485932359815022918e-01
4.398543782015688741e+00,2.341308522063791919e+00
3.969177088055991565e+00,2.367192427350433004e+00
3.088772067910534602e+00,2.331831190574931156e+00
2.623342214318503451e+00,4.793557458236945124e+00
2.541074936366084280e+00,4.806386561628539944e+00
2.291066019185412639e+00,4.806307611537177671e+00
2.125652613027352089e+00,4.820952318111863200e+00
3.552285753734078622e+00,-7.492849762762704424e-01
3.769138438841365346e+00,-7.609916218605710103e-01
4.280123036120509816e+00,2.342077964054814831e+00
4.133665774836771334e+00,2.342076744441000447e+00
4.005197110721009146e+00,2.353232510032702507e+00
3.684559515632532811e+00,2.343523477942945021e+00
3.466354016020431139e+00,2.353455286843955552e+00
2.406891497280395420e+00,4.783806519704862481e+00
2.243817413436518748e+00,4.860041449601228081e+00
2.076794450929288161e+00,4.808565150156604240e+00
7.044867188434201788e-01,2.369779408264063303e+00
4.843556803168792835e-02,-6.378233557128887288e-01
3.235478861625008307e+00,-7.312750426538955351e-01
3.288104096401954557e+00,-7.406950273455986666e-01
3.661611518384129127e+00,-7.549377586841065080e-01
3.852710744099497653e+00,-7.485976287835072185e-01
4.926413292769258767e+00,-1.093640133747315391e+00
5.904356460553554342e+00,-1.062590782932135269e+00
6.020260445917589465e+00,-8.810700028203658496e-01
6.995162562607657897e+00,8.073299871268396766e-02
4.197570600301488319e+00,2.326818984836831028e+00
3.940929735951926194e+00,2.341514959828648212e+00
3.712567680096546585e+00,2.361952366196452324e+00
3.649997474647822315e+00,2.353978475153485128e+00
2.404763965738117459e+00,4.814425619811393275e+00
8.926695279445115982e-01,2.352933951732502749e+00
-3.561164597525177555e+00,1.362695317978855680e+00
3.736639971581183328e+00,-7.631261446445645191e-01
3.845475762733794767e+00,-7.523758039285090016e-01
6.101676398732616136e+00,-8.326865697448718739e-01
6.152839692523733639e+00,-7.731781358328605469e-01
4.307338912474264703e+00,2.331830596369985908e+00
4.120684850085926776e+00,2.356056177577535493e+00
4.051340672115111730e+00,2.351229944170684316e+00
3.586155110108996791e+00,2.356246208262112063e+00
2.931704054636906420e+00,4.825647783889523090e+00
2.012797057628796349e+00,4.808935603056645469e+00
1.035247680132923787e+00,2.362314025589974609e+00
3.809112686569107176e+00,-7.447729565032569221e-01
5.678208629297155419e+00,-1.115164328798402993e+00
4.186547360987120214e+00,2.351200041256985340e+00
3.942956305857176158e+00,2.364260550947526962e+00
3.650626594912590672e+00,2.351357855722797652e+00
3.505383343922213513e+00,4.758550395590666504e+00
3.414920342048310076e+00,4.743569568043475293e+00
2.448486387489807736e+00,2.442249811136680382e+00
2.166670006657748893e+00,4.797697095331300510e+00
3.589057664461477781e+00,-7.618992003715205907e-01
4.827275419360598896e+00,-1.153392442107563198e+00
6.224288520272300396e+00,-7.201137124614652718e-01
4.213059379947863725e+00,2.338429746049174085e+00
3.520851670919516785e+00,4.746470051656286770e+00
1.415872181467351831e+00,2.676037633822382578e+00
1.506612599713222034e+00,2.313435207973053576e+00
3.852489543984676690e+00,-7.606875249929521132e-01
6.210187498398499706e+00,-7.838758310715366884e-01
6.345338976205423087e+00,-6.039843831265171437e-01
3.452230647794216178e+00,4.772285458450086004e+00
2.783418646409495434e+00,4.827385271677245626e+00
1.864490848995406402e+00,4.810951774064705866e+00
1.451448150893161371e+00,2.681150325959115843e+00
-9.360979537725820920e-01,6.284526716128476798e-01
6.071770649603130954e-02,-6.294776648644802020e-01
3.645615284693777269e+00,-7.483183403909401399e-01
5.265505775836087921e+00,-7.723625469094854701e-01
6.367130166684468406e+00,-6.094583233891944785e-01
6.497545390491671569e+00,-4.202273774348146973e-01
3.505849356957395635e+00,2.351974286911863832e+00
3.356788776860657908e+00,4.807591636656972867e+00
2.849696230673055553e+00,4.790049514127888486e+00
3.620547252671522998e+00,-7.537268477828041879e-01
3.901828489543092804e+00,-7.479473025440551703e-01
4.818100768625258823e+00,-1.117824420057471180e+00
5.335003437246732538e+00,-7.833742573035227252e-01
6.502332700585570890e+00,-4.337456994932926690e-01
4.558713822582967978e+00,2.328803644356955083e+00
4.493958223239567396e+00,2.331667487070763656e+00
3.308831289965022293e+00,4.799094946577903364e+00
2.640249853407392600e+00,4.816089313736807931e+00
1.801696241646640440e+00,4.798029189341767697e+00
1.455474466767231245e+00,2.701848536824088765e+00
-3.431394024612225202e+00,1.334585942298491812e+00
-9.449639235506496204e-01,6.752919422728985710e-01
4.881433929683538508e+00,-1.129722835123396552e+00
5.002087546241466676e+00,-1.142842303980441843e+00
5.069058713676970029e+00,-1.125246867301148646e+00
6.010476345082242489e+00,-9.188632388363486836e-01
6.162149661980748760e+00,-8.327271960519021521e-01
6.284471439047497832e+00,-6.659633528214055076e-01
3.890981387568397398e+00,2.379361503757897900e+00
3.280783315437367786e+00,4.752651699796211382e+00
2.570929380814762855e+00,2.456072334165158022e+00
1.953389057480998448e+00,4.766643145585808483e+00
1.869449454878473915e+00,4.761880999811953785e+00
-5.434292994938038079e-01,-1.164267810759968685e-01
4.948982058773738757e+00,-1.140058643791584947e+00
5.083673660213198886e+00,-1.161344001885398436e+00
5.504696168663569367e+00,-1.146076285720059262e+00
5.661712885472971024e+00,-1.154695263602280253e+00
5.901090690880310241e+00,-1.127550818619257766e+00
6.305134210074172962e+00,-6.771365269194852265e-01
6.408712452354219380e+00,-5.669725673716847769e-01
6.660831947562692257e+00,-3.328909497599655265e-01
4.424091243988664601e+00,2.351675564699225340e+00
3.230655207636961457e+00,4.830906998775647665e+00
2.058274663531746818e+00,4.788252337134297321e+00
4.795490766940599947e+00,-1.222916977407537020e+00
4.977425137918390696e+00,-1.136889683726017397e+00
5.070544398286966015e+00,-1.088117011878236839e+00
5.672946272796261624e+00,-1.091547455846479275e+00
6.444963626093699993e+00,-5.127534017764304730e-01
6.494546081457098552e+00,-4.550016261546638852e-01
4.541684408117368399e+00,2.337119615162685626e+00
3.915118204153488435e+00,2.402142173862433339e+00
3.048556121523886109e+00,3.520219358644254726e+00
2.960050319557437692e+00,4.754209930007032625e+00
-5.486375497491022823e-01,3.003902102693564724e-01
3.930911695050541610e+00,-7.644114672524050524e-01
5.025759107290117988e+00,-1.091185137799538740e+00
5.137679937919736872e+00,-1.101230604545243352e+00
5.270358145099803160e+00,-1.117301368749369139e+00
6.382714795852610479e+00,-5.790022451180297791e-01
6.458929706162207296e+00,-5.287609680382450161e-01
6.584323303822606555e+00,-4.178517707114882684e-01
4.538174538964558913e+00,2.351623161466260825e+00
4.489522530490595464e+00,2.367958093661373553e+00
1.469779021735518887e+00,2.421792334342462549e+00
-5.390222117535727886e-01,2.602635129688209426e-01
-5.330730792098120618e-01,2.182604200341799472e-01
-4.928741512316119899e-01,9.386498626692837965e-02
1.087523268851170871e-01,-6.364376122562489524e-01
3.956302424955221220e+00,-7.609956809431331903e-01
4.803927519434959770e+00,-1.350824699706211884e+00
5.565666713240186247e+00,-1.134823123532907152e+00
5.871915873850830359e+00,-1.153893187552569088e+00
6.030345870977365408e+00,-9.782422814708338077e-01
6.619167772234884950e+00,3.486894543762636189e+00
1.469863620950510041e+00,2.396196330296217258e+00
2.458540282860466331e+00,-6.374437111917615750e-01
4.796510517998156864e+00,-1.366306909694104288e+00
4.963830957884286299e+00,-1.151054453983176851e+00
5.187589947645046884e+00,-1.139025584550845904e+00
6.564705408535357556e+00,-3.798435842910712346e-01
6.726902646850898115e+00,-2.687501981763768533e-01
4.552277525141480652e+00,2.372801074654985687e+00
2.336123065259949172e+00,4.779223645483337002e+00
2.258745712936874206e+00,4.732428530217870133e+00
-5.391157697525820192e-01,1.826064593258211466e-01
2.540110737008116626e+00,-6.412683566963361947e-01
4.785750519841029949e+00,-1.458959980569283443e+00
4.947049929197010698e+00,-1.152600893941173599e+00
5.030836112225940404e+00,-1.160307715616489821e+00
5.242006353472886460e+00,-1.143329177335008939e+00
6.479185467664262177e+00,-5.633637421277338797e-01
6.731199283741837291e+00,-2.248322273870554944e-01
3.996871782189394207e+00,2.400333317787530341e+00
-3.323782151468936963e+00,1.348362247352471677e+00
-5.567020103819799726e-01,3.130281835092605380e-01
-4.913363576905696584e-01,-1.368721024709739775e-01
2.612599021267560495e+00,-6.429429406815528880e-01
4.777605478405275719e+00,-1.400802933686900786e+00
4.792298380852002104e+00,-1.182768107598624940e+00
6.669954101388104739e+00,-3.520521889192009812e-01
6.827577929150431046e+00,-1.776972285683053321e-01
6.905646165855973351e+00,-5.246820902719807889e-02
2.652803144816646252e+00,-6.458184051657447355e-01
4.785331248121234893e+00,-1.548521472375767649e+00
4.804469776673088610e+00,-1.462871669664375318e+00
5.463103685008550592e+00,-1.157246950505442129e+00
6.241905539626744215e+00,-6.840624473370374714e-01
6.615375240664083556e+00,-4.110679212605807265e-01
6.725159483370123148e+00,-3.033671197074254144e-01
6.861004954246918253e+00,-1.276379264732174779e-01
2.860187080331791698e+00,2.443158062047472434e+00
-4.792075883440365947e-01,1.250120378008970357e-01
3.751927133591312913e+00,-7.468156072922506050e-01
4.812529152651610964e+00,-1.607405600644244092e+00
4.886980892928119324e+00,-1.150841741206956259e+00
5.318334267505902879e+00,-1.134209659979938944e+00
5.415428920986416372e+00,-1.143383225762035993e+00
6.768902155367784168e+00,-2.518150239807009361e-01
6.936346055226629836e+00,-1.482853633041038288e-02
7.031833573219126166e+00,4.887652785812657968e-02
7.086175489586469922e+00,1.145449966704953637e-01
6.242777519224314453e+00,2.866932111211096812e-01
6.743844551383221031e+00,5.786605607753850800e-01
3.799003466788773764e+00,2.363683134551854081e+00
-4.929266375021008062e-01,1.940300177240862900e-01
2.811116899604736652e+00,-6.410032894987472973e-01
4.810485654595342275e+00,-1.781474656404286927e+00
4.803920493669393998e+00,-1.540690358244637848e+00
5.260600118816275206e+00,-1.161040579853051646e+00
5.367756717395618438e+00,-1.136277307527641556e+00
5.469136580804120129e+00,-1.148089116763602924e+00
5.572374448103934341e+00,-1.157159957255685434e+00
-4.643055450644960058e-01,-8.772831219353861842e-02
-4.366166668430810360e-01,-1.563768157542381187e-01
4.798227770830302497e+00,-1.928038493808185594e+00
4.828681824717538262e+00,-1.833641446949441312e+00
4.805615793059054397e+00,-1.677162031232450223e+00
5.245807865476709964e+00,-1.150308515079649485e+00
6.067959198855328751e+00,-9.574332339175450901e-01
6.269799264320865539e+00,-7.156203582065784330e-01
2.857440753461033101e+00,2.461543729351509224e+00
-4.789009651728859951e-01,-1.609664151322132697e-01
4.806457022589671446e+00,-2.009315429950770060e+00
4.787219080082912193e+00,-1.768275635162243953e+00
4.783267055142609969e+00,-1.582529562436194581e+00
4.797280321006860859e+00,-1.134725034389322929e+00
6.869664708663276720e+00,-1.538209957289530805e-01
7.112615612355892125e+00,1.457990365824685386e-01
6.134610532972652130e+00,2.770586320809784731e-01
6.931273536435640814e+00,4.322516538144217102e-01
6.782659363128125563e+00,5.842066463761755868e-01
6.702680031276751826e+00,2.312313595269676281e+00
-4.623229311818010667e-01,-2.323685097640348363e-01
4.796757529650765406e+00,-2.199152793334931744e+00
4.784293557617398385e+00,-2.005357341161543072e+00
4.797848198074700754e+00,-1.740917009654259440e+00
4.771038974485837691e+00,-1.639443323229741845e+00
5.124166611607110511e+00,-1.151716271771562772e+00
5.355432049184273957e+00,-1.150231619958246299e+00
5.999167289278121373e+00,-9.964227223664041677e-01
7.077591959097609298e+00,6.344456966466999193e-02
4.770210976936740899e+00,-2.059118543557083569e+00
4.807395122201516102e+00,-1.963802317748468473e+00
4.740042852776375604e+00,-1.371822350334338969e+00
5.339684676651861750e+00,-1.155691780964626103e+00
5.612415041874253774e+00,-1.157143178416852658e+00
5.792990200638967302e+00,-8.175219253003982445e-01
6.638428470627704137e+00,-3.231773609599662422e-01
6.686732971946261372e+00,-2.756315924991850630e-01
6.843772290032436700e+00,-1.238742728682525468e-01
7.017671177963709539e+00,-1.321810241894676163e-02
7.067624263849253907e+00,4.568937941940889869e-02
7.120366653737893792e+00,1.660373314912400033e-01
4.801318719998904250e+00,-1.739923811276010923e+00
5.530599564766707665e+00,-1.155505428180218841e+00
7.187463715177109691e+00,1.363718949001190284e-01
7.240487006746744392e+00,1.993301533808141679e-01
6.261140559949831541e+00,2.323623613890201334e+00
4.814366316370635168e+00,-1.854922555121799599e+00
4.803036652657971750e+00,-1.563138343171382338e+00
6.186605075751272054e+00,-3.855860735615379564e-01
7.285821819609799022e+00,2.300033623384897807e-01
2.621910191543359581e+00,2.460020701731788773e+00
-4.583072449304386731e-01,2.539476588375200183e-01
5.796866993976411919e+00,-1.136891268477765227e+00
6.776659058165017235e+00,-2.240218917985125624e-01
7.265772207900466739e+00,2.698389910678830605e-01
7.343769621722596064e+00,3.376265313733546325e-01
6.447478414702233707e+00,2.321970564488584632e+00
-3.966507970566627850e-01,-1.273938057358927067e-01
6.460628454024967660e+00,2.310486527542582547e+00
6.339436266304629086e+00,2.354866116574147572e+00
6.978007322133547241e+00,-6.644106227943466503e-03
7.192564558304373357e+00,2.160370577019592453e-01
6.528965196969336304e+00,2.307805591210693397e+00
6.419259463852815095e+00,2.365060611567350701e+00
6.320804731658778763e+00,2.344712845381774713e+00
5.708942539597276600e+00,-1.147958278333856441e+00
7.171794114438969636e+00,1.867086032599251377e-01
7.902542723985134465e+00,1.140626404425457707e+00
1.041350153236458809e+01,3.702830547715432186e+00
5.418013799947137166e+00,-1.154990936089789644e+00
6.973707991727812860e+00,4.386163190956758329e-01
6.763087539397474757e+00,2.264822318293627124e+00
6.192354590165888517e+00,2.323441755952720733e+00
6.103127035058251160e+00,2.297128232273740078e+00
2.561214683422402327e+00,2.375016477765995671e+00
7.320980096959251782e+00,3.550180528689639847e-01
7.746742272045984201e+00,7.950135521457298848e-01
6.770421098762775536e+00,2.313072315633514897e+00
6.232098720907353950e+00,2.305220180070042257e+00
4.601487530628003420e+00,2.366816762994470302e+00
-4.978101213112574031e-01,-7.389474201749207660e-03
-4.470202419253664350e-01,-9.306144377732535056e-02
7.355062592977505531e+00,3.861744669179879019e-01
7.891245104653356712e+00,1.063628341195405724e+00
9.814531959038980347e+00,3.774094712087212145e+00
6.123924457398588039e+00,2.322978274135207410e+00
4.008092929367165880e+00,2.405314688250278721e+00
-4.473429797763850968e-01,1.698861788849387322e-01
5.155395627383284385e+00,-1.152594162543086886e+00
7.104351600928967336e+00,7.680682188335356819e-02
7.433844086186547351e+00,4.715061564510200642e-01
6.419302386868920074e+00,3.002884132216291357e-01
7.750817888237487630e+00,7.778183207269088184e-01
7.768025875478610232e+00,8.447369596360789767e-01
7.926141803586761903e+00,1.159425785574084156e+00
6.816175025206272942e+00,-2.078880658746464216e-01
7.300086527602164921e+00,2.588727602858630350e-01
7.447969693339317132e+00,4.362368069472362109e-01
7.499001803906873320e+00,4.999794299486680083e-01
7.928612221932158199e+00,1.240856543544755608e+00
6.596134387996736237e+00,2.311877182717633428e+00
6.395645358100369826e+00,2.322052344252849565e+00
6.307451970550940423e+00,2.291172707971370848e+00
4.958949915513267470e+00,4.719355164340858444e+00
5.265503690367621559e+00,-7.487042539849092515e-01
7.868506800943972479e+00,1.246333034066762879e+00
7.184244776980870384e+00,2.263878067168544117e+00
6.974196075647773441e+00,2.311148932078205043e+00
6.824280854989021705e+00,2.321797503983133115e+00
6.038391384946739215e+00,2.335180571744299716e+00
5.830871406406654245e+00,-1.420708422497599099e-01
7.033807855110433493e+00,8.082158555261169386e-02
7.264300480928145731e+00,3.341394059262111083e-01
7.360037985819261941e+00,4.009570685435228654e-01
6.396664083225148900e+00,3.258037409185950972e-01
6.242458348054298334e+00,3.115497974661473046e-01
7.886027618241497450e+00,1.122290119214227389e+00
7.878001086465132197e+00,1.385383209680152827e+00
7.163246352332523159e+00,2.301764721662139301e+00
6.397799091512515801e+00,2.359867920675373210e+00
6.089905036478663547e+00,2.352615119388023146e+00
6.034061998210750843e+00,2.354661477400777247e+00
6.779142689615417439e+00,-1.957964460458486711e-01
6.399378128449375147e+00,2.959404471854588659e-01
7.726442565745816893e+00,8.243192576386842996e-01
7.837695128984785597e+00,1.371535309592698093e+00
6.082535375227006824e+00,2.336512235262598658e+00
5.642479404565939660e+00,4.697339616942818985e+00
5.380027858185274958e+00,4.690521960727941142e+00
5.295636515770708819e+00,4.704638882569725844e+00
4.246345800843982055e+00,2.406342536516904218e+00
6.400288540928428915e+00,2.960045449676351192e-01
7.241741692832528443e+00,2.295685249851476151e+00
6.525236684103008500e+00,2.353331349917579640e+00
4.292827985912566646e+00,2.407772664673005103e+00
4.108388660178535545e+00,2.400366363652803869e+00
6.622753170527613698e+00,-5.897026400751607944e-02
7.850457699525613009e+00,1.309537038647621277e+00
7.018051285038716891e+00,2.326229184976148279e+00
4.615587535718206347e+00,4.647170113630784805e+00
6.137486691482312295e+00,-4.395598038323976775e-01
6.147173196387112348e+00,-3.635482365025274332e-01
7.296210142773048801e+00,2.260088852063260045e+00
7.087486849423377144e+00,2.311347715444309614e+00
3.868157357292032916e+00,2.402142093241501186e+00
-3.424370923890482032e+00,1.420001436577010834e+00
6.583859698797418503e+00,-6.202404434017470825e-02
7.455316197286627755e+00,5.257868034126236267e-01
-3.355264190382311273e+00,1.408659988241276029e+00
7.308261813301133891e+00,2.269158276563158605e+00
5.244760114690942387e+00,-7.449616351800490976e-01
6.897144884148109334e+00,-8.550355662138607593e-02
6.163033499914670976e+00,2.855360046661973850e-01
7.061143690872270895e+00,2.279787922978158132e+00
4.158582255055624621e+00,2.401235607408310102e+00
6.691575931734130123e+00,5.618493323543339857e-01
7.198785567070824953e+00,2.246593149963725722e+00
7.923472551911351580e+00,9.442373443523653931e-01
7.892663880399445553e+00,1.255398140989474998e+00
5.980378734772677340e+00,2.342597466231666647e+00
5.985779045442599866e+00,2.352190564965681130e+00
5.906693042016228468e+00,4.643780520316301619e+00
5.249641685967400662e+00,-7.513465106462116072e-01
6.936578194794675412e+00,4.764552820837058555e-01
7.849940587085342258e+00,1.301165550828629502e+00
7.872497214912229424e+00,1.049831869092482606e+00
6.693989616388923203e+00,-5.257307756115160713e-02
7.847694035400106571e+00,1.246783881461092758e+00
7.137312310554028372e+00,2.283883039098101086e+00
4.609112289665120876e+00,4.666987844063883450e+00
6.146567703423567508e+00,-7.987505165117839701e-01
6.180812655043965265e+00,-7.233069409781477388e-01
6.275834239421723915e+00,-6.366957503229579984e-01
6.153690506877209643e+00,-4.120425819836120440e-01
6.160911839688172797e+00,-3.352126077041180929e-01
6.645000754416744648e+00,-2.905956837936530257e-01
6.568440659241549184e+00,-2.433913076642899020e-02
7.106306736532970625e+00,2.276569857724554113e-01
7.189729599063274357e+00,2.857988577081314041e-01
7.328082743243912844e+00,4.058625260344367880e-01
7.396903293303616955e+00,5.199396623621196367e-01
6.734385063048326181e+00,6.267857259788078839e-01
7.845749008555646498e+00,1.184955686046763601e+00
7.809121471355872757e+00,1.503441259374263428e+00
6.924786165444910324e+00,2.412095885312166121e+00
6.637411539007202599e+00,2.424073387952380809e+00
6.304581155605582410e+00,2.421566224199701800e+00
6.229546822136041939e+00,2.399353686487266213e+00
5.998972493667585226e+00,2.404245729828502931e+00
5.939200899415456369e+00,2.395900664422328408e+00
5.713908041260213899e+00,4.669862562807227668e+00
3.879482057040599674e+00,2.345498826161418027e+00
3.389852045015705695e+00,2.289904008555272874e+00
3.235482252006190773e+00,2.264115529287787254e+00
3.123326514359639816e+00,2.255011370482830735e+00
-3.526649588444074279e+00,8.267673095681449258e-01
3.592507427369615591e+00,-6.972395905376544967e-01
5.536629742679919808e+00,-1.092221098145181202e+00
5.565687654946605889e+00,-1.091453018485975202e+00
5.301960571642257314e+00,-7.425775570159163230e-01
5.734739924306131442e+00,-1.095238631564847465e+00
5.801898164772796740e+00,-1.088311992023919261e+00
5.828057955659594391e+00,-7.629326042580373279e-01
6.092526790316678209e+00,-8.432460713846094968e-01
6.302546666244579043e+00,-5.939584505954715876e-01
6.533891640466944040e+00,-3.904986145308076417e-01
6.687906031212102143e+00,-2.353332705448032414e-01
6.719323787574737139e+00,-1.660816728207546444e-01
6.754118347852729798e+00,-1.303732891380691705e-01
6.797265490048157055e+00,-9.316522581456850027e-02
6.902496676099557860e+00,2.581095715938635377e-02
6.928762802026968259e+00,6.722736342823626421e-02
6.993960849934309110e+00,1.143722477351433731e-01
7.087799705989731081e+00,2.532198596520041645e-01
7.139155466853762455e+00,3.060612941080549931e-01
7.205257404404841637e+00,4.099161920852560370e-01
7.393909906264081400e+00,6.540526907080065344e-01
6.374778044166406588e+00,4.102307701421910036e-01
7.706313729413932556e+00,1.043197347676504849e+00
7.790581930836868452e+00,1.334770936893145965e+00
7.767484555599463825e+00,1.457977670431588990e+00
6.806061604996303416e+00,2.516059371963099700e+00
6.292919636238370806e+00,2.469281053451115149e+00
6.168993376336964651e+00,2.467307542754508809e+00
6.105920331104266019e+00,2.460768728347948908e+00
6.053117163046407789e+00,2.471520789461134626e+00
5.880782942431622473e+00,2.465623030292027895e+00
5.823368164509641787e+00,2.459129261928527654e+00
4.802734157663762105e+00,4.749927040897318875e+00
4.460381943793705339e+00,4.736980083318161228e+00
4.087102114364681071e+00,2.339346914916573539e+00
4.047926149857047129e+00,2.311795195896333865e+00
3.178413713856264255e+00,2.202027360700934633e+00
3.078631036821889655e+00,2.173671967803864291e+00
3.025271332924370338e+00,2.162816077004263704e+00
6.227803263049250582e+00,-6.333008397352336560e-01
6.331100621106195980e+00,-5.432653379123304482e-01
6.560831449610529553e+00,-3.307412168558557242e-01
6.628190402773800116e+00,-2.357193011206394351e-01
6.739754192738928396e+00,-9.792146314801399021e-02
6.825168520425267893e+00,-2.109936910025317358e-02
6.915309836854060421e+00,1.015903656662560245e-01
6.995775917284437817e+00,1.925917537317232142e-01
7.088750649838032381e+00,3.358693497275548889e-01
7.138261802708123049e+00,3.906483945729165019e-01
7.222985696289393687e+00,5.030078063148826217e-01
7.326645628313277037e+00,6.291174780380268672e-01
7.390324101421112069e+00,7.516581816873062483e-01
6.361818362347566591e+00,4.681092544739958172e-01
7.690629576945617885e+00,1.153833605689897901e+00
7.748386349735881140e+00,1.441372953421315550e+00
6.920629848927483785e+00,2.552530908116680486e+00
6.759233989064131087e+00,2.542294264062539000e+00
6.214099177634705207e+00,2.535994980047440173e+00
6.149303115002672016e+00,2.529355452230072299e+00
6.027142197786809596e+00,2.522568117099268203e+00
5.966472384171862764e+00,2.516317468359556830e+00
5.901907860168824627e+00,2.498746221273226542e+00
5.739375414486069360e+00,2.501896890801787343e+00
3.823935156554513437e+00,2.292249829063220279e+00
3.375313733606255084e+00,2.165617286068491243e+00
3.316533649743406809e+00,2.173022267949168196e+00
3.261830409233948735e+00,2.171420208627837134e+00
3.163581185547061914e+00,2.146290766796692395e+00
3.107615553550627130e+00,2.142070501762283641e+00
3.051917132231570573e+00,2.135780352947248772e+00
2.958735104245692860e+00,2.094924755309520492e+00
-3.589222202222830393e+00,-1.217655083494572216e-01
-4.320018230627494238e-01,-9.490493530581716186e-01
-4.026598291760641879e-01,-1.036022229040178377e+00
-3.738610355752703396e-01,-1.214714576701720450e+00
3.907414041285999673e+00,-8.762047966766614016e-01
6.673608363004735367e+00,4.690258914217369790e-02
7.232264970777475099e+00,3.310337046055328858e-01
7.290821865136567936e+00,3.893943505235630265e-01
7.421824108368439532e+00,5.676785300471834939e-01
7.838711184231234697e+00,1.436129290482405674e+00
7.826287632185629839e+00,1.499031981712348971e+00
6.409105560127281720e+00,2.463409552383386991e+00
6.150685326010457032e+00,2.447398337288373416e+00
6.088058664893528871e+00,2.440464063840498632e+00
5.981570167803319293e+00,2.456617876960524693e+00
5.860594549094523487e+00,2.434748461788668550e+00
5.762236677125022410e+00,2.455906690636735945e+00
4.620509720556596811e+00,4.764052761139836889e+00
3.328874065352194211e+00,2.225515720849258194e+00
3.116136030044034833e+00,2.197562329595609043e+00
-4.243832416607160041e-01,-7.867673179171514874e-01
-3.973829453132851075e-01,-9.650638540071738714e-01
-4.662571535819274859e-01,-1.068703719670934360e+00
4.868174200109891103e+00,-1.074824588819744298e+00
4.955516524293043013e+00,-1.087516777785048738e+00
6.276201585840492925e+00,-2.329504304258186442e-01
6.744069855697909510e+00,-1.108436413678920013e-01
7.000956503229752492e+00,2.205397708234541621e-01
7.189598467114268310e+00,3.873013301050321489e-01
7.240520768885720493e+00,4.923495714529041445e-01
7.367610819466037242e+00,6.254134773143218418e-01
7.719422481712553186e+00,1.147771932783403281e+00
7.772178981206633530e+00,1.572823873528832239e+00
7.124444218882553415e+00,2.574347440580292634e+00
6.871322865343126196e+00,2.563727162257050995e+00
6.237591422558242726e+00,2.551412161347699215e+00
6.162276654824204059e+00,2.526881804817174615e+00
5.919990871591124026e+00,2.510452670448337642e+00
5.869948420067109929e+00,2.524007102724217244e+00
3.987115635119938606e+00,4.622984552447025663e+00
3.500789390408616697e+00,2.244776328913065555e+00
3.208944812036824690e+00,2.179660847094768705e+00
3.159458658628528926e+00,2.166633060453574622e+00
3.000997792631439509e+00,2.135099788429549950e+00
2.941069935867102192e+00,2.131294237270023650e+00
2.777960587326147923e+00,2.089361165382880969e+00
-3.891191341179138230e-01,-1.103533684224900169e+00
-3.105669547099589312e-01,-1.363218408059257980e+00
3.042765452982420182e+00,-9.882585755380872694e-01
3.588853840729556932e+00,-9.547246649241820649e-01
3.613290473585379914e+00,-9.662648107621729654e-01
3.907946442294129685e+00,-9.138156205781736707e-01
3.988949275168758746e+00,-9.114515299647694135e-01
4.025775144721932541e+00,-8.979508974854037984e-01
4.059253928238279130e+00,-8.863950045204325168e-01
4.793366346031983305e+00,-1.088978789792701019e+00
6.700383363553925165e+00,4.212348837312571148e-03
6.785758965932266129e+00,6.706474779040801915e-01
6.281573917048238975e+00,2.448485604474435640e+00
6.205560238003887008e+00,2.423844871774567977e+00
6.036073392267275572e+00,2.436866141648974970e+00
4.436570147744858694e+00,2.424953553030646969e+00
3.146434320954606623e+00,2.246227981980162713e+00
3.092373465261117005e+00,2.237039598837224474e+00
3.027320875993086524e+00,2.242295251762683961e+00
2.919212600285325365e+00,2.216105704557635558e+00
2.345534599897794781e+00,2.291060732122903509e+00
-4.713988709251377140e-01,-5.977419397691112746e-01
-3.960236922498642786e-01,-8.615256915091566992e-01
2.834414938193873912e+00,-8.721028996445433501e-01
3.876561399247244299e+00,-8.492619964443004488e-01
3.909847362354702760e+00,-8.452234780647882584e-01
3.989181124363823105e+00,-8.447777476035074340e-01
4.022463067979812124e+00,-8.359311575054945154e-01
4.081932615135662523e+00,-8.212421170563540818e-01
4.104921469677919710e+00,-8.193253513235739804e-01
5.168896208712259188e+00,-1.079264104942903257e+00
5.301127432837118292e+00,-1.050831671131095213e+00
7.452612658989200334e+00,5.811767235321063652e-01
6.237435884339092240e+00,4.003594511570423009e-01
6.799859670226228836e+00,7.339006226103256258e-01
7.013020903731009170e+00,2.510636470074267823e+00
6.294460438009497949e+00,2.505205294503929370e+00
6.221251007214285700e+00,2.486671419934836980e+00
6.044767055920407195e+00,2.492203948434581040e+00
4.773919893863388886e+00,4.769906150434210623e+00
4.378043847541364109e+00,2.404417672759410873e+00
4.331011391222756579e+00,2.414254341862354103e+00
3.292281184954692019e+00,2.260591368724474748e+00
2.957554113470952206e+00,2.222161176735345745e+00
2.859917290082760744e+00,2.179576459432781554e+00
1.215724514494789688e+00,3.069717553978485114e+00
-4.229219558426252079e-01,-7.142639087190411074e-01
-4.204681290007875050e-01,-8.045734743448273996e-01
-3.257605102229426675e-01,-1.061976823819631210e+00
3.255081996971958880e+00,-8.723143731005367219e-01
3.460167287041756357e+00,-2.082013759563120736e+00
5.476664806303783273e+00,-1.084720615125108756e+00
7.962459506051177804e+00,1.099419509222954838e+00
6.457135427344538492e+00,2.361715398276734046e+00
4.646503369942776906e+00,2.442603270743208821e+00
4.509292930558279622e+00,2.448227546159836177e+00
4.463464677666689973e+00,2.447498586622021133e+00
4.229885709628541157e+00,2.455380737492799170e+00
4.181728146934517554e+00,2.459540525622994966e+00
4.132229583180433430e+00,2.467700963793003410e+00
3.744964879715082517e+00,2.435427573580431382e+00
3.691442538569382759e+00,2.439822017634861506e+00
3.596075697062724341e+00,2.415008409740198037e+00
3.541002597613355896e+00,2.418168123123755731e+00
3.490163415638508404e+00,2.410228377236971031e+00
3.429549629230280949e+00,2.421042374735674851e+00
3.325007628253400682e+00,2.403359332889356992e+00
3.268229983370256608e+00,2.400811515590431267e+00
3.202081763802317571e+00,2.412619759738014569e+00
1.040361830426431711e+00,3.474349291209944290e+00
-4.298999447464103008e-01,5.584726094758490911e-04
-4.018935446340578532e-01,-3.566289330192315976e-01
3.417208720071344796e+00,-6.602884208260527688e-01
3.474225532033399677e+00,-6.629737432622014870e-01
3.534608299217960603e+00,-6.622526565394486475e-01
3.643964274035227380e+00,-6.824077492509543763e-01
3.684314530526554776e+00,-6.847709253825374764e-01
3.725297912797629785e+00,-6.854164858063634957e-01
3.769477802498582886e+00,-6.828461567185253323e-01
3.820672996496204732e+00,-6.953214177396614959e-01
3.850398735972337061e+00,-6.978012660086689856e-01
3.923333428059533556e+00,-6.906063166600665548e-01
3.957987358061291427e+00,-6.862179439356788091e-01
4.017005259461269517e+00,-7.002093193384106851e-01
7.941598197114552171e+00,1.089678026607481920e+00
7.413489333220788957e+00,2.291742035532814192e+00
6.154884753588408586e+00,2.371088644339001572e+00
4.556174121641348940e+00,2.450262631596573204e+00
4.087374806886272083e+00,2.458701374390606986e+00
4.039989078997995087e+00,2.454407213028433787e+00
3.989694765200387572e+00,2.459874062235115399e+00
3.794635282229656514e+00,2.443649689329246755e+00
3.648483063199687404e+00,2.419582566117083555e+00
3.378518585987365874e+00,2.413372109902506502e+00
-4.749172098893150173e-01,-3.569703024304044514e-01
3.167328393468716197e+00,-6.071410234679093243e-01
4.003535847151083793e+00,-6.908725773334850606e-01
5.354501188829751790e+00,-1.061178759572198205e+00
6.267706329403906373e+00,3.194509648096908183e-01
6.890351785733539458e+00,2.367823448392478713e+00
6.607610027946364539e+00,2.380089295872553024e+00
6.423367801689545686e+00,2.404232677631115145e+00
6.269857913889045342e+00,2.361773773419562961e+00
4.278327102470993459e+00,2.457572054251125682e+00
3.943111549639704450e+00,2.452031294765967040e+00
-3.940446611909643737e-01,2.704260444696831023e-01
7.963480778182511877e+00,1.229633767918830500e+00
4.557555899288571410e+00,2.441324652382915072e+00
4.324970983187694351e+00,2.461610992669018394e+00
-4.410124150377067731e-01,9.494956348330998996e-02
-4.695366144087017024e-01,-2.647121761240818771e-01
6.480719563737117994e+00,3.504804992149400666e-01
7.960746905082915603e+00,1.160774390054404748e+00
6.112378840722200835e+00,2.396166086551186236e+00
4.373442962451342453e+00,2.451946869209836066e+00
4.091831405935719701e+00,2.446391686753877082e+00
1.590962568864879412e+00,2.344007974507297476e+00
3.191092429929714314e+00,-5.993244756708873133e-01
3.505224522804223586e+00,-6.488668583074360674e-01
6.586793927052664976e+00,2.378772682599281652e+00
2.585356832852229392e+00,2.503213064562834322e+00
-4.481059037494954933e-01,-1.103543958781837558e-01
2.727390301182115895e+00,-5.613558646816357856e-01
3.215644520973548914e+00,-6.003602180609713956e-01
3.315061877716209082e+00,-6.511719370531496853e-01
3.374397009395765146e+00,-6.564291679529109524e-01
4.851062276090793546e+00,-1.029503015681489497e+00
4.915838542187859872e+00,-1.036230151212559791e+00
5.212074977792165775e+00,-1.054599826437335297e+00
5.252872812737703789e+00,-1.052289641898405792e+00
7.908748718150038215e+00,1.396741591912321390e+00
7.883012393703348053e+00,1.595957409681116879e+00
6.433974453499112123e+00,2.500597686319834256e+00
6.358534417343855161e+00,2.484696642171576819e+00
3.056657500542215189e+00,2.275927959207090012e+00
2.989683357279544040e+00,2.282133197687151061e+00
-4.214034586175313124e-01,-5.177895025483242319e-01
-4.124687575775781156e-01,-6.069343515532570343e-01
-3.910419308275310257e-01,-6.947357233249833453e-01
-3.710892641129658887e-01,-7.822870109421119489e-01
4.028535937764814001e+00,-7.675999874861089145e-01
4.085073982338629506e+00,-7.778676621107629696e-01
5.416911737658066883e+00,-1.061451079485022930e+00
5.620228857549904866e+00,-1.064433277430764102e+00
5.368648322418998475e+00,-6.941752034356556411e-01
6.453779016713158789e+00,2.405016002661988228e+00
4.622314940980545295e+00,2.455547458912332281e+00
4.484438323032058804e+00,2.457888998920665369e+00
4.438986896450902719e+00,2.450752963256172201e+00
3.763310916735027156e+00,2.451284348131656188e+00
3.656305395632184929e+00,2.457908286370886319e+00
-4.260258659246284885e-01,1.316230995804125448e-01
-4.322546105260067217e-01,-2.266065420827652055e-01
-4.383998768759373443e-01,-3.163916957449191547e-01
3.404730010814802199e+00,-6.284697960408857087e-01
3.646285266746281284e+00,-6.493381829153380691e-01
4.845876288175434254e+00,-1.023958760917404343e+00
7.215627546956127958e+00,2.323204816346509993e+00
6.994417256567436958e+00,2.355358450389723579e+00
4.530492476993957851e+00,2.458202121870364909e+00
3.860410900033721671e+00,2.466130541224123451e+00
2.750602681260790661e+00,-5.683403103697903802e-01
2.915979470810814433e+00,-5.667211751868650449e-01
3.493453313072215405e+00,-6.206415843890558115e-01
4.062234746389481899e+00,-1.001222749222912878e+00
-4.222578341611739616e-01,-4.701074291454125642e-02
3.555228773794259389e+00,-6.434155747227011668e-01
3.127270955255845752e+00,-1.775022829497853616e+00
3.230176212623975918e+00,-1.836319604017779161e+00
3.814033346037314587e+00,2.456169680168872826e+00
3.170532523290209514e+00,2.413516465281896561e+00
3.652444198913594064e+00,-6.460340112395634993e-01
4.063121879727419561e+00,-9.993841184972773739e-01
5.368269707036156468e+00,-7.138245871355604066e-01
6.145781509762582751e+00,2.406850799809846730e+00
-4.624836038492012302e-01,-3.140720114123866091e-01
3.202023659288139257e+00,-5.848485342196148018e-01
3.393148886306373679e+00,-6.317823199963724656e-01
3.958606665544512904e+00,-1.881300036594759861e+00
-3.862842061278409234e-01,4.480539395058907165e-02
3.714767328851657169e+00,2.451531815448027452e+00
-4.036695869471449982e-01,2.256066442708157815e-01
4.671671027043344360e+00,2.446485205334941071e+00
3.272042249900774635e+00,2.451707249393573651e+00
1.588778402187611460e+00,2.389003895571294667e+00
4.680803420353544908e+00,2.468687095281450805e+00
3.619125469398264627e+00,2.470070959396520216e+00
3.564028081686076543e+00,2.472806383363232108e+00
3.458175134708040055e+00,2.463128428904062694e+00
3.398966634355679695e+00,2.468793700975793648e+00
3.342412399500979792e+00,2.466967276504550721e+00
3.232272203378001585e+00,2.452786851198490936e+00
2.713479310405707334e+00,-4.799147820797952102e-01
3.191447562302363927e+00,-5.381407946089832306e-01
3.384468797676059015e+00,-5.884007967637108205e-01
3.445139526831417776e+00,-5.926703660343626279e-01
3.514912161327141238e+00,-5.914685263163694806e-01
3.555387770695180194e+00,-5.993074525075080539e-01
3.715993548274743041e+00,-6.179847802657231215e-01
3.759243322377352037e+00,-6.177384365674463140e-01
3.833819990733120076e+00,-6.388631029103443160e-01
3.878705975399076245e+00,-6.326435170046649237e-01
3.909449473910329598e+00,-6.333598092362767717e-01
3.950087484368589141e+00,-6.267164389292934068e-01
3.923234981545341782e+00,-1.851942280047090161e+00
4.065166273328976843e+00,2.500858213180511935e+00
3.521707437017399744e+00,2.452309163624212918e+00
3.406273592794602401e+00,2.462116005201831825e+00
4.010028283096013446e+00,-6.343163705044768674e-01
6.588038629775549992e+00,2.426666978418461351e+00
5.241719220657189204e+00,4.841152750138445704e+00
4.133835434433493106e+00,2.501224298234816512e+00
3.989337918638601543e+00,2.509685180862761378e+00
3.498670832618911763e+00,-5.826173495404245450e-01
7.151942875389163845e+00,2.355911980246929716e+00
5.566907992160365914e+00,4.802896540257526325e+00
5.486870641959450623e+00,4.840633572072936097e+00
5.315951054459719494e+00,4.849530049236383533e+00
5.231171467683219944e+00,4.857187068472817337e+00
5.143774879527004629e+00,4.834470341561883266e+00
-4.258929511360370346e-01,2.793143396806825884e-01
-4.199661392137912785e-01,-2.598513600252518874e-01
2.736935279003915422e+00,-5.224207841849985989e-01
2.966126975090413342e+00,-5.273362141827867555e-01
3.082967699786114846e+00,-2.945313579350938848e+00
7.377847300569359668e+00,2.345551473616291016e+00
6.529337065896814174e+00,2.426716376521231400e+00
6.395254465869667726e+00,2.415775216584067131e+00
5.805607820297479904e+00,4.849095314027646708e+00
5.637183126835630276e+00,4.871863838541199421e+00
5.549297635951713659e+00,4.860314966139211101e+00
5.299471684564093898e+00,4.897535062400845796e+00
5.215460288385250109e+00,4.903713895731629080e+00
5.131571491121788675e+00,4.910413794022151279e+00
5.046550289244454923e+00,4.899681251872580745e+00
4.879517585021134529e+00,4.922710730591046691e+00
4.342514213862495254e+00,2.500384581261739125e+00
4.299005066556909505e+00,2.503052313608577606e+00
-3.121367206831417551e+00,1.455098241899779543e+00
-3.984993099074818912e-01,3.521540814923956320e-01
1.666095761430614330e-01,-1.053908971856962751e+00
2.799667638095301392e+00,-4.943471951120271823e-01
3.040131977046941714e+00,-5.185300295174312124e-01
3.340685778122567839e+00,-5.805516490143333153e-01
3.639106431720006807e+00,-5.840679816925378187e-01
3.677239491732380294e+00,-5.860485209293899711e-01
3.967493685936614334e+00,-1.812079510714534880e+00
7.327916277089504327e+00,2.361350976226866294e+00
6.723586755183798225e+00,2.393181104523264491e+00
6.656346579923837936e+00,2.394854329365653456e+00
5.799019533675801696e+00,4.879609132852571030e+00
5.457496308745935387e+00,4.876795467716589449e+00
5.373789721409801601e+00,4.878700888151799475e+00
5.125641916210838644e+00,4.899464854106263978e+00
5.045160088068031179e+00,4.940414886935730721e+00
4.794720605097697153e+00,4.949875309971456083e+00
2.922234937955660694e+00,2.545272300870176974e+00
-4.281111957976269644e-01,4.035712351984153123e-01
-4.335187901496607155e-01,3.134089154924757925e-01
-4.502866006701173318e-01,4.210537269578510516e-02
9.911635896971011661e+00,3.772538114984163027e+00
6.223915584406204182e+00,4.875447967902593049e+00
5.878360541779452220e+00,4.888343193689712152e+00
5.626347700886454639e+00,4.900789310975174118e+00
5.463424454596899515e+00,4.928567111095818021e+00
5.299747266207023522e+00,4.951635198721294095e+00
5.216580213581744729e+00,4.950576091959733915e+00
5.053130705040175030e+00,4.978992371182283883e+00
4.887037869567360637e+00,4.959729143850664101e+00
4.046430376110637717e+00,2.500682057479177711e+00
2.927788163559898127e+00,2.636574126888536540e+00
2.909938931620148050e+00,2.574611027756598780e+00
-4.381468279533145549e-01,4.901667483197638675e-01
2.578160487107735044e+00,-4.712775053484347110e-01
2.918520399297024781e+00,-5.039760372360899687e-01
3.017318388817604280e+00,-4.989892039371632837e-01
6.369747419807122668e+00,4.821935638093946430e+00
6.028701534235725745e+00,4.845529387853164671e+00
5.379255095754650107e+00,4.942821242680123461e+00
5.052261655937309470e+00,4.947079010636714180e+00
4.969259103791457299e+00,4.910593369999732616e+00
-4.080724763621322859e-01,3.615620319556902551e-01
2.828426542578732050e+00,-5.292250914388700878e-01
4.219056563421927031e+00,2.503375541840620500e+00
4.177413294080154493e+00,2.510865404695973968e+00
2.897050813055531915e+00,2.576880032056000136e+00
-3.984157506170926677e-01,3.445110959640320658e-01
-3.947589032044265811e-01,1.642795177503966753e-01
2.657731121823628584e+00,-4.843862967592150737e-01
2.757711047884536359e+00,-5.263334461618606186e-01
2.872368623855700243e+00,-5.143416157392772803e-01
4.856655404686082811e+00,-1.261016418803662109e+00
5.089810291948379195e+00,-1.047679961855438879e+00
6.665541027669362961e+00,2.410410785593307459e+00
4.391530637981512442e+00,2.502158466555041372e+00
3.923237680491734825e+00,2.509111263559215210e+00
3.151802288903335025e+00,2.499078033121205245e+00
2.638590311534875443e+00,2.557857635295268661e+00
-4.320248024235353035e-01,5.003958208369423399e-01
2.547971165908972102e-01,-4.629438490849102639e-01
2.240185228585175325e-01,-9.792431182158640723e-01
2.602937874422649678e+00,-4.803314427193428049e-01
3.299332191700505401e+00,-5.872157080660125317e-01
5.638982494393400380e+00,4.845656629542495430e+00
2.845040109898777203e+00,2.549661773426552092e+00
2.631162449341385656e+00,2.549703671548688266e+00
-8.867360459646782544e-01,7.498126541932125244e-01
3.113330610776215313e+00,-5.449417508985726633e-01
5.114373586605028166e+00,-1.048518381224195162e+00
7.219004830762718150e+00,2.384347185314651174e+00
6.806641522495613827e+00,3.603810107516138839e+00
5.710981565261279869e+00,4.918274828576734592e+00
5.403884009713237013e+00,4.933345341398992723e+00
5.252679163342469870e+00,4.947120133822371812e+00
4.497189281613706235e+00,2.504731010197183583e+00
3.798347075291662378e+00,2.501874973990667161e+00
3.382107740685505792e+00,2.503327573471097356e+00
2.888585731454623051e+00,2.603592943242752256e+00
2.833900215639155284e+00,2.590619665068345068e+00
2.845517873742775539e+00,-4.927099923377746826e-01
2.921977616698614888e+00,-4.926010243207386008e-01
3.724795030432181075e+00,-5.965190356516280046e-01
3.763049434195268717e+00,-5.950599137017510420e-01
7.447351518585488606e+00,2.342887795588644906e+00
7.294222175172750511e+00,2.371093182058208626e+00
6.700247027342095762e+00,2.400110505732360178e+00
6.809835386478485297e+00,3.562742718217009052e+00
7.014119695211484817e+00,4.860611156411807521e+00
6.859579683121323157e+00,4.920137207461982243e+00
5.678303465562454910e+00,4.843134702668207225e+00
5.162147362306054532e+00,4.887586127082664156e+00
2.656637634305646589e+00,2.609181390850933813e+00
-3.023370874227585769e+00,1.777529233379712581e+00
-8.101269192608417935e-01,8.759658706183856003e-01
6.775701439782475077e+00,3.606438552188468094e+00
7.074532173719314088e+00,4.902366241713086659e+00
6.996888108279239127e+00,4.931592758261891696e+00
5.516298738033076354e+00,4.902137910517714303e+00
4.931771805995444957e+00,4.892780953544467515e+00
4.787688114071047885e+00,4.896657921713110539e+00
3.438286046997119705e+00,2.501374430888477107e+00
-8.815401165560232677e-01,8.407817180515493316e-01
6.934625629699331384e+00,3.575594505465380823e+00
5.427067426942180361e+00,4.866869322350657612e+00
5.070683210915451156e+00,4.878172737521114577e+00
4.999572027737904101e+00,4.875082517379060398e+00
3.090975321727353897e+00,-5.367007516088742047e-01
6.296318354728742683e+00,4.855070123836314977e+00
5.918712760893810376e+00,4.867550095949058964e+00
5.842195435932270975e+00,4.858048039010038899e+00
5.339735189511685576e+00,4.850081521636901982e+00
3.838586002777761852e+00,2.511541094968131382e+00
2.614859130868854908e+00,2.602065890724196695e+00
-2.994243617364611421e+00,1.801330651981728703e+00
-8.687989775441391505e-01,8.608577744266797671e-01
4.887443214615942999e+00,-9.985959637914549880e-01
4.957444258656555469e+00,-1.004279823651920145e+00
6.070428783227097114e+00,3.622807722182638912e+00
5.743833670753191178e+00,4.872854489863974514e+00
5.673402927428122133e+00,4.876526721589436342e+00
4.915652192106450435e+00,4.925524739481703662e+00
4.503706844336863746e+00,4.916156549686250266e+00
4.431079800194019036e+00,2.501278854381426164e+00
3.279152322651714080e+00,2.501657385480094753e+00
-3.029429518256510967e+00,1.995334335296575112e+00
-8.748449509443588790e-01,9.199092649359148499e-01
2.980146268838977708e+00,-4.896906011476535037e-01
4.900353457638041199e+00,-9.996925167420207536e-01
7.266267347457975312e+00,2.336770623749011566e+00
5.313878141405822930e+00,4.902296894083705503e+00
5.178846505760636987e+00,4.913746956498506790e+00
4.705363818859777503e+00,4.925099692625299674e+00
-2.951666431464996521e+00,2.020894506439799621e+00
2.600880989031415957e+00,-5.070250459556089329e-01
2.688335149426154036e+00,-5.023667711544671510e-01
4.993498667596746543e+00,-9.996266056291376323e-01
5.190634098326327717e+00,-1.044378241456319856e+00
6.578008711355176175e+00,4.879787864549414600e+00
6.407325565762602260e+00,4.845112315452692719e+00
6.195649274354759761e+00,4.877812852733684146e+00
5.916231191211298146e+00,4.907417728481682673e+00
5.848650522838156895e+00,4.918837840837321451e+00
5.572896921763272893e+00,4.926887042503717673e+00
4.711196828310380447e+00,4.795676903409108682e+00
4.570777569341307078e+00,4.975438832283639812e+00
4.504284779835489694e+00,4.967141957620247794e+00
-2.920353445853712149e+00,1.957407604369926224e+00
-8.034502985016953591e-01,8.475406376875026515e-01
5.007190334186827130e+00,-1.019300543389570546e+00
6.613068632136646308e+00,4.848287202301635901e+00
6.393835386802509291e+00,4.874020136806068493e+00
6.313892572690309457e+00,4.861489220303703895e+00
5.970589081082330551e+00,4.913272998851484274e+00
5.899650972200906729e+00,4.911167305857979670e+00
5.761448423002591746e+00,4.912660801985218484e+00
4.448563552113763642e+00,4.898542871369661711e+00
6.774323831329784440e+00,2.412831971171427892e+00
6.429252841258215945e+00,4.886197383337615996e+00
6.080563568310472178e+00,4.923638078153922848e+00
5.665794413020011078e+00,4.907114143036689136e+00
4.702898208283123438e+00,4.959116810724708557e+00
4.446862597715644405e+00,4.942663690926509368e+00
2.599420115569147427e+00,2.623994678214815579e+00
2.598176202655524847e+00,2.572086527326541194e+00
-2.990496518174268203e+00,2.203193994642247411e+00
6.623767949915375652e+00,4.869758921602338475e+00
6.548989786389940448e+00,4.872988159860504709e+00
6.472143022891702735e+00,4.869234312835019729e+00
6.275086328571557459e+00,4.922858717741409151e+00
4.454958323510027185e+00,4.934721396876692090e+00
-2.969694573243690794e+00,2.110834813356569306e+00
-3.443682479518371586e+00,1.720318257689915864e+00
3.112745999236820271e+00,-5.543959111689085173e-01
4.838743492716988115e+00,-9.951460326174408344e-01
6.672219046272012122e+00,4.884529354160346948e+00
-2.893995416499160367e+00,2.191105498096719284e+00
3.090816031191763180e+00,-4.994851239467706927e-01
5.056443905274897510e+00,-9.852896619609370354e-01
6.721383065338637941e+00,4.882452026752820196e+00
6.654856627961184934e+00,4.900063880703698693e+00
6.164348979486403479e+00,4.921969283828234509e+00
6.102981584494679979e+00,4.939305426234049889e+00
4.677663318996921227e+00,4.953421999217330729e+00
4.376336649764803965e+00,4.939259946036850479e+00
4.316310377475327975e+00,4.932067669507575580e+00
3.329580543875963805e+00,2.506618792138331830e+00
-2.940160173527135878e+00,2.165972670917437171e+00
-3.280589160583315067e+00,1.623687112800443533e+00
3.896652190488246958e+00,-5.989917493905915213e-01
7.060717778724973748e+00,4.825096527507761301e+00
6.671125491273752317e+00,4.826166833650932908e+00
6.219466685560848696e+00,4.917594794357913024e+00
4.690590321954889674e+00,4.949812964772174695e+00
4.451720522443877393e+00,4.956402657454712646e+00
4.390823564667300616e+00,4.961344964665535429e+00
4.271316060674639203e+00,4.950208903938805527e+00
2.889278284975760336e+00,-4.991806062622122786e-01
5.026801020335212478e+00,-9.947854604451624727e-01
7.279767763757801546e+00,4.844780547492769429e+00
7.193225277079413615e+00,4.843993984783661944e+00
6.537748900190239354e+00,4.913655428753514798e+00
5.402231583270555859e+00,4.962961094701322295e+00
5.342345813244897101e+00,4.956649995037223810e+00
5.108963718107678353e+00,4.952665985346942357e+00
4.994382662461031686e+00,4.978508099269343568e+00
4.234152948733048483e+00,4.967279802132585687e+00
1.042109847995476457e+00,-1.044797475235101691e+00
5.692050258910279936e+00,4.958935221986116915e+00
5.633042708298267698e+00,4.961722044248098484e+00
5.397285945204315816e+00,4.953325253833842368e+00
4.314548307066601751e+00,4.967313032747820323e+00
4.194253083754589717e+00,4.980465420058654225e+00
4.073320192724528610e+00,4.985247233922527776e+00
1.072811100234208670e+00,-1.053857351245904850e+00
3.166649603161814763e+00,-4.847667601044095553e-01
5.982808086229208122e+00,4.951209925114516075e+00
5.747166941430026377e+00,4.968109326983035423e+00
5.569984599457502128e+00,4.958393279782426610e+00
5.175622561381599596e+00,4.955159404175684124e+00
4.790263835723812313e+00,4.959651221356626394e+00
4.623939160449863195e+00,4.967674152911873975e+00
4.697621680454873605e+00,3.725109022046309892e+00
4.110203593210888684e+00,4.978248426105685631e+00
4.040306299540507240e+00,5.019105043108588404e+00
1.066819531732719151e+00,-9.684612042741835847e-01
4.846572476055996503e+00,-9.416294795604880363e-01
4.896059784551860083e+00,-9.442137231924279117e-01
5.044994595996008968e+00,-9.487713567061384357e-01
6.450815149039172525e+00,4.905089191844356655e+00
6.021947535706645205e+00,4.934015771645630544e+00
5.851261855041317794e+00,4.955833037753827774e+00
5.021137886680136830e+00,4.955562927994153988e+00
4.914209007124897610e+00,4.956758389590876668e+00
4.759852805022018352e+00,4.832200588871595315e+00
4.427266754197794363e+00,4.969929884259270736e+00
4.490954032444232524e+00,3.180880230021008614e+00
3.603393020729004359e+00,2.505503558305183009e+00
3.324975600890688998e+00,-5.226214073063620846e-01
5.579644058341361124e+00,-1.007740458143150830e+00
6.114233635682761125e+00,3.026174483199164822e+00
7.379605411439270846e+00,4.868500574314006180e+00
6.815986736283338843e+00,4.858363660554656960e+00
6.635042167252967360e+00,4.909207920617356002e+00
6.447203172425489015e+00,4.935868063743678924e+00
6.370115117025767937e+00,4.912015385912456900e+00
6.308412530628777937e+00,4.916243184639598418e+00
4.608554506685079488e+00,4.946315103415088288e+00
4.001438021012143409e+00,4.970689914126534603e+00
5.146036581694436229e+00,-9.388611663235835181e-01
6.573477501806971546e+00,4.943944184635576278e+00
6.322977444862229568e+00,4.963112613724924849e+00
4.843479407431384054e+00,4.942342961915008992e+00
4.587437400843064950e+00,4.941768039098408671e+00
4.670543502437310757e+00,3.682127562312015101e+00
4.271470528633554586e+00,4.949005465568885320e+00
4.053393379822122000e+00,4.949640601121640060e+00
3.998258346397971508e+00,4.947489439469908490e+00
3.583790754111901400e+00,4.956734099325759146e+00
3.228365705596877078e+00,-5.205961906061968847e-01
5.112232232172414292e+00,-9.823251883453394395e-01
6.880391117273273238e+00,3.551488533692163330e+00
7.363391835653465556e+00,4.818452037225337214e+00
6.857085024059105471e+00,4.877721322323917086e+00
6.783007792340619346e+00,4.874367988638307558e+00
6.026797749348488331e+00,4.879715304181119429e+00
5.591934730216419069e+00,4.887711365953613551e+00
4.211890042903962517e+00,4.928661304174093871e+00
4.157933404853899617e+00,4.929451358141803574e+00
4.104817604628551386e+00,4.925384797295025763e+00
4.049889359809177414e+00,4.926090229655704533e+00
3.878503668884313971e+00,4.936044427064773643e+00
3.499368201962477887e+00,4.980972010353685420e+00
3.833113119922021195e+00,2.435491990691359465e+00
3.007335748248596730e+00,-5.654510821179544733e-01
6.906318098301492014e+00,4.843443365801981315e+00
4.378000935387442283e+00,4.893031273121042801e+00
3.430692524558347500e+00,4.992832144720660281e+00
1.233001824289646109e+00,-1.132356552474617750e+00
4.794623514053257374e+00,-9.880181998520343178e-01
5.972607893010122737e+00,4.884338746036558376e+00
3.513592755195282802e+00,4.955591635607065726e+00
3.378632542380957560e+00,4.969469858724052003e+00
2.856097118912608757e+00,-5.722087649816778310e-01
3.307275473881530203e+00,-6.100674559343064463e-01
7.227531364173404249e+00,4.853633279109300425e+00
7.132088897480059586e+00,4.835482663349742971e+00
4.490017835199875407e+00,3.111747222805209656e+00
4.149338800490649959e+00,3.708630864054855980e+00
2.988407925088652828e+00,-5.863598395934949137e-01
6.872705986523055088e+00,3.543022901525175072e+00
7.459302789916494092e+00,4.822353186504764189e+00
3.629024553272009346e+00,4.979967507091107137e+00
4.705695286809892686e+00,3.617390576257507373e+00
3.296484368651094510e+00,-6.222286487285990653e-01
6.060735219010959796e+00,3.586639761509968771e+00
-3.168251959573919585e+00,1.667486055988183002e+00
1.266365786716047603e+00,-1.094460094797489402e+00
4.738073080017376704e+00,4.892870584082725571e+00
-3.112407107201218714e+00,1.672169496781095610e+00
6.077125182893873045e+00,4.846659029113919992e+00
4.838339403679634110e+00,4.898400205971896071e+00
3.589135564928959354e+00,4.939113247415854779e+00
1.571591661635787007e+00,2.412857898532002832e+00
7.226792582599851578e+00,4.842594008461951205e+00
7.045340699658955153e+00,4.814298831209010920e+00
4.120628107740467172e+00,4.897663357334277379e+00
7.359104837146277944e+00,4.799421494982309078e+00
4.153536355756656029e+00,3.708352994051549167e+00
-2.945878205963874397e+00,1.686427332319124783e+00
7.033067200906090832e+00,4.795987497409206490e+00
7.259366510582966114e+00,4.876372917509989691e+00
3.903861783519560369e+00,4.900387335169341441e+00
4.455484312647264744e+00,3.099413153628602036e+00
4.095846271221522450e+00,3.685076015876579625e+00
-3.194595991340166918e+00,1.399531810951197608e+00
2.876987548569331921e+00,-6.216950430115109061e-01
2.960577675973443679e+00,-6.070686261972374487e-01
5.571274312829602060e+00,-9.149903913695808244e-01
5.804364775173910473e+00,-9.590268777023656099e-01
6.078817622396629261e+00,3.102225715614388424e+00
6.660485481305850719e+00,4.995990439907278535e+00
6.540454003541488426e+00,5.026027440721679618e+00
6.467277597570338266e+00,5.013989871630762707e+00
6.397254336698281918e+00,5.004794471818829749e+00
6.332337101501052778e+00,5.003096902025619741e+00
6.207263838734320416e+00,5.002992471995251655e+00
6.141544067487683556e+00,4.991797470410656246e+00
6.076245462275511322e+00,4.978291429208364427e+00
5.908732125458098672e+00,4.998882531216598757e+00
5.786334079006013376e+00,4.969360296384343734e+00
5.459518346045197035e+00,4.959585090076875424e+00
4.182459946039650767e+00,4.883090018094716989e+00
4.022873859868796309e+00,4.877929822088922229e+00
3.971235454556531597e+00,4.868525864895758559e+00
3.914983642902361893e+00,4.871380763800400082e+00
3.803908483304288435e+00,4.867241702063780373e+00
3.749737614667217223e+00,4.859390835527515939e+00
3.281247920140454521e+00,4.817664425378421988e+00
3.244235262930698305e+00,-8.001479860333919891e-01
4.184214562139530358e+00,-7.931601155336918119e-01
4.240055069206637661e+00,-7.792711058528815071e-01
4.292801891577682660e+00,-7.750420810570874952e-01
4.393927690105639883e+00,-7.813588565277329590e-01
7.205205822500428958e+00,4.952123296811048014e+00
6.742676913580792686e+00,4.943951962562909586e+00
6.630009943575473130e+00,4.988557407298809032e+00
6.556316572617823191e+00,4.978665842635026095e+00
6.230227224187805390e+00,4.968762276243208653e+00
6.162739496374933346e+00,4.953504042535198160e+00
6.048963199628507148e+00,4.966245420804819233e+00
4.821007519171319977e+00,4.954246772956396150e+00
4.579941647104718072e+00,3.638618617243072340e+00
3.880719693384032443e+00,4.899870165880825468e+00
3.339456143878129613e+00,4.894056243787148652e+00
2.552438438678391375e+00,2.287557566190256075e+00
1.499606558917668586e+00,2.100346232204459263e+00
3.067361413022515304e+00,-8.042511750322024477e-01
3.135258810906115912e+00,-8.073136458626433143e-01
4.320476151261011921e+00,-7.528288388172349466e-01
4.418830289233775410e+00,-7.680449843970512669e-01
5.336902052622823689e+00,-9.832074666422609965e-01
5.390129771879858644e+00,-9.793885868528497962e-01
5.437504520402492325e+00,-9.411360739023464372e-01
5.495037795846879902e+00,-9.610745733757544151e-01
5.664016424496594482e+00,-9.791858792604686279e-01
6.568360069742430696e+00,-6.008893462242202999e-01
6.354390493350375202e+00,4.987088184762850318e+00
5.811646957225311105e+00,4.967883032107376806e+00
5.537726180898212114e+00,4.964176885299274922e+00
4.524435691360934264e+00,4.816342461139044850e+00
3.762643856353728111e+00,4.886929822071146567e+00
3.402678517197554875e+00,4.878514169773975340e+00
3.202809540796814680e+00,4.883556293178762608e+00
2.548730891439951574e+00,2.281864653693486122e+00
5.448177331355081421e+00,-9.563271830416741892e-01
5.605587375202667921e+00,-9.312945912310341967e-01
5.659437470758207134e+00,-9.275716476331334892e-01
5.765420983308295000e+00,-9.104591618245877482e-01
5.816697895592295886e+00,-8.952194070094854350e-01
5.869870203125821639e+00,-8.857424604249539701e-01
6.306187584373710742e+00,-8.047871746451601416e-01
6.528294771607768610e+00,-6.395730122028394637e-01
7.508348902839063754e+00,5.116915894162998857e-01
7.568508824720628247e+00,5.379587003506758336e-01
3.939564575658666357e+00,4.952228438323781567e+00
3.817681781971605570e+00,4.971578177109525321e+00
-3.144910662693873427e+00,1.112237447090828057e+00
2.964963956098927600e+00,-7.049066962625373245e-01
3.081653332464540540e+00,-7.413430046167448495e-01
3.996635027464457757e+00,-7.215583366529120246e-01
4.051200118155397156e+00,-7.171753118912020941e-01
4.105896661886772492e+00,-7.098158711744476657e-01
4.204958528561145492e+00,-7.258119602295082240e-01
4.256057702128820175e+00,-7.261543489586859135e-01
4.307166800576943899e+00,-7.245815360954609430e-01
5.210959803770861321e+00,-9.940299308428639513e-01
5.264020154106488825e+00,-9.904316446040917210e-01
5.471896619700303610e+00,-9.460976461478940447e-01
5.529851954852865070e+00,-9.653596617504778266e-01
5.740386993379628322e+00,-9.249588035813265385e-01
5.850143415016636261e+00,-9.163634480815775474e-01
5.905020059078153416e+00,-9.100641872336253657e-01
5.961966106545157906e+00,-9.083999878618290724e-01
6.253210949600251034e+00,-8.907564476329317138e-01
6.377730509620989530e+00,-7.654025436652527326e-01
6.406332441590836702e+00,-7.025910431631517961e-01
7.400161272076782204e+00,6.226200643642119115e-01
7.429712241453661825e+00,6.632934017128095938e-01
7.480744271960213077e+00,6.929681460353039890e-01
7.534785872008324503e+00,8.348145128706787599e-01
4.950613580248429457e+00,5.001631529023663703e+00
3.889489878166355386e+00,4.961585661174794382e+00
3.783638735454112556e+00,4.935114397265857988e+00
3.662135849698467283e+00,4.942447020303537109e+00
3.230343983820558762e+00,4.916255819864449705e+00
2.913557206715196468e+00,-7.580008030355962489e-01
4.192988188447562159e+00,-7.351142356914595055e-01
5.515033461030661499e+00,-9.417478383642909900e-01
5.778183416631899050e+00,-8.984593653108456923e-01
5.937862434522434008e+00,-8.701319931386606310e-01
5.995031315349432788e+00,-8.696893780514185490e-01
6.450008327506249195e+00,-6.897060919338552365e-01
6.557371691905452771e+00,-5.533723513821040552e-01
7.135240380484325406e+00,2.622076783615433504e-01
7.238839141472800165e+00,3.708165330620779576e-01
7.290537746336747560e+00,4.561807916422367937e-01
7.321112798410773337e+00,4.956848196518757188e-01
7.639652102037628012e+00,9.212281260364109103e-01
7.660547668175759384e+00,9.681736582118004586e-01
7.720669295773856966e+00,1.055963259987640512e+00
7.775322144571588545e+00,1.092492166338212778e+00
7.783704408421478149e+00,1.144878880773619656e+00
4.402589368868123465e+00,5.038577598419429648e+00
4.297486030035340576e+00,5.021701503788021270e+00
4.243920281293021013e+00,5.017246746175601402e+00
4.189846570886328614e+00,5.013772727660091633e+00
4.131365081768886505e+00,5.025757642888407872e+00
3.966804082084217420e+00,5.009069628175357280e+00
3.467551471360414084e+00,5.044138415011092391e+00
3.403566674989848551e+00,5.041588359819514586e+00
3.340628895825615619e+00,5.035059017213486143e+00
4.624018839129068859e+00,2.529695339185128677e+00
4.581478343468754488e+00,2.503013175420677694e+00
4.514600796705578567e+00,2.503737314995941876e+00
2.524892058043211485e+00,2.512046563858356230e+00
4.075976802716572145e+00,-6.737270584703874965e-01
4.127867794372519050e+00,-6.726484149773547250e-01
5.165954695874121150e+00,-9.582725314871787248e-01
5.372360534419803102e+00,-9.218156987448751227e-01
5.811477016168605125e+00,-9.360842485821192493e-01
5.949562009629071113e+00,-8.400653851576269648e-01
6.893759821960749434e+00,-2.950907571716358813e-02
7.018931039988366649e+00,1.261285999091264209e-01
7.051933610753678749e+00,1.630874980989884815e-01
7.177345871479968054e+00,3.165113778462401162e-01
7.328712245636491041e+00,5.135706674180050557e-01
7.356615296758505451e+00,5.548391135123103002e-01
7.493070343442728820e+00,7.084065802609427198e-01
7.520322285369044124e+00,7.513392316021031414e-01
7.604173312384949313e+00,8.806103806849595594e-01
3.835347144926728902e+00,5.027490982518523666e+00
3.448049381489505905e+00,5.063210807543380376e+00
3.268850902281124959e+00,5.023164285999201617e+00
-3.166500865267690923e+00,1.622116405731953925e+00
5.071305416828637114e+00,-9.291538274732740188e-01
5.227983252904182088e+00,-9.340803097656191767e-01
5.278668911347210724e+00,-9.193182579326738546e-01
5.331965885512841119e+00,-9.254840011976075420e-01
5.647343057324760274e+00,-8.992015849869908761e-01
6.394016516377411641e+00,-5.261084024569043782e-01
6.817451466478200217e+00,-7.810481851986832147e-02
7.081592988767415164e+00,2.161957234054804333e-01
7.273947416165250424e+00,4.425855165149461534e-01
7.079016561951245734e+00,7.845747841501271580e-01
7.552945173852109839e+00,8.028848029917033946e-01
7.832623691007467137e+00,1.140202978516579035e+00
8.001223766539611759e+00,1.375702815445686289e+00
7.890305261552344795e+00,1.507093343855022693e+00
3.388157438747037453e+00,5.054471963026769821e+00
3.322574568180288956e+00,5.051986001840711893e+00
3.991026055016329899e+00,2.552151135338613486e+00
3.874495440565782989e+00,2.547124592536059051e+00
3.561793573224008025e+00,2.531644832298438175e+00
2.545589820129752656e+00,-4.195160803527249183e-01
3.219632432813670952e+00,-4.817641087546701284e-01
3.378437604919025894e+00,-5.262893489793593060e-01
3.434892664742553947e+00,-5.329315778912372403e-01
3.493535851017268268e+00,-5.340194142191655446e-01
4.761997121256209553e+00,-9.391181976733353753e-01
4.917856004076209153e+00,-9.374066841264907524e-01
5.178442629523832608e+00,-9.443755318087305728e-01
5.678112541347326570e+00,-1.016057339063180409e+00
5.730723467089476664e+00,-1.000460989338817663e+00
5.962179678982824527e+00,-8.356771685902318891e-01
6.083317178279465942e+00,-7.119021999175404458e-01
6.120935110312481164e+00,-6.683605499621839696e-01
6.230868147298150639e+00,-5.430526048833685948e-01
6.321480098334585129e+00,-4.984226667591672433e-01
6.358989069975404362e+00,-4.623422668741641317e-01
6.394639147660530654e+00,-4.240118525152020146e-01
6.476828375205546884e+00,-3.669162291516898655e-01
6.512922716754532715e+00,-3.311138345774014557e-01
6.551105117930469568e+00,-2.988850927333603913e-01
6.688549580226163194e+00,-1.530955546952922353e-01
6.880126655611542574e+00,1.288032154572238408e-03
6.942394957708147629e+00,5.624387943112008070e-01
7.403892152938151838e+00,5.387077718504125201e-01
7.490418533138257118e+00,6.063176708138721116e-01
7.554727156151341383e+00,6.886377167261947818e-01
7.597576957151894739e+00,7.251229868889522701e-01
7.639949023861478672e+00,7.626969778088922292e-01
7.698252754101784667e+00,7.940107468944527236e-01
7.759317546682486189e+00,8.837702915424888728e-01
7.790167054498596144e+00,9.291516686035786732e-01
3.909484204078303105e+00,2.552247016685202929e+00
3.527866880203510469e+00,2.516826503970102102e+00
3.272779879862353525e+00,-4.966432504102209489e-01
3.548153922370513857e+00,-5.398601800126187067e-01
5.728296991167001195e+00,-9.928282738011637854e-01
6.404103873630232258e+00,-4.404903826162661629e-01
6.435443049337301602e+00,-3.955697806517137760e-01
6.547961000978721025e+00,-2.949823276488164336e-01
7.374679352651936526e+00,4.969137321805059959e-01
7.515669208095600240e+00,6.505791590722078688e-01
7.667062308097232659e+00,8.075490040507820044e-01
7.904327240775136154e+00,1.341462226741974240e+00
7.901082182299250078e+00,1.469345352929301018e+00
2.553802273660549016e+00,-4.389547111770343291e-01
4.986503335698075468e+00,-9.395754299158345368e-01
5.799992078641399651e+00,-9.787806421882532248e-01
6.024848617018321306e+00,-8.021886361005358124e-01
6.185064527650671273e+00,-6.441332572972344739e-01
6.218794815722746172e+00,-5.956609263791017295e-01
6.294179856290539554e+00,-5.197071221206903680e-01
6.484167529848357425e+00,-3.485161778485419970e-01
7.603678155066573296e+00,7.412579307865339029e-01
7.892719496292030179e+00,1.417018394455903385e+00
6.472675440606388442e+00,2.452689434429375481e+00
3.151688979479160047e+00,4.970931077984176660e+00
-3.398328576925488509e+00,1.296335536807037725e+00
2.710544527516787650e+00,-6.062587255073257353e-01
2.913078078715220176e+00,-6.367849708949427923e-01
3.122626932718826076e+00,-6.386385737501927284e-01
5.495197664355926825e+00,-8.995393199258037153e-01
7.010834181302140422e+00,1.578590064212346822e-01
7.574477144931806905e+00,8.574049536206330702e-01
7.902648469600371151e+00,1.295393481417439929e+00
7.952135515021321766e+00,1.339042520979882633e+00
7.991212108601811082e+00,1.386262927953774371e+00
7.999170078986275634e+00,1.496049426950086580e+00
6.335699546720156228e+00,2.469612763971506642e+00
4.155152291239924800e+00,2.550135728617114239e+00
4.016176732225217094e+00,2.555702230113499507e+00
3.897408368013266955e+00,2.554632912001089551e+00
3.834518623638432544e+00,2.562880273942873099e+00
2.520533007863282826e+00,2.629142568564425186e+00
2.634790235096643229e+00,-4.265283248487380385e-01
3.555186390213654235e+00,-5.466857371638565999e-01
5.996594855521377276e+00,-7.501311460047358493e-01
7.532330888054696416e+00,7.104216868545260022e-01
7.735243707070353913e+00,9.037942332965244185e-01
7.903573019504654518e+00,1.406385010395124979e+00
7.885608879154463402e+00,1.463999553962264555e+00
7.897551766890320124e+00,1.621805878097750897e+00
4.090881283987671146e+00,2.553442931380773828e+00
3.748340858482492877e+00,2.532045117004442680e+00
3.453588670989846676e+00,2.539247322890589409e+00
1.164056006838126933e+00,-1.013374252296091571e+00
2.489634467419058250e+00,-4.016586162468003818e-01
3.275659325371030661e+00,-5.051511680537685844e-01
3.813492169410130028e+00,-5.830838543158932685e-01
5.944041437699146613e+00,-7.657008727520822067e-01
6.181558765656356869e+00,-5.420388689349678879e-01
6.578698523366844242e+00,-2.413799540518203335e-01
7.712385315132921804e+00,8.529453301881574356e-01
5.563135900781939647e+00,-9.655878107985049752e-01
6.186933301532698160e+00,-5.516554776370853341e-01
2.512118591194224759e+00,2.588339743479688870e+00
1.185372066910159505e+00,-9.983802951224756139e-01
4.718316259105971966e+00,-9.312388793254104957e-01
2.494728518439131459e+00,-3.996780802677615263e-01
3.100694843916268262e+00,-4.821881786371836620e-01
5.991763717651583221e+00,-7.360393054787166545e-01
3.720530120896736737e+00,1.754825127695405440e+00
5.620133571181021637e+00,-9.610611203821428639e-01
5.860550369981726959e+00,-8.337198419970821561e-01
6.251243810364912612e+00,-5.608465625527441212e-01
6.696253395058840319e+00,-1.471405507268828128e-01
7.691675881496062850e+00,8.655924016381272290e-01
3.616223527437251839e+00,-5.421320600731255324e-01
3.917683902529678353e+00,-5.991407495461968935e-01
-3.214943452906690258e+00,1.730252613401412454e+00
1.025188073424251778e+00,-9.172592209096450677e-01
6.086508231446392081e+00,-6.888872835345394297e-01
6.799101419737416663e+00,-3.914744202303645226e-02
1.523463136669080065e+00,2.502996640817835683e+00
4.227826237681420629e+00,2.558589095388420720e+00
4.146874832230198926e+00,2.559183764845283093e+00
3.563369796284504787e+00,2.562720657201365437e+00
2.548476546150229449e+00,-3.860255481944151468e-01
2.625405422764838903e+00,-3.905724289805962979e-01
2.751084817674736449e+00,-4.239132357152087804e-01
3.216925646258564697e+00,-4.495230408768661201e-01
3.693697088064447520e+00,-5.425130958832606876e-01
4.638147111255323196e+00,-9.199281702683088646e-01
5.830224535187084278e+00,-8.413935875257729791e-01
5.870366857258549231e+00,-7.955960240121867644e-01
6.136823375730729779e+00,-6.274152918506832322e-01
6.286480622064834378e+00,-4.750882538862385429e-01
6.631117983211045619e+00,-1.891109047495672657e-01
7.651731531141742870e+00,7.391685035912501922e-01
1.484837269221720879e+00,2.561710822054715564e+00
5.949416603454896091e+00,-7.293471801423745404e-01
5.993394718549895472e+00,-6.999855901573609485e-01
6.011441285990789751e+00,-6.111204481583242254e-01
6.107899795147390343e+00,-5.797850248805148654e-01
6.317294035811462649e+00,-4.381447947277510302e-01
6.393777395795617657e+00,-3.719075453023618638e-01
6.544022431206269808e+00,-2.407071591460635540e-01
6.835188721642272647e+00,2.383429360187859503e-02
6.868627645795752024e+00,5.976571330767713186e-02
7.834257454664157905e+00,1.089361352200740818e+00
3.120479373785075339e+00,2.537476273375640190e+00
2.532029469592145254e+00,2.664818758903751750e+00
5.196522389113763296e+00,-6.343031511704713132e-01
6.649990206032241780e+00,-1.414133294956672615e-01
7.768204160359200472e+00,9.627941542557888477e-01
7.844594183422359812e+00,1.281163507322452100e+00
2.857642813029624751e+00,-4.480584419201201207e-01
4.690047995327221386e+00,-9.268081933915064408e-01
6.081189983398747501e+00,-5.802327434857780242e-01
6.419937581167613594e+00,-3.487263048358484885e-01
6.487622102558751713e+00,-2.689501130394414408e-01
6.739207071847029162e+00,-2.104168202512030073e-02
7.033973775617211821e+00,2.557103653803703414e-01
7.278360612705251143e+00,5.216931175961970757e-01
7.581688230552542151e+00,7.804044676981192197e-01
3.164680134717266391e+00,2.544742323863889322e+00
2.498938326240655705e+00,2.637979949431898508e+00
2.411535681091898198e+00,-4.419420368320226000e-01
6.246936747962412717e+00,-4.790202514406463052e-01
6.289870018329393631e+00,-4.493191752985380427e-01
6.436692771990649931e+00,-2.978008530051940439e-01
6.549803749100094663e+00,-1.925698948929959187e-01
6.778230329668796905e+00,1.346579554125709732e-02
6.878520614931304955e+00,1.302312762349707442e-01
6.916408278535536525e+00,1.653261930766826149e-01
6.986575854549019304e+00,2.407969014266586605e-01
7.335687921255691357e+00,5.746811031493196387e-01
3.214339575327911369e+00,2.540548869472431637e+00
3.096148507740811961e+00,2.522895064557774347e+00
2.472430561950658134e+00,2.592844313665363387e+00
2.488712940116291517e+00,-4.647809054635668735e-01
2.919207550023771525e+00,-4.425621835634029333e-01
2.981134170487377499e+00,-4.439397750270941412e-01
6.569434468835436469e+00,-1.932145740094781128e-01
6.830407723024500832e+00,6.215735646614842236e-02
3.650607601220701159e+00,2.529271021973974243e+00
1.118110587524761224e+00,-1.236777938915616382e+00
2.833595737205500953e+00,-4.492165201327862345e-01
7.185173347145545897e+00,4.159322701048098758e-01
7.627698081483087478e+00,8.250989226436423740e-01
2.722261662495149892e+00,-4.355496868444115321e-01
4.741382773941060336e+00,-9.501071399999603262e-01
7.695887107546807826e+00,9.131179130814734979e-01
7.731755382469557070e+00,9.642287106227376281e-01
5.333365059112063378e+00,-5.980158897700473819e-01
7.511817125962555686e+00,6.340659394421270800e-01
3.096003743835579858e+00,2.447285774420676407e+00
2.499343766579370296e+00,2.510737706435214545e+00
2.811576271647244329e+00,-5.734580317314701414e-01
4.070000849299347578e+00,-6.316438885415471827e-01
4.118068362522366854e+00,-6.299356431583358340e-01
5.142269806044670766e+00,-8.821451251856458065e-01
5.198282415658326272e+00,-8.850567938046790539e-01
5.252395337066949388e+00,-8.792263590657102279e-01
5.309795582902236077e+00,-8.829174237586888685e-01
5.418844726458329930e+00,-8.671265939956178670e-01
5.538370599683049456e+00,-8.743543818379005961e-01
5.715113593060038077e+00,-8.633728611027430278e-01
6.419226843301910179e+00,-4.966539866654200441e-01
7.649682968295401508e+00,9.688404834697366130e-01
7.677129271439221192e+00,1.023059142060848803e+00
7.937425490874406186e+00,1.591629384767679012e+00
7.903689384298806075e+00,1.658527889274859168e+00
7.925193048785425631e+00,1.780484666981291042e+00
3.101244085653861227e+00,2.465432539237382148e+00
3.064155242031993076e+00,-5.740741163136562353e-01
7.297007230505563768e+00,5.594061327354293844e-01
7.478393941504082321e+00,7.931213596572163071e-01
7.578195433501956124e+00,9.431641585479147993e-01
7.692680189431281512e+00,1.093580545563066053e+00
7.735703489121187104e+00,1.206497839220770363e+00
7.790265459876083654e+00,1.255273156113950295e+00
8.008307981578658641e+00,1.530173508212246736e+00
7.935545641238528347e+00,1.729570149871396900e+00
7.916640348548461326e+00,1.855194055493409211e+00
7.915014288963966749e+00,1.916923647862004865e+00
3.095116518474175127e+00,2.499853661575532460e+00
2.582473248520887665e+00,-5.098420133713862379e-01
5.408243206264392811e+00,-5.622140849847524491e-01
6.147982988256794457e+00,-7.270377473489818554e-01
7.442455223270073361e+00,7.223431579416287329e-01
7.777428737850483387e+00,1.173101759551707479e+00
7.933038771796260491e+00,1.645215294540637307e+00
7.897719239102166888e+00,1.896141687598337677e+00
1.503753265392856475e+00,2.496536619834415660e+00
2.960665452815431919e+00,1.700752703448527692e+00
2.536724004068005911e+00,-4.559318060185795218e-01
5.321946610990397453e+00,-1.001567981949453401e+00
5.444323207255953534e+00,-1.012742978069021138e+00
5.631376259985834132e+00,-1.020384753175731296e+00
5.750867813524281225e+00,-1.002757375253273020e+00
6.162452415149096474e+00,-6.669854025392059071e-01
5.450091530906729709e+00,-1.024512380520729904e+00
5.857821612647798659e+00,-9.500663751531366330e-01
5.505152596063458859e+00,-1.006282153600904117e+00
2.688794774636903195e+00,-4.334984088201517816e-01
-3.357744853062032853e+00,1.693375114789114955e+00
3.376138762623060341e+00,2.563813241012888877e+00
3.295629661269547928e+00,2.555947893839851215e+00
3.227415921229872087e+00,2.561606978294561632e+00
3.125196393866792377e+00,2.578224541195892616e+00
2.292207364899814692e+00,-2.953200784847854199e-01
2.406232780498832824e+00,-3.309393860648882080e-01
2.487190809131928582e+00,-3.167376405399947581e-01
2.656978529572556535e+00,-3.546033058961361450e-01
2.710469979481993086e+00,-3.688787202701948043e-01
2.767240311538506248e+00,-3.770303016992910261e-01
3.027530357662738592e+00,-4.355906310385451174e-01
3.324980659664864113e+00,-4.989851966410134843e-01
4.472713077558664097e+00,-9.825687910997042973e-01
4.580585776289484379e+00,-9.958972552171452275e-01
4.636479974811380522e+00,-1.021070612130422717e+00
4.690344912423993762e+00,-1.014362801285223714e+00
4.745405619965479715e+00,-1.018642592260225799e+00
6.962871632092996421e+00,3.348698246993197375e-02
7.242657325010593894e+00,2.622270640394070984e-01
7.601592169106008434e+00,5.472151418269142198e-01
7.663161907372597170e+00,6.557291726747244143e-01
7.742920490261801625e+00,6.900404062648211045e-01
6.811963160326404143e+00,2.183461289137776262e+00
-3.176160195920662233e+00,1.805352515663888990e+00
2.597574963884408561e+00,-3.999926056285322273e-01
3.056495534616292531e+00,-4.438748832937723376e-01
4.664585431062214127e+00,-9.745323852302019141e-01
7.708290822318747182e+00,7.438646528026461313e-01
6.814803663458383731e+00,2.250598157225268015e+00
6.768023516856712440e+00,2.463619813419863025e+00
5.284580370478327183e+00,-6.277382908252863158e-01
3.349862713057272234e+00,2.563234513658967817e+00
3.196980254053508386e+00,2.559919702188378388e+00
2.551026358603363686e+00,2.710207497438717805e+00
2.375086245245116690e+00,-3.315507788779630816e-01
2.505299791799626696e+00,-3.429198835296772829e-01
2.641423504384511567e+00,-3.376807009623279954e-01
4.610324958571978549e+00,-9.848821552633078014e-01
4.775634486521314948e+00,-1.011965992917510215e+00
6.045927625174928544e+00,-6.661142001960098646e-01
7.527572470408032679e+00,5.537528978564008053e-01
7.630056085070333616e+00,6.413686907071031174e-01
1.460216374623140911e+00,2.634791779610598184e+00
1.191701667882429039e+00,-1.510755374133209594e+00
-3.400965970843145669e+00,1.769534096429326686e+00
1.593652783703689568e+00,2.457521766123717200e+00
7.792718109247301683e+00,1.407885985349013991e+00
3.024933052048191406e+00,2.520519884572363978e+00
1.386804641825506446e+00,2.637250781409340661e+00
-3.455900940733911408e+00,1.734374999739249912e+00
5.224753024709165139e+00,-6.125111994127028225e-01
2.494788276480077283e+00,2.684715419587008434e+00
-1.994052954761554419e+00,3.817378251895803043e+00
2.360172194066096019e+00,-4.363677234440558328e-01
2.411765354411339768e+00,-4.517747451509930290e-01
6.054234107424123934e+00,-6.204696841813027719e-01
2.993095080535618457e+00,2.523393758170156875e+00
2.743289725978681926e+00,2.598417879024613963e+00
2.379320567280331922e+00,-4.646870745477502673e-01
6.333297970377873121e+00,-3.914920789265297074e-01
7.128670114082819254e+00,4.152921700810747185e-01
7.170895812564978655e+00,4.658150616657503740e-01
7.326290376732645271e+00,6.797075414559938800e-01
7.745127401718250759e+00,1.323179753480589138e+00
7.773132778090774408e+00,1.528112802230063405e+00
2.757264643781565550e+00,2.612385148502931465e+00
1.386027433473046688e+00,2.940679254308927071e+00
1.517276062904738598e+00,1.361430140211405959e+00
5.298518849131943043e+00,-1.000217652467690232e+00
2.787890452259625285e+00,2.594790868781875481e+00
1.435883311056962430e+00,2.955843863036168084e+00
1.418695350145825262e+00,2.607386424079987552e+00
-3.614227340105543362e+00,1.758202738363957796e+00
9.862129064115195132e-02,-9.301413764468271506e-01
4.735064633189870698e+00,-1.195779100902333303e+00
8.097487877558157132e-02,-9.635509098754715396e-01
6.799715900941312618e+00,9.976339996140093369e-02
3.044764356527843052e+00,2.495431892966686771e+00
1.399867098262132847e+00,2.669008968138386617e+00
1.394979879722870963e+00,2.589626276764615653e+00
1.447015727249619577e+00,2.500426167827449309e+00
1.004086859108728053e-01,-9.586657575191872560e-01
8.460033266848674405e-01,-9.695249031725414746e-01
6.565595053425299810e+00,-1.250781174009680807e-01
2.813399362640909729e+00,2.630293817531396350e+00
1.412434659399258718e+00,2.943149682378281007e+00
1.046816215130290439e+00,-9.812072480426674570e-01
2.429875300443968378e+00,-5.010108829808368469e-01
6.041948472711878182e+00,-5.788526605338042419e-01
6.089036709095004163e+00,-5.351751687675121438e-01
-2.411584757719832939e-01,-1.003916566233855612e+00
1.098206903851254967e+00,-1.020501332139315487e+00
6.995047189393950759e+00,3.067158252946948771e-01
2.801063169355695770e+00,2.667236437403936566e+00
1.389075528728217268e+00,2.969459109585387058e+00
1.458337978113366074e+00,2.466439152726908279e+00
6.481801974888329099e+00,-2.376879350706842531e-01
6.671331222341231992e+00,-3.492133722965655440e-02
7.095913710054803758e+00,3.752986158561271157e-01
9.577792966593375867e-01,-1.017317487597797943e+00
1.104196659981454109e+00,-1.045103678311110285e+00
6.352873283358283274e+00,-3.482411771831431246e-01
6.546365245760747520e+00,-1.492439139114911661e-01
6.914067303516060470e+00,2.027622037094941876e-01
6.978922003649101313e+00,2.500674741981389615e-01
7.006289715766592430e+00,3.168724291269213178e-01
1.349658723450636977e+00,5.033102895717891379e+00
1.095086966672692785e+00,3.213515147814372419e+00
6.566891149662257288e-01,-9.688939779898853022e-01
8.780061451235293690e-01,-1.021734604673504521e+00
6.864431881012035497e+00,1.977627973339480816e-01
7.030468166456873114e+00,3.594745890185776505e-01
2.551960060933807561e+00,2.653087742025060258e+00
1.327362434872515706e+00,3.309752382532568760e+00
1.123472423046743440e+00,3.204349895524917446e+00
1.428830710207528387e+00,3.001044621637858789e+00
1.404992882590124559e+00,2.590994238772029057e+00
9.779915468643458898e-02,-4.094982992188803128e-01
-5.158302580782121449e-01,-1.026715713361651794e+00
8.268904211417584804e-01,-1.032973812514173639e+00
1.049708608722335290e+00,-1.066448301658092346e+00
2.328824280598850827e+00,-4.928502400355372348e-01
2.473001007098593718e+00,-5.058084447974897646e-01
2.522270388569674004e+00,-5.025338886528929461e-01
6.169263919309560862e+00,-4.602322143636724538e-01
6.240756174989120275e+00,-4.292557560249161686e-01
6.839535228622882990e+00,1.160442707408340934e-01
1.946657816016663434e+00,3.596840321715335076e+00
1.706810401061946703e+00,3.851444515776007549e+00
1.630300517876171140e+00,3.822978543944357099e+00
1.332240312471781651e+00,3.372679125037827852e+00
-1.280248767866225768e+00,3.783349739570384784e+00
-1.472474195932572227e+00,9.007850083107811212e-01
6.231498731316383877e-01,-1.006208530379822719e+00
7.141068613449161884e-01,-1.000411491782938089e+00
8.380072157981898195e-01,-1.060836470973524737e+00
9.295664771822310657e-01,-1.046140779737097848e+00
6.477746091669557060e+00,-1.911149637548802405e-01
1.785150280503773113e+00,3.908628068344657702e+00
1.973113194088030209e+00,3.584573945850336063e+00
1.694795404647771342e+00,3.838110233307662433e+00
1.401961100752473266e+00,3.395454410265307921e+00
1.364708510285379317e+00,3.332788461915662026e+00
1.173175997140112781e+00,3.237262078308659419e+00
1.519454545587429761e-01,-4.840626336410036590e-01
6.646243556790343288e-01,-1.035366366129568227e+00
1.256591687425068660e+00,-1.100150587700057692e+00
5.219542554127861500e+00,-8.885039854885717903e-01
6.626531652404181294e+00,-4.319613762813379054e-02
1.392384444180304603e+00,3.437394652031176889e+00
-3.724742742672568774e+00,2.447371824951408925e+00
2.843552299623149704e+00,2.082722925578401885e+00
-5.494537471514435722e-01,4.280388933555900888e-01
-6.143581343642015025e-01,-9.692143063560838545e-01
7.655770734877227479e-01,-1.032856949277034531e+00
9.658438765727915820e-01,-9.772906572285247062e-01
1.708384797902489760e+00,3.841867492875997936e+00
1.355221048501869419e+00,3.355694492530688411e+00
1.331882408366185988e+00,3.283219220804754368e+00
1.136308212226460279e+00,3.186609794829150744e+00
1.393046707599873590e+00,2.895927138601571471e+00
9.309612796532514833e-01,-1.077387300354284871e+00
9.853707391270891680e-01,-1.116199733070230904e+00
1.230449491273357010e+00,-1.089405849254471814e+00
1.598757063474291362e+00,3.776871968803608315e+00
1.287426305750462907e+00,3.212878250894003695e+00
1.077260235931543297e+00,3.117934278832519723e+00
1.402963284271573574e+00,2.880492270668186361e+00
1.383626168956061830e+00,2.499268132799766562e+00
2.865542903965102028e-01,-6.299323050279925784e-01
1.354895977046935762e+00,-1.178940594052992230e+00
1.418783253096869368e+00,-1.195265179106824283e+00
3.741827312251726934e+00,-5.238796117324724388e-01
3.839284728228720134e+00,-5.168951226807830812e-01
3.893077284660290793e+00,-5.272755024117176115e-01
3.942936489343398243e+00,-5.233277564298365325e-01
4.041572780172077550e+00,-5.088726079261144397e-01
4.093169427091410739e+00,-5.058278232942750030e-01
4.143795519352586609e+00,-4.990133898355003650e-01
5.117994421092721957e+00,-7.562467643080246216e-01
5.194798907851109426e+00,-7.555155694238923081e-01
5.408758526536741940e+00,-7.185550937176605757e-01
5.485995264994016019e+00,-7.092707457515237124e-01
6.548565989425780387e+00,-8.629022976910387388e-02
6.633607369326678160e+00,3.150048605792345885e-02
6.714690170275892989e+00,1.525531295908482687e-01
6.799112488303258317e+00,1.910355121448068516e-01
6.925650034568212376e+00,3.765585587790232225e-01
7.130691642055850821e+00,5.362670535869502597e-01
7.599765487266084918e+00,1.053744480620897983e+00
7.617578744192761597e+00,1.133494556650990193e+00
7.732701746128384457e+00,1.278973349797979830e+00
7.772237390133009072e+00,1.356901051556281379e+00
4.202497408748206098e+00,2.671614061524201666e+00
-1.295667745213560984e+00,3.726071340733682735e+00
1.358697375521356721e+00,2.545269296617391763e+00
1.270000160252900523e+00,-1.155604859505012127e+00
3.774253302244929831e+00,-5.233102119158994370e-01
4.130119329846348997e+00,-5.099659138345240539e-01
5.126583433639421372e+00,-8.036956581153729129e-01
5.637137816327991047e+00,-7.129477242171552431e-01
5.803716875493637239e+00,-6.910201384953480463e-01
5.932615456072491966e+00,-6.237175768303571122e-01
6.294269271228564833e+00,-3.760263150024384937e-01
6.420944253630738174e+00,-2.027685644979218549e-01
6.648313861967268146e+00,7.927091440649731979e-02
6.755400640008846658e+00,1.035788502411051359e-01
6.860034651031343245e+00,2.987329456318570942e-01
7.141468807393085427e+00,5.874843684106414443e-01
7.610086372183611836e+00,1.191617646725732449e+00
7.842009491087966744e+00,1.574630252002007458e+00
-1.199485303390085633e+00,3.815274351518413543e+00
-3.349219600406865283e+00,1.654551088688949401e+00
-1.489630487225393596e+00,8.912984823899442466e-01
5.406199528694982659e-01,-9.806824179399360464e-01
1.139249148568304948e+00,-1.057630148280065852e+00
6.728251145838498815e+00,2.508276967369410304e+00
1.087267540158287860e+00,3.188471792024039075e+00
1.340223670844678860e+00,2.564018853533694298e+00
6.143973732762796347e-01,-9.995851935696347113e-01
-5.840001305219685301e-01,4.913728948793042450e-01
1.163233257997239534e+00,3.281347238131949062e+00
1.128544342110712861e+00,3.257275163641831561e+00
-3.463065191100499263e+00,1.771874731217443433e+00
5.588854377431967668e-01,-9.441661920685171516e-01
9.465352255699688300e-01,-9.824506272787545402e-01
-6.718538110252904039e-01,-9.134296941158908112e-01
-5.089189779898543875e-02,-8.906369381765381066e-01
5.216303834484912194e-01,-9.059553017777745021e-01
6.609401367105954828e-01,-9.498557488010666017e-01
8.533990440808378874e-01,-9.139200424981384074e-01
9.145220139115090019e-01,-9.399933399238131759e-01
2.258078209919817780e+00,-4.599293573451084249e-01
4.583586233425929635e+00,-1.034671798434011469e+00
7.383294007188802688e+00,2.863934939764926080e-01
7.470535225238490007e+00,4.294099593616469424e-01
7.552865886778135085e+00,4.878417064538149162e-01
7.597565099127223220e+00,5.611854315820237193e-01
1.962640193528697896e+00,2.804058649781327350e+00
-1.284665623885726804e+00,3.859054825085639795e+00
-3.483306238515419651e+00,1.674449457382698014e+00
-6.105640397358720328e-01,5.096633139352463315e-01
5.730552876686666464e-01,-9.912704094557183154e-01
5.329235990428071723e-01,-1.011447558073155006e+00
1.242064207292417954e+00,3.251915480316135199e+00
-6.670686038699258358e-01,-1.003795126042066110e+00
4.806776273700559821e-01,-9.983528753332762129e-01
6.064708591334524446e-01,-1.058156707797048179e+00
6.887718625720500309e-01,-1.059164639653187523e+00
2.344312465872994800e+00,-5.037150346236878296e-01
1.345977358189295314e+00,2.900212650515982205e+00
4.385481984306603409e-01,-1.037508993359774756e+00
2.387768753794184740e+00,-5.097153739488462509e-01
1.217198610460115349e+00,2.470755223553588120e+00
-3.673741634915995036e+00,1.682792352120161095e+00
-1.016244749091887778e+00,8.861460341059019807e-01
1.023787481161816670e-01,-4.405917908403302885e-01
3.661336434268615547e-01,-1.035318024279119342e+00
1.280357906081738273e+00,3.270463091769812536e+00
9.747419391774880815e-02,-1.000256119628371465e+00
2.360983123442598752e-01,-1.049545157799738115e+00
1.050367771115782611e+00,2.481956653143071012e+00
1.151965341870446524e+00,1.443891853503726175e+00
1.762228272759300551e-01,-1.031295090823182825e+00
2.552962878848032968e-01,-1.040714618619683618e+00
5.823605921944009500e-01,-1.037066167775477332e+00
8.675752831815508603e-01,-1.055987802805623321e+00
7.270909516962889008e+00,6.059922668611986696e-01
-6.069463833583875756e-01,4.124136219507032464e-01
4.913163833998010488e-01,-1.031389025923557412e+00
7.694191507521002116e-01,-1.062147384421072926e+00
2.737070583508286692e+00,2.600546927213995829e+00
1.362097765214423051e+00,3.452021635398255128e+00
1.285189501662004519e+00,2.472643379833797450e+00
1.174190051341870822e+00,2.489528423386160760e+00
1.032433044571152037e+00,2.485538757635196827e+00
9.223199051946477933e-01,2.491677396911096132e+00
-9.905018391977403469e-02,-1.021076067352902239e+00
2.137750442145477381e-01,-1.060862726228473329e+00
5.298387607479529970e-01,-1.055518830341839243e+00
1.126150136786638445e+00,-1.103247599674935353e+00
-1.052310498508045367e+00,8.435112939842807078e-01
-6.623307993756109013e-01,4.747668246902535527e-01
-6.219497085529948066e-01,3.607042113147491125e-01
-1.492322089217317238e-01,-9.931134853699592480e-01
-1.883011199803727442e-02,-1.049670347389535907e+00
1.429350023037289641e-01,-1.058749535123281849e+00
3.168642511856415434e-01,-1.038810374622929800e+00
4.580174850737188108e-01,-1.056430446516148036e+00
2.726371892609140701e+00,2.652309743962732114e+00
1.100728823587890703e+00,2.487186130916787530e+00
-3.540252862869438299e+00,1.647470836586377052e+00
-6.895062211590223811e-01,3.895278798681391375e-01
3.470656905063628783e-01,-1.055566283921936410e+00
4.083314528125095433e-01,-1.077133660661240722e+00
7.034208103021961644e-01,-1.057279443150082265e+00
1.318266509129839781e+00,2.473711182706648692e+00
9.831645764730178039e-01,2.484536131975964679e+00
8.950498521749099545e-01,2.490986873800328905e+00
-1.018283396433793397e+00,7.994882557136112622e-01
-5.904800991793366371e-01,-9.621101746682181322e-01
-2.093744367678629370e-01,-1.057969828546610369e+00
1.362031666711326916e-01,-1.039067662127596270e+00
2.763305238107936490e-01,-1.059940083813750489e+00
5.677166408558154131e-01,-1.056559919771161704e+00
9.615260707729225143e-01,-1.060901381213390948e+00
1.070354360831832441e+00,-1.101673971867903612e+00
1.041637742218424645e+00,3.195123412997301404e+00
8.424690577504631017e-01,2.482126072104253733e+00
5.520934013626023484e-02,-4.979644353487392427e-01
-2.966056141981520122e-01,-1.024276623888460414e+00
-8.295175537168884838e-02,-1.077016677350110863e+00
9.470479686174018696e-02,-1.051080765023898911e+00
-4.589407398831217288e-01,-1.022062465056404079e+00
2.620134440831529271e-02,-1.044014520185192696e+00
-6.694845661311172869e-01,4.138461436157128692e-01
-6.286745451641999605e-01,3.111996514716560691e-01
-3.106102075600916668e-01,-1.033252235081017156e+00
-3.394977338545449030e-03,-1.050591442165013767e+00
7.876991302219834568e-01,-1.111376821501640633e+00
8.469859677663179598e-01,-1.119047561105148691e+00
1.162696136973671912e+00,-1.063618975909677244e+00
6.146022708129297740e+00,-5.332975896479971167e-01
6.292031760639468452e+00,-3.236359320766912795e-01
1.045750020659322210e+00,3.209536355383134421e+00
7.597222400515368790e-01,2.490936323329065782e+00
7.224758439723688586e-01,2.482478344883765953e+00
3.767161641852633247e-01,2.532779200938239050e+00
2.233571799254286533e-02,2.548215325910768492e+00
-3.444332031671820893e+00,1.655885563497912383e+00
-6.480468795608923527e-01,4.737072180866493953e-01
-1.748463402522187349e-01,-1.062711305324508526e+00
-1.080506018581980504e-01,-1.078754470248488584e+00
6.128587634028303199e+00,-4.871390974927264361e-01
7.600546291718566216e-01,2.506590912394383697e+00
-3.310660591338447922e+00,2.286708644956628511e+00
-1.039210094955986374e+00,8.316440921686367727e-01
3.539250609991294594e-01,-1.063808778048670023e+00
2.646656115923220476e-01,2.531068882827417266e+00
-6.962149001306046081e-01,-1.051613824084906668e+00
-6.275358243873652153e-01,-1.074596345061102021e+00
-5.297938904984207387e-01,-1.057874201594871222e+00
1.008781758931105582e-01,-4.844035973558450392e-01
6.408949291781671498e-01,-1.101112449393917503e+00
5.421172369084162890e-01,2.520206564395240711e+00
4.158525116543586031e-01,2.551869707423376266e+00
3.452000442484328135e-01,2.554975844784739269e+00
2.435533816649209093e-01,2.538458311668668088e+00
-3.226810798623562793e+00,2.236926494326902048e+00
-5.806857615160199160e-01,-1.066801630110904453e+00
-2.687470381837549493e-01,-1.074578898775587765e+00
-1.658988948569377064e-01,-1.029934205301496375e+00
2.582843883627231052e-02,-1.066580362005442151e+00
5.908606913446311504e-01,-1.104645285112492159e+00
4.672585547035067455e-01,2.531432055744904819e+00
-3.254050034555734605e+00,2.220768481129135719e+00
-3.256788262673348200e+00,2.135452317204689532e+00
-1.523278924895993480e+00,8.787381874401480886e-01
-7.640818315422096552e-01,4.684207684215210277e-01
-6.042215898315018707e-01,-1.000178453986824145e+00
-4.186198719613674624e-01,-1.072438846756702091e+00
-1.057911184046801539e-01,-1.041699851329754622e+00
4.380436541382498605e-01,2.549547125368531120e+00
-3.290872715030055851e+00,2.313330797554256524e+00
-3.312337511567460258e+00,2.229813143331583092e+00
-3.302920002818615419e+00,2.059857597810738294e+00
-6.890766113086597144e-01,-9.818109608368772445e-01
2.312055210706284170e-01,-1.100918507928131396e+00
3.528258032690516632e-01,-1.108480989239966519e+00
6.189509301740425684e-01,2.525387048435407511e+00
5.399152911940756638e-01,2.554234150223625210e+00
3.657438735335421520e-01,2.559814406437528334e+00
2.747522959795924147e-02,2.555774695415070408e+00
-3.314433859728711074e+00,1.909875940386321469e+00
9.338166268653198820e-02,-1.102837062042998584e+00
3.420799243677978829e-01,-1.106321583402938513e+00
5.642486214214259554e-01,2.546475471807258195e+00
3.318905483449166582e-01,2.548583843238902524e+00
-3.280022386804401613e+00,2.254971743180428145e+00
2.762596648625772477e-01,2.557448816106855372e+00
2.210650488107389622e-01,2.563451928190016993e+00
1.485721719247480588e-01,2.576626212823608153e+00
-3.314353771436891360e+00,2.185047362470388332e+00
-3.378711964491392550e+00,1.940943569472924013e+00
-3.395978252700651012e+00,1.858216781959388442e+00
-8.401932980954563979e-01,4.683803785408907627e-01
-7.308230455727950936e-01,4.342283177336197508e-01
-5.952141610641841218e-01,-1.044338780503200503e+00
-3.897969106336290901e-01,-1.061153295158040244e+00
-1.463131585255755818e-01,-1.113610459844718736e+00
1.721687208809728475e-01,2.568550697400984628e+00
9.262190404009192080e-02,2.561612203934306553e+00
-3.375101304914744915e+00,2.282372747060348761e+00
-1.683477641495744859e+00,1.325974852143201765e+00
-7.725451370472714574e-01,-8.276724945238590481e-01
-5.623840698919700676e-02,-1.113950607814853111e+00
6.523046598341922797e-01,2.508237536093736342e+00
1.562937159828935441e-01,2.546500148818167997e+00
-1.101490672794661063e-02,2.562233635626145478e+00
-1.269943616430462940e+00,2.617297765136592513e+00
-3.358660890288506451e+00,2.052346214822958981e+00
-1.468681753751477359e+00,8.278614009469862367e-01
-1.140034914561571355e+00,8.668482907772692148e-01
-9.335201330594039559e-01,4.672801991998085103e-01
-9.329572222763603540e-01,-1.055231041337919562e+00
-2.508866540546113022e-01,-1.105650678373828466e+00
-1.712772611960358682e-03,-1.113780159441188911e+00
-7.508646697528321978e-02,2.556598847069803782e+00
-3.308166464272567886e+00,2.305851253055199113e+00
9.640720780806997237e-01,1.895310198996946305e+00
-1.001036192886126663e+00,4.407122702066619824e-01
-8.141748138460672690e-01,-1.053522885570994827e+00
-2.342079308224260803e-01,-1.115426713833785444e+00
8.711777692075289847e-02,-5.037517750864960453e-01
-6.683318110071816143e-02,2.549198491671372580e+00
-1.207635912128978584e+00,2.577434563331940875e+00
9.073321488487712250e-01,1.893065057505866289e+00
-8.525040512090807932e-01,4.381803252370383706e-01
-7.795859939256026827e-01,4.427826040724808232e-01
-7.729472568930699783e-01,-8.822091555317186362e-01
-8.070951284137600767e-01,-1.046713363831075716e+00
-4.335434136517602455e-01,-1.117418569248567639e+00
-3.003527925025760714e-01,-1.109126445285830931e+00
-1.296575116543506656e+00,2.584397103606769885e+00
-3.359060390627060855e+00,2.325099108915069213e+00
-3.288785952056196837e+00,2.020203459197877027e+00
-5.285217075211322779e+00,1.520821820167174598e+00
-3.863189497084273949e+00,1.356568922958665935e+00
-3.881358285058003954e+00,1.268475307467457736e+00
-3.845515559728066801e+00,1.014646242739656090e+00
-1.151879899154491849e+00,8.561239992444868996e-01
-9.934574947109754417e-01,4.605896701259463155e-01
1.292219188691983600e+00,2.448160530247600164e+00
-1.479364604901211022e+00,2.531890088817595252e+00
-3.933757714949563944e+00,1.291077038289607071e+00
-3.936619638854684577e+00,1.118789933596624264e+00
-1.023028051158179075e+00,4.594852520441407018e-01
-8.474428311789243828e-01,4.440479215420600756e-01
-6.288929557695466244e-01,-1.102092549701001678e+00
1.521550740122002976e-01,-1.103326275741940199e+00
6.923606481261861401e-01,-1.109471119199401112e+00
1.239425974004052522e+00,2.448498793617837066e+00
-2.009781374248795327e+00,2.454471194495184694e+00
-3.899576504856384851e+00,2.393218194032252111e+00
-3.490104702333591380e+00,1.596483983898020931e+00
-3.916975517695516107e+00,1.314205398697175786e+00
-3.897897349898729047e+00,9.780637787079782264e-01
-1.611203745076306815e+00,8.694303430688865575e-01
-9.266346616480699572e-01,4.332306298564868596e-01
-9.848121473270309290e-01,-1.006332799171497205e+00
-5.709463837534275443e-01,-1.108915625822312290e+00
1.047373255880593490e+00,-1.102561818604395505e+00
1.153930437675073639e+00,-1.105894354877729580e+00
1.438700589191465040e-01,2.544221214210657944e+00
-2.094821060379968181e+00,2.505290868617170208e+00
-4.007372037538541321e+00,1.146800814068364538e+00
-3.963782399120124200e+00,1.069394089667227821e+00
-3.943473526909581306e+00,9.884405424849460609e-01
-1.044350611186901645e+00,1.036149817955303698e+00
-6.666117260712426384e-01,-1.120684466803323787e+00
-5.319935352596272260e-01,-1.101490961530049439e+00
-1.782661226985014502e-01,-1.112408961233660065e+00
4.814991567055279531e-01,-1.105210859714646388e+00
9.931708643555302307e-02,2.549801191820010970e+00
-3.972180260543364927e+00,1.323008073489166714e+00
-3.959268847415297277e+00,1.242188473279208782e+00
-3.969634799738356090e+00,1.157654155924308759e+00
-3.999451044742182493e+00,9.842090746300273807e-01
-3.970872495064682983e+00,9.052116963143812534e-01
-1.588776512359654669e+00,8.902274279978705795e-01
2.661272263858047715e-01,-1.103928403828992710e+00
-3.041109246007567268e-02,2.548372475237699053e+00
-1.512112194166202128e+00,2.541052279820303017e+00
-3.348987598303959423e+00,1.821766746160825345e+00
-9.841401139987976388e-01,4.216258799044428351e-01
-4.917267439094742953e-01,-1.115992305489925451e+00
-1.311547791123415907e+00,3.738442761063657471e+00
-3.879648283730306790e+00,3.850283236277020738e+00
-1.657063634995995738e+00,2.565264179374138642e+00
-3.357855807632228906e+00,1.752836088676750448e+00
-3.978980397916390910e+00,1.251534849265492744e+00
-7.411281713047308539e-01,-8.648317283978582681e-01
-1.904219066070208299e+00,2.509611405982155041e+00
3.188919164852987986e-01,1.863600251460523216e+00
-1.140145746108803815e+00,8.490643680593118470e-01
-8.056174856291659081e-01,-1.124467131071291037e+00
-7.350317694814301195e-01,-1.101252754391945032e+00
-2.142298192409510804e+00,4.941206885190292830e+00
-1.797979700738667752e+00,2.531500769629036807e+00
1.138423049817697819e-01,-5.062323670451617241e-01
-2.075380822765905187e+00,4.958115500160880096e+00
-2.044655835060551929e+00,3.675810411067645944e+00
-1.565669702185458645e+00,2.536715266123493961e+00
-2.052426479767487155e+00,2.463178318740828487e+00
-3.284018341160226395e+00,1.829924540215805751e+00
-3.531297242627239985e+00,1.549535543302578366e+00
-3.876652321536358414e+00,1.215244131894711366e+00
-3.883786297927008579e+00,1.137092023159906873e+00
-5.884256177164045587e-01,4.184668389495472818e-01
-5.945533409084051701e-01,3.518044201874815924e-01
-2.064333003331227268e+00,4.943790151939010613e+00
-2.404916413460336688e+00,8.706991015509636389e-01
-3.494710710242606044e+00,2.365374150666921249e-01
-9.948916328614815230e-01,7.595506540051847333e-01
-3.901921441601187368e+00,3.993220985124618760e+00
-3.926052293413729632e+00,3.912211368504328046e+00
-1.439818311742091961e+00,2.531206552386381592e+00
-1.778413811038524583e+00,2.563052665201181579e+00
-1.872776419719883068e+00,2.505687855124909547e+00
2.816243639067541604e-01,1.861239167222812352e+00
-1.007911055411459422e+00,7.486156004299269195e-01
-5.588450774236113361e-01,-5.022432044206209811e-01
-1.311516791888291067e+00,3.801219764956212277e+00
-2.851473517623877463e+00,3.552201693215864875e+00
-1.554454080595589316e+00,2.569935400297451267e+00
-3.247925825338034311e+00,2.147889861095444441e+00
-3.266929515998394429e+00,1.570034821671346226e+00
-3.853764546463293250e+00,9.064420680217811777e-01
1.583368257206255181e-01,-5.106512211656890621e-01
-3.833093262389245304e+00,4.142064007512296087e+00
-1.557733057854610914e+00,8.478204226583258007e-01
-3.879683127583373192e+00,3.977207319006096142e+00
-2.103002925777369914e+00,2.517758391105141769e+00
-1.448693578750796185e+00,8.205377358803106480e-01
-3.206743019362300107e+00,1.573179205732006647e+00
-3.369264676255665059e+00,2.846721619189665486e-01
-6.970857693594538773e-01,-8.522674737792096389e-01
7.387007400162011184e-01,2.506189824756554163e+00
-2.111540514653901468e+00,4.963478794317450316e+00
-2.084748126927590040e+00,3.616229460647094385e+00
-3.967400554801340906e+00,3.920266203870002464e+00
-1.863677980791123678e+00,2.494899127351851043e+00
-3.932509815344392923e+00,1.060250308862861202e+00
-1.473781121623102708e+00,7.874857195899658269e-01
-1.970776188426629050e+00,4.970297995988294915e+00
-2.635336696461902495e+00,3.543548455420303167e+00
-2.155509245642198035e+00,4.980051088652651003e+00
-3.914710597044797957e+00,4.147633812051674695e+00
-3.841872077282662890e+00,1.136003941370138826e+00
-3.918232427152217756e+00,1.044819682090435631e+00
-3.531288692368234283e+00,2.233010973438873670e-01
-1.716231883818518211e+00,2.561329664134245121e+00
2.360265768483371662e-01,1.860142817858185582e+00
-1.916555072228323331e+00,2.493433804900908157e+00
-3.954167338764411621e+00,1.142522016208562752e+00
-2.443863353988708020e+00,8.336024753735130632e-01
7.378324744630438969e-01,-1.101976784112265406e+00
-2.101376729527240084e+00,3.698144985180223721e+00
-2.802744194551536339e+00,3.476441682197936256e+00
-2.102383885710700451e+00,2.449463515637281930e+00
-3.613769190217992033e+00,1.547974876328226390e+00
-3.893837223986000851e+00,1.155587578698967999e+00
-3.979039562292692178e+00,4.037528568366418824e+00
-1.668613468625576690e+00,2.543769206971098651e+00
-1.810139665570539291e+00,2.552528122312740955e+00
-3.879747600267981600e+00,1.005755939706632018e+00
-3.924206930623679757e+00,9.198825323577931590e-01
-3.522240679429860855e+00,2.825525673457980336e-01
-3.429943985498450143e+00,2.268829856310010662e+00
-3.358903415691305128e+00,2.008194861192388103e+00
6.471983195754975604e-01,2.497843541010578594e+00
-2.192383415749770581e+00,4.894188469380044815e+00
-1.612112110628229900e+00,2.559571992320835321e+00
-2.219559249610906893e+00,4.924937158584535624e+00
-3.897507802729038850e+00,1.072778485188431885e+00
-1.343178148448657128e+00,3.775977872560058568e+00
-2.883306895318112240e+00,3.543783008886839170e+00
-2.105766364993694850e+00,2.467439550581849161e+00
-3.396698424269664507e+00,1.559833405514220228e+00
-3.581877607114838380e+00,1.542351108052273601e+00
-3.895400038501526829e+00,4.362293790007881533e+00
-3.367581190872147356e+00,1.749949639294456016e+00
1.325057772553575264e+00,2.448346935294777094e+00
-3.904881985797094224e+00,1.175439718398176625e+00
-1.427007525795979559e+00,7.673475977288920502e-01
-9.950369685975447576e-01,7.373008368581385197e-01
1.296671624780342036e+00,-1.048628923428289061e+00
2.305292097371114846e+00,2.950271023134645176e+00
-1.530296211510677518e+00,2.413078693684797660e+00
-1.704939875042484454e+00,2.428208974344495896e+00
-1.841349361803400919e+00,2.388414638243875565e+00
-1.932801373496760844e+00,2.370416689227711426e+00
-3.367836538764014342e+00,1.604751525241706389e+00
-3.337535691888534384e+00,1.544053841641434666e+00
-3.548816444658480229e+00,1.254437496880653979e+00
-1.447077242841305456e+00,6.788099513945615726e-01
-1.392799675560839612e+00,6.737534254797111766e-01
-9.187050612112873660e-01,7.005154598046970937e-01
-8.432150255863581911e-01,3.019536574005402541e-01
-7.944248297363172284e-01,3.148130137505603110e-01
-7.243811930275930733e-01,3.032575646733327579e-01
-4.968738274596073423e-01,3.293773318170717390e-01
-3.928238347039100242e-01,-1.987317728893792101e-02
-3.848447770484757502e-01,-2.384796414517025842e-01
-3.434443761129681305e-01,-5.602590455302520756e-01
-2.126536681640330828e-01,-1.161116379361202267e+00
-1.582615985211791032e-01,-1.159761445126817225e+00
3.158490911350342323e-03,-1.156888468847662166e+00
1.208269217485907765e+00,-1.004016727696678934e+00
1.259510509022230940e+00,-9.896379078034280852e-01
1.364633160223671204e+00,-9.665326611804987422e-01
1.412293785272810798e+00,-9.419784027448341313e-01
1.478903188702837879e+00,-9.615980239808787911e-01
1.583874452501865759e+00,-9.304372535299643143e-01
1.184195103440978558e+00,2.693397512733932686e+00
9.046669427899753924e-01,2.514819389158960750e+00
-1.957002921186558941e+00,2.277778963325897355e+00
-3.326252320097908832e+00,1.580117504501870940e+00
-3.347260728052645629e+00,1.451546985050614635e+00
-1.405045061658555916e+00,5.995274870269069467e-01
-1.346566405217980433e+00,5.997446165843913768e-01
-8.879441441422887271e-01,6.294438212378250519e-01
-8.889256950484757391e-01,5.834754835699302866e-01
-7.770171644545061929e-01,2.541576866301799020e-01
-7.308434380720817414e-01,2.656320087055007995e-01
-3.656488796186809775e-01,1.194130450253599596e-01
-2.971474617609501379e-01,-2.743972068058414537e-01
-2.417168384375581458e-01,-5.952297244108987195e-01
-3.073402039131364893e-01,-1.211700927051659882e+00
-1.974368973006815353e-01,-1.218270446074678048e+00
-2.903723127630106204e-02,-1.176523252978657119e+00
2.917265950548331155e-01,-1.150612905077240677e+00
1.115750907786430934e+00,-9.862906421429429304e-01
1.216652568711564575e+00,-9.580070004136065354e-01
1.328736057495155887e+00,-9.579458376353950921e-01
1.379269962962587526e+00,-9.414175825590400670e-01
1.481599930958274358e+00,-9.102397697672239829e-01
1.534363426870656966e+00,-8.973407513875738539e-01
1.701935772882827935e+00,-8.712458149109306715e-01
2.544096493478856136e+00,3.096573965965886188e+00
2.312127522163624604e+00,3.068010174308079208e+00
1.040054288712506603e+00,2.624840542779011354e+00
9.727301422019265509e-01,2.610997613554383090e+00
9.391066538330941071e-01,2.601943786674486780e+00
8.717149066715409456e-01,2.603936999347431946e+00
8.449214999493618317e-01,2.597858267197181270e+00
5.998578460619852226e-01,2.472420142730640258e+00
-1.494027199513055848e+00,7.050579274902349924e-01
-8.846652361232331119e-01,3.207785761266236380e-01
-4.978311101514169557e-01,2.037550866675366945e-01
-4.143871117684340688e-01,-5.994041466400558127e-01
-4.610168955266308877e-01,-1.203839596375882337e+00
-2.893655175053286288e-01,-1.184449865053079254e+00
1.413123947303825956e+00,-9.913922456486101709e-01
1.521706993450504086e+00,-9.690251554974589343e-01
2.957244262873332197e+00,-1.531614308240950018e-01
2.550648164630212378e+00,3.010822143887691205e+00
2.290202579363083579e+00,2.973315267531134953e+00
2.308441358549203404e+00,3.029711750433328632e+00
1.305784548423936986e+00,2.626786794674347281e+00
1.257643310250457835e+00,2.647008084623099666e+00
1.216607296076734901e+00,2.642943380525665464e+00
1.154295149303453227e+00,2.620032835202723565e+00
1.128287642233431143e+00,2.624810537982849024e+00
1.087019632874554942e+00,2.641714724882005427e+00
5.482555660481833737e-01,2.461786239163192391e+00
4.908320826576353935e-01,2.443775894706393004e+00
4.875205741208344934e-01,2.463648381877983962e+00
4.442411091186092564e-01,2.472358753076374427e+00
-3.370026574556010956e+00,2.104492072224186217e+00
-1.622452842955923735e+00,7.819844414397413290e-01
-1.503874659481044596e+00,7.242812548253829696e-01
-9.778036326188429550e-01,3.432032301812201203e-01
-5.716111865082705856e-01,-5.642262754789485468e-01
2.263886304279505990e-01,-5.184700191963745874e-01
1.341774978365569693e+00,-1.043604410794359394e+00
1.397823901177278838e+00,-1.037081609143515992e+00
2.806864963710530070e+00,-3.024701457158978646e-01
2.887065714539525096e+00,-2.924475030804958298e-01
3.020105339220550356e+00,-2.440381555970200789e-01
2.592095298077294885e+00,2.903162092749179468e+00
2.357375946977198211e+00,2.845222253366609166e+00
2.318607689735333821e+00,2.871569616330488461e+00
1.269929781275960678e+00,2.586402579867541629e+00
1.229826683357464701e+00,2.584398812332469486e+00
1.178056103178982683e+00,2.572292441238168248e+00
1.146852429295857068e+00,2.573821471831979846e+00
1.057022115645936067e+00,2.575143610423070051e+00
1.024605947710009568e+00,2.571279327966538464e+00
9.947893238298843865e-01,2.568526694676799949e+00
9.200629583190385041e-01,2.568194737949581530e+00
8.901136373907931887e-01,2.560972447642678063e+00
7.993067309498755879e-01,2.553238196290827933e+00
3.921007957255946974e-01,2.462913579593716484e+00
3.380206760994254322e-01,2.453531047021483058e+00
2.992509024941602536e-01,2.471385033738668913e+00
3.662507497499099124e-02,2.498293541687933050e+00
-5.807207987640618241e-02,2.485199657822558805e+00
-1.637467047419777222e+00,7.068049061683311374e-01
-1.553719676811456951e+00,7.149226326410029753e-01
-1.102431139174081309e+00,7.110735980107626419e-01
-9.372683981401884745e-01,3.122337975765263063e-01
-5.125503040445983371e-01,-6.016866417382999987e-01
-5.819584379245299477e-01,-1.211079790417938895e+00
-4.092358700323864840e-01,-1.205272650722999384e+00
2.900136064852854578e-01,-5.440027000624705344e-01
2.868187748948265892e+00,-2.376929820344468314e-01
2.277672958828712790e+00,2.918623407528525782e+00
8.058635441598986926e-01,2.549503393264549000e+00
8.684828779685882516e-01,3.346332477366960934e+00
2.492673832259141298e-01,2.461949146076666040e+00
1.785843794939343532e-01,2.462742381778860068e+00
1.473411212281673377e-01,2.465199279708680802e+00
-4.762926634997378950e-02,2.470156651025792183e+00
-1.357623284124369056e-01,2.480523746030500742e+00
-1.545270928252427400e-01,2.464297575397272233e+00
-1.576757468401517981e+00,6.602906243473981585e-01
-1.133263548340045723e+00,6.899491090630328616e-01
-9.275588854264392724e-01,2.740874882817097014e-01
-8.825585980411657649e-01,2.775392238008779211e-01
-8.307547913342537838e-01,2.928286686404574235e-01
-5.377642731337783921e-01,-1.243873465839236303e+00
-8.228472608819180356e-02,-1.209450728427520438e+00
-2.730676060176713549e-02,-1.204788490062477235e+00
2.733609939826400076e-02,-1.200150859250775914e+00
2.869150684757449388e-01,-5.547449613536299395e-01
4.558586692242091454e-01,-1.152973784349277997e+00
1.429485348802382871e+00,-1.050464483264090587e+00
1.482127327809900308e+00,-1.033087684216236424e+00
2.554828552695619148e+00,2.957868588784990038e+00
2.298315183654894511e+00,2.882620839896008480e+00
8.871036532375775607e-01,2.546252059937865297e+00
-1.595607387385433507e+00,7.568814525371306834e-01
-1.189777199500507088e+00,7.429588014173766908e-01
-1.059890587813703711e+00,3.549529878361165625e-01
-7.513697978630892171e-01,-9.378533745599295646e-01
-7.757890889187268879e-01,-1.175847981424250843e+00
-5.445982993885387646e-01,-1.181736631625920797e+00
6.500772818389355390e-01,-1.158148050032284049e+00
9.222257713950231528e-01,-1.148646307422985569e+00
1.094643770540667083e+00,-1.161252334151129162e+00
2.434346894163333719e+00,2.535542414251402032e+00
2.401723360518898343e+00,2.566973480233895710e+00
1.370252063233957429e+00,2.399055662453031257e+00
1.180416966119842481e+00,2.415080157860083343e+00
1.146944772218388087e+00,2.417049220102920781e+00
1.078162934827286756e+00,2.416373479071967978e+00
1.030359425612752844e+00,2.425179003138063116e+00
9.996926360744908813e-01,2.423641135873050079e+00
9.368964804561674686e-01,2.416042554999128900e+00
8.964290574489680585e-01,2.421933888253756439e+00
8.429372059610269474e-01,2.413736043011837307e+00
7.937498318581436285e-01,2.405246839054745678e+00
7.313130858164499370e-01,2.414742908559865953e+00
6.349019919041036797e-01,2.410074052975000214e+00
5.391603438325196507e-01,2.446361571704632087e+00
4.468733356206209817e-01,2.448394910470081509e+00
-1.688768873968987450e+00,7.889241638065355167e-01
-1.170887017469024016e+00,7.562147103608084509e-01
-1.020918155503594660e+00,3.445253906348503259e-01
-8.396805828731788157e-01,-1.195079979693775662e+00
1.040951750007818477e+00,-1.164239400460419072e+00
2.579596595054678421e+00,-5.640440986145928148e-01
2.732974647031260140e+00,2.532780477067521296e+00
1.337113141886995038e+00,2.385021409677458681e+00
8.245715555543445818e-01,2.398329112064150781e+00
-2.216926349154201503e+00,2.511048983934690559e-01
-7.439902692267522655e-01,-9.266227963198541140e-01
5.814318245557489884e-02,-5.711253973840980658e-01
1.188936881434350390e+00,2.399796977022663036e+00
9.904182299348632257e-02,2.464337941532166898e+00
2.409820428090372335e+00,2.608340384275353863e+00
-7.025702552242203414e-01,-5.900188998282535069e-01
-7.449617913670738556e-01,-1.162821942875976733e+00
1.161148479676080925e+00,-1.150647879064147228e+00
2.530801243322541083e+00,-5.948610219082640649e-01
1.274533090786952982e+00,2.387320730550225978e+00
1.148704752531011897e+00,2.384654643466457724e+00
9.982985956085242973e-01,2.390483404702779868e+00
9.323268772098977086e-01,2.381024630088484972e+00
-1.054250123598765132e+00,3.379884129283043936e-01
-2.582576669493983346e-01,-1.202537483209453084e+00
6.400258166952366157e-01,-1.195929622040377005e+00
1.126588648754779820e+00,-1.169613146873065057e+00
2.694661198970043525e+00,2.494167542769875734e+00
2.388997510581619022e+00,2.531972161352022077e+00
-7.809347850112515754e-01,-1.214445654180541734e+00
-6.639758760757088485e-01,-1.202805884729762687e+00
1.803142170463577498e-01,-1.208475478988056517e+00
2.315645825564549010e-01,-1.204818331429462708e+00
1.016815031282384263e+00,-1.200835823469743824e+00
2.641553799012098747e+00,-5.953973982930531594e-01
2.439373424080449215e+00,2.495497685484095118e+00
1.342409240614522992e-01,-1.200895648271293359e+00
2.677198449572428363e+00,2.535438289744863294e+00
9.611215955201384276e-01,3.089884983408316632e+00
-6.432128654774444954e-01,-5.856906336653452394e-01
-7.509935148224154977e-01,-9.929990881584283002e-01
-6.143431120505442600e-01,-1.208962065160828825e+00
-1.069367253182681027e-01,-1.224601339284501211e+00
2.865253127953394929e-01,-1.209916833662411317e+00
3.353711097237473404e-01,-1.209098443474668994e+00
3.840859005286191841e-01,-1.205430910665242772e+00
5.816282159452668132e-01,-1.210049717195156971e+00
2.327128667390911509e+00,-5.607390253771843414e-01
2.688669711672787344e+00,-5.985967387555846120e-01
-1.548446866649679787e+00,6.940241102238484672e-01
-7.491575892517948754e-01,-1.222890752155520344e+00
4.285666626825058723e-01,-1.223287030485039173e+00
4.761085222980292464e-01,-1.218816342019949372e+00
7.197949066720533695e-01,-1.223345367071836609e+00
8.161774117692874864e-01,-1.210235255142144473e+00
8.648709954166641234e-01,-1.204826854753826781e+00
9.161308376276243726e-01,-1.208208466374185663e+00
9.278474468362829519e-01,3.062766332443689787e+00
-6.407280842896938555e-01,-6.064005200208675284e-01
5.133920696877580792e-01,-1.214163790972656809e+00
2.491684095096913687e+00,-5.613009155892615398e-01
-1.001561520200032612e-01,2.520912924747938266e+00
2.378942133729561537e+00,2.556504707156119327e+00
7.508783218970004336e-01,-1.203465232584463251e+00
-8.069064019818849021e-01,-9.656478428957708804e-01
9.517271930471895569e-01,-1.211100433509465502e+00
1.201330920987595308e+00,-1.191461952140651093e+00
3.021101675551367993e+00,-2.941963417749589471e+00
9.517242902326998599e-02,2.426565041321050664e+00
-8.460083779607100452e-01,-1.231872705828018333e+00
1.172811073556772277e+00,-1.217967023973941076e+00
4.795224457867957452e-02,2.424030387079391780e+00
-9.402210188956502401e-01,-1.199509461695009049e+00
-1.053217691997647920e+00,-1.147997265562646474e+00
-9.552677910905224001e-01,-1.206638459109541150e+00
-6.105121968245175168e-01,-9.471217636219848579e-01
-1.016128670807891821e+00,-1.193850244352249845e+00
-1.018793646455899760e+00,-1.205894064110119457e+00
-7.427866453425536752e-01,-9.972405054241766376e-01
1.205093311939209988e+00,-1.207219480487156993e+00
-8.670097376162492209e-01,4.920563271001142880e+00
1.454272097157868759e-01,-1.251449529610641154e+00
-8.908122475278291708e-01,4.899194330775310746e+00
-1.038360682926468215e+00,-1.143616105173536068e+00
-6.686712323624686982e-02,2.444187044996844804e+00
-9.305921715227941649e-01,4.875682299969819944e+00
-1.025999153493962091e+00,4.920433266350515034e+00
-1.049516627545580061e+00,4.868309545206657596e+00
-9.993146851830642108e-01,-1.194305582721682635e+00
-8.775610678659961916e-01,-1.175375705899715184e+00
-2.339124606017213837e-01,2.467670680642229275e+00
-1.361675454775886474e+00,4.819906941800185862e+00
-5.666840930763344941e-01,-9.440875016719070256e-01
2.337527656197400105e+00,2.635154193674338785e+00
6.577336953353036808e-01,2.466416907302754868e+00
-2.847822937398336030e-01,2.454225223637746200e+00
-3.641247118565472118e-01,2.443517400556980856e+00
1.178047595873659009e-01,-5.515930947452813982e-01
1.127360146328200807e+00,2.532036244911856304e+00
1.064373372172995325e+00,2.501299892856026386e+00
9.709907499242218520e-01,2.505985097065431599e+00
-1.575007073015724623e+00,2.495144514719617845e+00
-9.488659186103912679e-01,-1.277192706029708358e+00
-5.735270850161080514e-01,-1.254873281090134407e+00
-4.860553476309957266e-01,-1.253974083120696470e+00
1.311972574810436276e+00,-1.091586847860071652e+00
2.110916169857851798e+00,2.829415756765803813e+00
-3.159192405649796642e-01,2.443344599813982221e+00
-4.344998817036967442e-01,2.425574370719727035e+00
-4.780235936493678062e-01,2.436457911473122184e+00
3.991723883899625847e+00,-1.660770400743856179e+00
2.246407998944455198e+00,2.722228782677878822e+00
-1.974665750394867803e-01,2.444137526437518915e+00
-2.369716496800047811e-01,2.440666567752087790e+00
-2.755958576141064320e-01,2.430562034441720254e+00
-1.026083549100400782e+00,4.809452209690389779e+00
-1.515292637032784162e+00,4.706878642951720870e+00
-1.596697673439926968e+00,4.686590092986527623e+00
-1.777851452123077491e+00,4.688913442552562039e+00
-4.368824598837753315e-01,-1.260586284380412536e+00
-3.523877215697552856e-01,-1.253522286482834591e+00
-2.987047019930140768e-01,-1.252628500761141295e+00
-9.243590122600837955e-02,-1.255570115657799635e+00
-1.640531115469151535e-02,-1.250414561485197806e+00
-1.136544322116357503e-01,2.441487384271662897e+00
-1.598920513930058851e+00,4.722308986411957399e+00
-1.921032186573210732e+00,4.619043510061713320e+00
-1.225301947656513984e-01,-1.267656784737606790e+00
1.405227107060864844e+00,2.356008159558438120e+00
-4.376188960215525170e-01,4.902813779461623334e+00
-5.169007660484392641e-01,4.868987188569221303e+00
-5.994608929039365597e-01,4.865544656177804406e+00
-7.653772734868052874e-01,4.858225219075023915e+00
-8.428522305286241245e-01,4.822880160183833809e+00
-1.178047884186664174e+00,4.803406756897632413e+00
-1.274431219005891958e+00,4.838285232890347842e+00
-1.706653970183240832e+00,4.790459712931141034e+00
2.067486492170936829e-01,-1.251380671501236996e+00
-4.350615769392573440e-01,4.891010731026703695e+00
-8.474741693860197156e-01,4.854574069107611578e+00
-1.100479801904939547e+00,4.842691816066999166e+00
-1.433088590389177464e+00,4.785348663595720531e+00
-1.619996294882336318e+00,4.807489500702381235e+00
-1.309048851022463378e+00,2.451768201755529564e+00
-1.545747464976832797e+00,2.470707520215132735e+00
-5.259212767100479580e-01,-1.257635883772963759e+00
-3.025347334976714042e-01,-1.250855449106757167e+00
-6.803314172423932105e-01,4.862934571433890518e+00
-1.189246449785101190e+00,4.854229884362305292e+00
-1.349634981433821990e+00,4.802847986419171988e+00
-1.518525489056524735e+00,4.777217981255812873e+00
1.572290103094577118e-02,-1.256598220747455530e+00
2.676374958246328650e-01,-1.252275295388058485e+00
3.978841072320843386e-01,-1.252443936213884612e+00
-3.628434841379107323e-01,4.880700187599161133e+00
-6.080197194713776732e-01,4.851059777421968811e+00
-8.585997343903436496e-01,4.846937767568467059e+00
-1.548305762229645666e+00,4.818935986091202217e+00
-1.362291678480285428e+00,4.790162190419537502e+00
-1.274003967478824606e+00,2.461526163439734738e+00
-1.434128389182196317e+00,2.452361018057597875e+00
-3.655120728892386484e-01,-5.320806494950953702e-01
-3.565917227641015042e-01,-7.130575287262187478e-01
1.361722556786230998e+00,-1.054154383420958130e+00
1.431846032617049680e+00,-1.043649338704577767e+00
1.509851621944302780e+00,-1.036517127524289039e+00
1.554762539023874401e+00,-1.036475500335706457e+00
1.220291461679156919e+00,2.531906050014383069e+00
1.168760624464942000e+00,2.523320862337639969e+00
1.025012947747576009e+00,2.513107435690323133e+00
-2.228632810834424993e-01,2.395293302443143979e+00
-3.003511767002923771e-01,2.374555096657489095e+00
-1.213310519467269977e+00,4.688726399905443820e+00
-1.287845190908360582e+00,4.649270135917640268e+00
-1.374685752902228497e+00,4.645285142596795147e+00
-1.449045232630108204e+00,4.605988488669607861e+00
-1.622287720832023661e+00,4.588260123612642793e+00
-1.707611346055139645e+00,4.573224941426676793e+00
-1.574416207823998937e+00,2.182298363205316782e+00
-1.647751015149542253e+00,2.191233853967315959e+00
-1.705317960201186311e+00,2.180906724628733695e+00
-1.760979774829077193e+00,2.167058723053327807e+00
-9.543161403717461688e-01,5.176413329531208696e-01
1.487394035403780235e+00,-1.057150230401684432e+00
2.764380435476611275e+00,-1.436164211025445336e+00
2.597241203360104667e+00,-2.329035076268187454e-01
-2.608021795877042970e-01,2.382902104528512588e+00
-1.460432920347979113e+00,4.638034046772911978e+00
-1.545259722059101115e+00,4.624231306448351120e+00
-1.790602287885263433e+00,4.553250585614151191e+00
-1.868948558469388566e+00,4.520590206113078935e+00
-1.476294417544090187e+00,2.214240310727655370e+00
-1.540238910996199584e+00,2.216356686702873446e+00
-1.693223891107350276e+00,2.168951101792977010e+00
-1.809975440027506099e+00,2.145936167557010776e+00
-2.033097296561143796e+00,2.072288520380163312e+00
-3.988568864616453546e-01,-2.555533063914570135e-01
-1.289300100162278140e+00,4.659339651275406169e+00
-1.530454075674924530e+00,4.590304154511128942e+00
-1.606286720619068298e+00,2.219533404696975687e+00
-9.493931548130347675e-01,5.166372169612937215e-01
-1.629806799084605684e+00,4.613304406152526127e+00
-1.693758195910666231e+00,4.548733328859246861e+00
-1.798383752754883602e+00,2.136341216377237284e+00
-1.598737173360533559e+00,2.212869389484421578e+00
-1.983537820742856894e+00,2.100788432846669274e+00
-1.692794538415927974e+00,4.551344436662581039e+00
-1.784051346604966337e+00,4.548567009769773684e+00
-2.091158771990259346e+00,2.055568470365016331e+00
-3.997594662215569472e-01,-1.668324806475433852e-01
-3.498920316306592393e-01,-7.335067618839098413e-01
-3.804884808117247608e-01,-1.319497506923805075e+00
2.650131465770360073e+00,-2.441008050194403423e-01
-2.025466600647274795e+00,4.465050811778261242e+00
-1.810681895310831901e+00,2.150947495698936507e+00
-1.656987687173594015e+00,2.207212460171451340e+00
-1.948797838566830976e+00,4.509039030090590039e+00
-1.370668575553059432e+00,4.662670583278352154e+00
-1.197228614837348548e+00,4.673929484273023682e+00
-1.460855895395790860e+00,4.667819737199291552e+00
2.610099772241646576e+00,-2.410502481591875468e-01
1.518866672371118831e+00,-1.051745944210860761e+00
2.294888569913439813e+00,2.830115825334269086e+00
1.562194902431868870e+00,-1.050602536737420323e+00
2.310736236888887518e+00,2.849470517578074347e+00
-4.154092369563392673e+00,2.045653820648520416e+00
2.744934879618412538e+00,-1.435122093091691919e+00
-1.597712956525705552e+00,4.571454114522844669e+00
2.686723196372639677e+00,-2.557924623038384526e-01
-1.841195779807745847e+00,4.500663906047312146e+00
-1.852728646964897141e+00,2.131665804978846168e+00
-9.493371495351916600e-01,5.677927189977516331e-01
-1.349850279918766827e+00,4.638250631861143169e+00
-1.934554491925713826e+00,2.140555607872844934e+00
3.666065860370299134e+00,-2.468581486249121326e+00
2.648662729513370895e+00,-2.530332097707010952e-01
-1.919732444265046745e+00,4.488935152756637237e+00
-1.098574543413368687e+00,4.688613334315796521e+00
-1.749691813945009056e+00,4.537915153828327774e+00
-1.849423931282583311e+00,4.553257723259278578e+00
-3.867712282560003545e-01,-1.357587125018674623e+00
1.276415768472998868e+00,2.542593653570684786e+00
-1.436309859042188775e+00,2.242963149939428913e+00
-1.723477343169163012e+00,2.202862844372015516e+00
-1.035297976370020079e+00,4.698909495871891551e+00
-8.984304994661214128e-01,5.394477890229647521e-01
-3.980078300037027117e-01,6.952032804857320725e-02
-3.650172480481214676e-01,-5.351035176373303281e-02
-4.637043380044088559e-01,-1.367788274262145221e+00
-2.851637942455066965e-01,-1.351085493686309036e+00
3.657634554165081209e+00,-2.528458571017232259e+00
4.304192254160354558e+00,-1.305986215747771517e+00
-1.566906759206072142e+00,4.612954474668662819e+00
-8.928026150589729593e-01,4.985798581594680368e-01
2.572899057675646084e+00,2.860255514255984455e+00
2.531897883243281466e+00,2.904185398603456036e+00
-1.443832857390279001e+00,2.252065902181759949e+00
-1.417287000375230033e+00,4.590950301435328562e+00
3.559205172768728609e+00,-2.438257929041281802e+00
5.193378773893318368e+00,-1.370943181104714359e+00
-3.302536022726344722e+00,1.413764491572992776e+00
-3.968806035478237848e-01,-3.668281721942895368e-01
-3.991322789012927141e-01,-4.186368207382192841e-01
-1.243047495846035355e+00,4.636531329505791277e+00
-1.496375603736598947e+00,4.577193966477250520e+00
-3.273808647583861031e+00,1.447752497123536930e+00
-4.229025288816251060e-01,-4.277453317123793841e-01
3.693130127706577004e-01,-6.197544434622244136e-01
5.248393804075326408e+00,-1.502336142820599907e+00
2.938533418740046699e+00,-1.981695992712956544e-01
2.313426400686866113e+00,2.790047446117439822e+00
1.303219339114711106e+00,2.528974291904432459e+00
-3.366288560962460430e+00,1.501770853855746823e+00
-4.084784020746594080e-01,-4.783259563043938956e-01
3.684927376046963632e-01,-5.873195467063250241e-01
5.272119787563471327e+00,-1.658525715646109067e+00
5.274998403270352298e+00,-1.568975548936829778e+00
5.267719621169035804e+00,-1.476643232245756776e+00
2.970107206263133293e+00,2.832350533826271999e+00
3.248463854826684205e-01,-5.995751649536691374e-01
3.483642852282371027e+00,-1.338714223822675686e+00
2.830352751055097205e+00,-2.206306240334378888e-01
2.929821548991962565e+00,-2.107723540046044508e-01
3.203524923746135400e+00,2.831675781966121797e+00
2.574051205188683245e+00,2.821966191549118985e+00
2.522500596019724650e+00,2.838015499408556241e+00
-3.739158700645939803e-01,-4.687575801688418364e-01
3.435648140052756649e-01,-1.252905588909323020e+00
3.413982335731173379e+00,2.854984459381415096e+00
3.202182293496731447e+00,2.882167036650648662e+00
-1.819406347981978866e-01,2.395984634807966085e+00
5.325419763813882490e+00,-1.852797500211932569e+00
3.129116156285675743e+00,-1.766763606711348744e-01
3.326708218885816137e+00,2.877418743049904748e+00
-3.783464270895567361e-01,-5.552094973195497163e-01
2.545102971200678521e+00,2.866662284743125788e+00
3.132744308802211552e+00,2.834714195853023533e+00
3.048027171460740536e+00,2.809294774536698291e+00
2.919084427790151537e+00,2.807274349737585162e+00
3.956135024344579421e+00,5.301215954231844663e+00
-3.364889109758639307e+00,1.301990754312673859e+00
2.732329775407805084e+00,-2.472816444480022968e-01
3.158003387046595556e+00,-1.778267154034438302e-01
3.282566668207457905e+00,-1.763100588123150680e-01
3.420230854847994273e+00,2.906283428561560633e+00
2.620163473036758894e+00,2.840154769925946621e+00
-3.310623294477434531e+00,1.256514554401849226e+00
5.332305421509475174e+00,-2.367582765937338962e+00
2.787815733387124961e+00,-2.435715769543726761e-01
6.152595685044307317e+00,-2.198720018346040639e-01
6.193556713781505074e+00,-5.651550105358987830e-02
3.297099818904973834e+00,2.849035349460363964e+00
3.161848700329838113e+00,2.846124847331485075e+00
3.083831854433315200e+00,2.825217243725065774e+00
-3.296994318772417554e+00,1.286376933872322770e+00
3.684555739151142539e+00,-1.604715296146163317e-01
3.258291596079742281e+00,2.852114383851266144e+00
-3.283096008653411779e+00,1.332303591679842469e+00
2.716642039577445988e+00,-2.525662796173856472e-01
3.101753455935423176e+00,-2.033029564583355986e-01
3.761489277926026720e+00,-1.533014724781429916e-01
3.161931665561058757e+00,2.869395016803348852e+00
2.970692502148102321e+00,-2.009936237017662941e-01
3.333586610209112955e+00,2.839458107143318699e+00
1.653932420204148102e+00,5.134090004961564979e+00
3.059882256395824562e+00,-1.909767132265660361e-01
3.962795520899690782e+00,-1.433547969178996795e-01
3.068110846037911177e+00,2.861935962320598215e+00
3.249144791082980266e+00,-1.821631760850569715e-01
3.736724490873462035e+00,-1.440662322999307354e-01
3.465131104901868486e+00,2.848139347827139733e+00
3.365474305992880222e+00,2.885147619322627754e+00
3.125891702934332717e+00,2.874059232613288106e+00
3.005831952475108260e+00,2.853059391117803489e+00
2.210845394557833465e+00,5.175181423984517970e+00
2.040832577583611585e+00,5.145583144412095855e+00
1.957378023192876570e+00,5.147029784051166068e+00
1.790514643102228298e+00,5.165551128582374751e+00
1.624037656078863856e+00,5.138254469825718651e+00
-3.451813444671515962e-01,-1.808198076361023643e-01
3.052078981796313872e+00,-2.109983003143918456e-01
3.615512630428843632e+00,2.954300742954993009e+00
2.820977308122555982e+00,2.828843355628155809e+00
2.382350147338453183e+00,5.187615467198964048e+00
2.128603962551063766e+00,5.178019811013530038e+00
1.960748425921292615e+00,5.166552332229065847e+00
-3.356401548629111553e-01,-2.288329754321447307e-01
-3.302460818151845001e-01,-2.706458802052202905e-01
3.524670582904751992e+00,-1.333420853749403001e+00
2.794475750319275864e+00,-2.523622135983553116e-01
3.734223150656810652e+00,-1.813800215459918375e-01
6.766913609375965422e+00,6.446287408319563150e-01
4.108828622616459647e+00,3.034046910287381937e+00
4.030991357726514401e+00,3.030754377872570959e+00
3.614555482983832668e+00,2.925093684507795722e+00
2.390948622121431111e+00,5.226304932872776199e+00
2.303306061583047626e+00,5.187014064163946614e+00
2.050994554517061363e+00,5.148857805728403569e+00
1.800860057119215929e+00,5.174524891831144835e+00
1.719986057270114221e+00,5.121901561896702759e+00
3.358469080741927293e+00,-1.670806689787003030e-01
4.163035535137943555e+00,3.043425198868104253e+00
4.075335910856147770e+00,3.027495198899927242e+00
2.917355915892798190e+00,2.857395749682102082e+00
2.019774918851612533e+00,5.169245289795237674e+00
1.936214780629539778e+00,5.183425700767445576e+00
1.359478550981143119e+00,5.095349325763637971e+00
3.168950594183734815e+00,-2.012567237513710749e-01
3.305111773208891712e+00,-1.725987184275260267e-01
3.585788404972209076e+00,-1.854806129734143660e-01
6.304187950189166223e+00,4.864835256229600724e-02
3.533928047214216495e+00,2.885527904143806666e+00
2.951761235772290881e+00,2.868638527432035179e+00
2.893937028272490775e+00,2.837284323274902764e+00
2.623939780567200675e+00,2.850191465448552286e+00
2.100607244178210653e+00,5.207766097564765495e+00
1.851520843447313824e+00,5.161778007189460560e+00
1.685142629140030435e+00,5.156849683502191084e+00
3.042997253320018913e+00,-1.992097159383318938e-01
3.639063860556079000e+00,-1.792089916130632787e-01
3.913799741145215005e+00,-1.515204611858730621e-01
3.759632521552836781e+00,2.975130968895484784e+00
3.538787113071792056e+00,2.901960716935708451e+00
2.074908239011031608e+00,5.179722283014929651e+00
1.578532578170046996e+00,5.134372300593902594e+00
3.383187522090882027e+00,-1.484644792813872016e-01
3.800875136926320064e+00,-1.688360854207172357e-01
4.017121858384562039e+00,-1.488488883276250230e-01
6.143000480029924937e+00,-1.985987471475359756e-01
4.070921992479656026e+00,2.995551159258712737e+00
3.926025165243297810e+00,2.974228897627783308e+00
3.481492766485369650e+00,2.910279921492328725e+00
1.939981920237620505e+00,5.211673748619262803e+00
1.862182970132548077e+00,5.138564614359570015e+00
1.778579995861802265e+00,5.144795864186858303e+00
1.531998225429637817e+00,5.115004390314689786e+00
3.484821428547737021e+00,-1.971383471154265210e-01
3.538257378657374552e+00,-1.987968653700597221e-01
4.002000716338388386e+00,-1.595727111215616001e-01
4.097999539716025375e+00,-1.244205864423330310e-01
5.210494421393240927e+00,-3.094790407037907309e-01
6.173499121262677747e+00,-1.363927915925357282e-01
6.206652812314507273e+00,-7.213598553916450440e-02
6.261742788189883058e+00,6.006733841579993405e-02
7.086240944888201554e+00,1.153548906841091570e+00
3.991470396494066986e+00,2.968436864103365824e+00
3.809424280574233546e+00,2.972265672013834958e+00
3.735424189481144630e+00,2.945614839448519096e+00
2.019660165184279155e+00,5.205800455233890567e+00
-3.544252637531870143e+00,8.850778769288085712e-01
-3.319529342633476543e-01,-3.059166398252585184e-01
3.985280348803087236e+00,-1.556917553692505340e-01
6.335247794170242308e+00,1.197877542279555119e-01
6.377202869517589967e+00,1.861105104343647176e-01
4.169710897735760646e+00,2.997178692559396840e+00
3.382284536563714639e+00,2.908541528836215750e+00
2.845855582443079346e+00,2.796859301643789486e+00
2.375313333769081492e+00,5.256361650238620342e+00
1.468628686980866904e+00,5.106054240517130971e+00
5.957414103373866787e+00,-2.213285576214459593e-01
6.224707035542672351e+00,-1.371008608275131324e-01
4.103861716819690031e+00,2.996918916022820234e+00
4.042783503112501009e+00,2.998903040186317703e+00
3.899075556851951063e+00,2.958943484398363299e+00
3.734117896515234403e+00,2.968413139815329060e+00
2.952648981664441230e+00,5.273494546685752127e+00
2.865330600485066270e+00,5.245503830184563121e+00
2.244215475095882262e+00,2.828008594808511411e+00
3.490754086439999071e+00,-2.070653363287763005e-01
3.904242843293364906e+00,-1.499428090452144813e-01
5.121111358037349959e+00,-3.830271493367556346e-01
6.151360122507420591e+00,-1.826944968516351075e-01
6.440165481037438688e+00,2.490110475146124491e-01
1.806302152718593179e+00,5.148016157809878202e+00
1.721105349853472966e+00,5.154131662877095899e+00
1.188567518652839938e+00,2.908979185600085948e+00
5.139312787283460970e+00,-4.109857714759762581e-01
6.313980245058519181e+00,6.304379972007960464e-02
6.435497087067066246e+00,1.838753991700416979e-01
6.543020392713616573e+00,3.815255793874894330e-01
2.898063006029145239e+00,5.279345386058894363e+00
2.228354716697554139e+00,5.236493433775975426e+00
1.405758061751250620e+00,5.095947777117531885e+00
1.321608920760998229e+00,5.086458710276807516e+00
1.223020186807615817e+00,2.919216513302569815e+00
-8.402615999663196611e-01,5.408110957107344907e-01
3.563310372887471988e+00,-2.000699182307975887e-01
3.893069676677473723e+00,-1.542929573471217564e-01
5.499203275217087850e+00,5.774050888539987436e-02
6.357315427793861495e+00,1.267639958213678530e-01
6.565376323610458087e+00,3.792822875587193998e-01
3.994400784617170963e+00,3.004611847941878633e+00
2.798498081290109685e+00,5.300381134407468942e+00
2.299361514814955765e+00,5.209204029445499096e+00
4.052571244855950106e+00,-1.567382252975821066e-01
4.100468880457547982e+00,-1.522079997637118820e-01
4.146499344320027980e+00,-1.166266917129227532e-01
5.106856502061353886e+00,-3.491736784692816009e-01
5.569563625880378233e+00,5.696348772124390503e-02
6.602054707644302134e+00,3.710368737524952776e-01
4.348477319293859722e+00,3.022975134577257972e+00
4.283994667814160273e+00,3.016381433070513207e+00
3.559045530101967003e+00,2.924387245348261111e+00
2.752288437928303466e+00,5.284993374595869042e+00
2.088355597743065672e+00,5.204475491190009961e+00
1.587023653186278693e+00,5.150697162814996233e+00
1.261364537488572246e+00,5.064532237871692821e+00
-3.411772426584484208e+00,8.761597884210695630e-01
4.181641458192859595e+00,-1.056163670596999837e-01
5.111285533528637792e+00,-4.673835785302694612e-01
5.171247110082250131e+00,-3.517253777882147769e-01
5.292525279681847827e+00,-3.471404862769501554e-01
5.356221461170565412e+00,-3.199829252052061035e-01
6.149245488616048583e+00,-2.022556516165358864e-01
6.257564810013183987e+00,2.125236944671475559e-02
6.491824113779831151e+00,3.113458758582969832e-01
3.942578570821323680e+00,3.002558339565317702e+00
3.680498307013229109e+00,2.975786777217773516e+00
2.731300414166602408e+00,5.234961715565736640e+00
2.363341778995320386e+00,2.859508951576435365e+00
-3.433376029783064554e-01,-1.389687306364412456e-01
5.239580300540291447e+00,-3.521175081708339816e-01
5.375935683224680517e+00,-3.535678807098857623e-01
5.790250248947749867e+00,-2.771709147462306788e-01
5.946848955406956350e+00,-2.628397852498693954e-01
6.232576665455098919e+00,-1.521748440329095675e-01
6.513893333589063417e+00,3.032997921563572730e-01
6.600330599415172195e+00,4.273689234242906698e-01
6.815686890946881071e+00,6.956600176961724724e-01
4.211959254491545401e+00,3.026005215459609321e+00
3.838898121528047547e+00,3.014266268032518958e+00
2.670314034031173289e+00,5.305085751730143961e+00
1.516632847847147580e+00,5.092211890015756914e+00
1.175473695768023186e+00,2.897259060562298760e+00
5.120809479720313639e+00,-5.112610632278226097e-01
5.099786607971894981e+00,-4.564381851064770457e-01
5.352286002901785800e+00,-2.830323421150651164e-01
5.948769695227950294e+00,-1.987293697648744029e-01
6.628302423049372116e+00,4.862878728201586176e-01
4.174843604702239475e+00,3.050981677213460141e+00
3.897747904973134503e+00,3.009806608729042487e+00
3.701061606377079372e+00,3.001838563424225281e+00
2.680963086939123663e+00,3.981851545390019176e+00
2.413757445361335296e+00,5.189811458757579210e+00
-3.398256763437162431e-01,-1.837325174821824447e-03
5.091559943653934717e+00,-5.094818978130436493e-01
5.099685591579730115e+00,-3.833385135121576415e-01
5.186190703626788689e+00,-3.339393175636649058e-01
5.308424477798380003e+00,-2.925875659190746436e-01
5.420615385483466220e+00,-2.862327280958361087e-01
5.554219689544062533e+00,-2.828171667796204325e-01
6.576361168969810933e+00,4.116826971610515473e-01
6.717467696682651201e+00,5.356841387650489450e-01
4.274323091270065156e+00,3.051639681807928106e+00
3.799833489113541685e+00,3.004340610352468133e+00
1.278912767448435295e+00,2.665290130131043433e+00
-3.938155417496145838e-01,2.343501380901762410e-01
-3.239350332789803777e-01,7.644248243540879839e-02
-3.425465706628705864e-01,1.217717368299914282e-02
-2.933795809841312496e-01,-2.284776906129910856e-01
3.629585327363262337e+00,-2.063047908648114881e-01
4.202292517032295116e+00,-1.216058178239424470e-01
5.126754118597699694e+00,-5.817550538310550801e-01
5.848933034109566442e+00,-2.571616246330933331e-01
5.942157961361331786e+00,-2.310926687117289269e-01
6.285866982174846740e+00,-3.460150968819039607e-02
6.497843942048579180e+00,2.264314845625646222e-01
6.696897128741678529e+00,5.204002805865705072e-01
6.806372280338044867e+00,7.127044606802974691e-01
6.218387241348694694e+00,4.468686687178026418e+00
4.368636953006658885e+00,3.040901707003710541e+00
1.258936688159089545e+00,2.909787402947519919e+00
5.255871765084629388e+00,-3.608344932898603918e-01
5.475495831119244983e+00,-3.163592325598906241e-01
6.453230191370828095e+00,1.699612626721204722e-01
6.871716191687311515e+00,7.687359424366695393e-01
4.335704501910328190e+00,3.065566858346933099e+00
1.723094970641384283e+00,5.066167103214305634e+00
5.124512956073746572e+00,-6.913845182651857657e-01
5.130670868537147378e+00,-6.050331748175427071e-01
5.323510169509333423e+00,-3.602346549087784844e-01
5.529959032767670202e+00,-3.126951091620021606e-01
6.669527474915188492e+00,4.411986713455690046e-01
6.869573534831460826e+00,8.128115396353726707e-01
4.221759922806237242e+00,3.054058113153923948e+00
-3.307312513802441956e+00,9.054553246666401378e-01
-3.470185466567349830e-01,1.018651694952321801e-01
-2.888232211718661513e-01,-1.516126196315526753e-01
5.090783411868209818e+00,-4.171817775302578690e-01
5.581604036454937301e+00,-3.069164082745063915e-01
6.667755332164287729e+00,4.973837832310921137e-01
6.958063576422695462e+00,8.734750702251822263e-01
7.017069451429017946e+00,1.008735055558162452e+00
-3.296533101464382276e-01,-9.347054591603567997e-02
2.895912479684454865e+00,-1.974172694413592055e-01
5.512282834056315473e+00,-2.920944737769521904e-01
5.893417634888028722e+00,-2.495830654553751471e-01
6.267065187552821826e+00,-5.118979573342727352e-02
6.361823264659457244e+00,8.745003376080112689e-02
6.452346524948686657e+00,2.872429093217351292e-01
6.875031084487913446e+00,7.342340387076288222e-01
6.983846925425391206e+00,9.278673366539100797e-01
2.651397965542786839e+00,2.888842013911363082e+00
-3.486763118931929806e-01,1.737588822186572624e-01
5.172616825123242279e+00,-8.343503011543531578e-01
5.133909383111044278e+00,-7.098949266579858142e-01
5.338556336548896830e+00,-3.383597564516078737e-01
5.604146193571633461e+00,-2.925610278750894189e-01
5.701541941967589899e+00,-2.875019530534567158e-01
5.833128069222770939e+00,-2.461297348895639947e-01
6.300856787921660818e+00,-3.908995436043755101e-02
6.412419980123392094e+00,1.456433921137725573e-01
6.800624552812521095e+00,6.111067534623220165e-01
6.910802865545461415e+00,7.916049338312289851e-01
7.041962751037301516e+00,1.050442990087505635e+00
7.127158910409817416e+00,1.127370330635622864e+00
7.171361975681191936e+00,1.200250236585418184e+00
6.311887886141206216e+00,1.247783735919584247e+00
6.765112667568633498e+00,1.609585341058005437e+00
4.374890468917278064e+00,3.060635773562338180e+00
5.155124417741915543e+00,-7.244064542141239738e-01
5.653343135547485687e+00,-2.874117930088591066e-01
5.858821076112514348e+00,-2.782839936552772286e-01
-2.692346647192957465e-01,-9.905726395619912639e-02
-2.318470064157705512e-01,-1.629435224541153360e-01
6.089720824399955212e+00,-2.327470214955831562e-01
7.028403446927313780e+00,9.130699486238509355e-01
2.646004334972348992e+00,2.906632006119496126e+00
5.208511065770627724e+00,-1.343209023030820015e+00
5.225118886500603743e+00,-1.232862427955806472e+00
5.422167784216971320e+00,-3.125253689917760758e-01
5.968646744346978394e+00,-2.622175437442744173e-01
5.520997862350480290e+00,7.123981313875155097e-02
6.350364254735390901e+00,4.553334266532842178e-02
6.206275827037297077e+00,1.222504989908751893e+00
6.971858926771271392e+00,1.492021840000068655e+00
6.802706580760294663e+00,1.620722951538785095e+00
6.472003763254764230e+00,3.318776533388103189e+00
-2.462166429922302835e-01,-2.418679364803924259e-01
3.282024551813497837e+00,-1.460958242812604169e-01
5.643181216412844314e+00,-3.030116545925943816e-01
6.036837054129141400e+00,-2.579175082436464539e-01
7.122949362177333654e+00,1.080493959832157458e+00
7.170309021107645009e+00,1.148444619877411199e+00
5.222521793575190863e+00,-1.394050006724805169e+00
5.066606846217679205e+00,-6.118292552539171814e-01
5.090298251003823715e+00,-3.405775531321759697e-01
6.249681194584161936e+00,-4.557420304896619978e-02
6.027642480878766307e+00,8.985271506827394172e-02
6.832976241613957669e+00,7.560800095163209278e-01
7.197692704103812567e+00,1.256171511535614682e+00
3.517800023407640087e+00,-2.003449428034515811e-01
6.252044423299373044e+00,-1.153742820587546347e-01
6.577525453406960487e+00,3.111193709888172565e-01
7.268393614029263539e+00,1.236590012164192398e+00
7.311686651085675948e+00,1.306596616868553440e+00
6.033521656895556085e+00,3.265687328613074758e+00
-2.484764488870701005e-01,-1.419310986366604521e-01
6.096113696834228435e+00,-2.525352515837024914e-01
6.660777937862427223e+00,3.935027832346970067e-01
6.703055841489015343e+00,4.836594504728676247e-01
6.354183397785903686e+00,5.744889492816229737e-01
7.352073132227198826e+00,1.343542836514070915e+00
6.070283081499842304e+00,3.275592539292606187e+00
2.413204676539923099e+00,2.870836975121726642e+00
-3.130410038143872087e-01,2.398519472488091497e-01
6.914431044011455363e+00,8.202312164840850350e-01
7.167542519109675325e+00,1.171171419362504684e+00
7.326437897194140625e+00,1.380035287387654686e+00
7.393735958633008920e+00,1.458455425809979999e+00
6.218115043062636182e+00,3.291178708909616279e+00
-1.965262143333317835e-01,-1.284510991675793246e-01
7.232419100774858833e+00,1.215276604609127453e+00
7.392338820428830282e+00,1.426804180244714892e+00
6.106435011456788686e+00,3.307995180534215152e+00
5.098937595983868754e+00,-7.031600393142469763e-01
5.088103044198388325e+00,-5.551080156563766854e-01
7.046041508156422495e+00,9.581075787591333270e-01
7.081988708470783322e+00,1.064605221123776868e+00
7.261842566856533843e+00,1.316149050279250998e+00
6.300795838459846365e+00,3.289027377997301382e+00
6.183923725564635987e+00,3.329701626141351234e+00
3.793869290180821086e+00,-1.315181790090305947e-01
5.663583576446079348e+00,-3.037795918850741961e-01
6.520481338114079151e+00,2.921327506742124047e-01
6.850417573154797601e+00,6.918528924680937831e-01
7.065245423624550547e+00,9.917358279134421695e-01
7.245562994968065773e+00,1.284109307498565000e+00
7.829656607748502140e+00,2.334246133461370221e+00
9.940863059919038847e+00,5.234696361543928589e+00
6.273191507112153786e+00,3.319834543825479045e+00
2.652949800463994201e+00,2.902696458937299884e+00
-2.827846906637780378e-01,-1.262794170304439578e-01
5.043345876625004109e+00,-3.805927203208117060e-01
6.032284651485162463e+00,-2.459821566646136770e-01
7.012914754527980854e+00,1.504496252503158216e+00
7.804038435187680811e+00,2.353934968841017827e+00
6.538681448175225341e+00,3.280585241712920208e+00
5.965494960898478638e+00,3.255493637272441454e+00
5.881048663833991164e+00,3.216470810222279209e+00
3.320822368319476414e+00,2.910767296181647534e+00
3.265975236050880692e+00,2.921582400377377375e+00
3.221147198773927744e+00,2.909711759536446785e+00
2.365530580122742421e+00,2.777902356550963514e+00
7.279820677296179987e+00,1.286621552858638218e+00
7.725829811716787177e+00,1.969633982112623860e+00
6.538912709764017173e+00,3.329388826154446424e+00
6.306457038936069459e+00,3.305104761887911913e+00
6.007468357575080020e+00,3.243252079876770111e+00
5.925105383102397205e+00,3.204551054946498834e+00
7.397841077766951656e+00,1.508130180387191821e+00
7.829688622135265064e+00,2.256423662935024943e+00
9.337899959778592773e+00,5.218004124950546441e+00
6.248515637610979390e+00,3.314456980911740125e+00
-2.899559850917662884e-01,1.582821646527836634e-01
-2.752806125174591112e-01,-1.342556154615481834e-02
-2.186414193217933177e-01,-9.258594229566513567e-02
6.943325708724342959e+00,8.578757150803231202e-01
7.071376593383378761e+00,1.048215774908468401e+00
7.414632952097515606e+00,1.477699422726582279e+00
7.463360811427297570e+00,1.604021709793523653e+00
6.484553005770348655e+00,1.286932361445310757e+00
7.739648005941608844e+00,2.021926109014230200e+00
7.850267489611929328e+00,2.356280761627669751e+00
6.266413838049697205e+00,3.293883312730570001e+00
5.709885792054809173e+00,-3.000792830895060437e-01
6.346476074137519241e+00,5.702547771830472900e-01
6.951177293588208350e+00,8.419458459349926649e-01
7.361983104786958165e+00,1.374181316825862975e+00
7.482470399327747046e+00,1.571184483325239523e+00
7.523679281323445878e+00,1.641677222956683391e+00
7.783466197430300326e+00,1.991980680994285935e+00
7.840857007404999024e+00,2.437203651684268557e+00
6.366656717481695260e+00,3.302833995799793421e+00
6.166822275360127392e+00,3.283713829403673845e+00
6.084063857185659785e+00,3.240324086772719436e+00
5.921502403708077900e+00,3.261230891232954843e+00
4.396436229281595054e+00,5.446325180017299594e+00
5.467174296113805454e+00,-2.968535814468875600e-01
7.441684663238583575e+00,1.532356970424539222e+00
7.780594648605454466e+00,2.433871731439169128e+00
6.955489424542820487e+00,3.340962565398335915e+00
6.740796809660605682e+00,3.357151225505483172e+00
6.590928479198350232e+00,3.345861894558397776e+00
6.106871535804777373e+00,3.278791084912624942e+00
5.811463054094846648e+00,3.244693635236342022e+00
6.024139603852518121e+00,1.066392911969953061e-01
5.966788847765743142e+00,7.636226956118120635e-01
7.124461640255461248e+00,1.159262480669835504e+00
7.315621079382377268e+00,1.443436437090647173e+00
6.458441387518528032e+00,1.308880211718683739e+00
6.307953526135267275e+00,1.272329052505599911e+00
7.769745047193532095e+00,2.572822726199459620e+00
6.929199213681114244e+00,3.375388678151249433e+00
6.558062685916280721e+00,3.354052354630701505e+00
5.859889815602044472e+00,3.269441736489140826e+00
5.804343785151718116e+00,3.263336738100987677e+00
7.779921749344183901e+00,2.368481184080672985e+00
7.731884441131407826e+00,2.553254664112261541e+00
5.795413112839349346e+00,3.233774234821408022e+00
5.075888852331048362e+00,5.524051493213403496e+00
4.817225792426791386e+00,5.479099117582817868e+00
4.731678375364009703e+00,5.480780066929564320e+00
4.123700425624162946e+00,3.051649375227776240e+00
4.028149045264354022e+00,3.054213855098385721e+00
7.697815980341037090e+00,1.993777723879436303e+00
7.007743359462587307e+00,3.380801221099537290e+00
4.073927844434137135e+00,3.062395562858116982e+00
6.738136767121901016e+00,9.611190797722476420e-01
7.753536674433397557e+00,2.493774838960997275e+00
6.992882341160499671e+00,3.360691653013504254e+00
6.781989452009185904e+00,3.378455207164585250e+00
4.067240404309535151e+00,5.324922897396626276e+00
6.313445712020056888e+00,5.139396289634905468e-01
7.850082143110553190e+00,2.133519618652488070e+00
6.745493612530340855e+00,1.604109718874423107e+00
7.066813616077358695e+00,3.353513488363287109e+00
6.852851721619595438e+00,3.373840612653149051e+00
-3.417258820268814556e+00,9.616877376010424250e-01
7.457463463500593193e+00,1.548037845839660198e+00
7.476702068172508042e+00,1.660849969120400615e+00
7.782122570970498643e+00,2.510367638685067959e+00
-3.347237230011987030e+00,9.605275805313117088e-01
7.245966824535738482e+00,1.329017606519921069e+00
7.724169932004761208e+00,2.542940291362321581e+00
7.815586939953287349e+00,2.245920103212339036e+00
6.831383638222260579e+00,3.338782034555908496e+00
6.715848238872751175e+00,1.585344011343765791e+00
6.988621099999934749e+00,1.500729938209229841e+00
6.267594065163407890e+00,1.220105009986349520e+00
6.847921637169056552e+00,3.357683147292864767e+00
5.756934918445343996e+00,3.253863180485678797e+00
5.345084799258367880e+00,5.509526851941928705e+00
3.307216298032419566e+00,-1.471917484378854890e-01
6.807683014153295353e+00,9.778186227968032052e-01
6.397617644237905132e+00,2.395226783506159696e-01
6.648286365916467489e+00,5.038550004015622807e-01
6.321430577315596544e+00,6.205853829085598017e-01
6.940718279178430095e+00,9.320122608667464892e-01
6.679361309836921556e+00,9.874745325800151630e-01
7.147940677613549454e+00,1.219382954059109236e+00
7.174812063705433118e+00,1.315087887531646960e+00
7.248881978479966293e+00,1.384754945674129711e+00
7.312718970286604225e+00,1.454213123325160950e+00
7.419762674803321190e+00,1.646561446000712747e+00
6.748747956114945268e+00,1.655820713495699481e+00
7.684412493638205000e+00,2.679595661810054263e+00
6.677217554821849532e+00,3.449829728663567074e+00
6.391160754033622382e+00,3.419844011855172727e+00
6.173840445650021991e+00,3.356572575900643507e+00
6.062241109775790449e+00,3.368910549311836089e+00
5.991239813245777590e+00,3.336011249594337702e+00
5.762409690334257206e+00,3.307284469666353477e+00
5.704489725796592303e+00,3.290326837047675923e+00
5.150556610008901082e+00,5.507265647767482619e+00
3.674051166527159573e+00,2.940610792282827290e+00
3.486943552646910582e+00,2.895764845860298031e+00
3.048759772436596904e+00,2.766341855375932024e+00
2.995953509536153803e+00,2.752020192317492953e+00
2.939124237515897242e+00,2.741007201692886586e+00
-3.432085635085023068e+00,3.598839321683721115e-01
3.833091617444694066e+00,-1.114897377625255481e-01
6.010442395508902358e+00,-1.933853838776403988e-01
6.075876806501153027e+00,-1.767557279579966834e-01
6.054389606393886680e+00,1.489655959888573633e-01
6.599041079549313515e+00,4.655483684658714427e-01
6.649714430528116615e+00,5.564370756663383766e-01
6.698485367821504610e+00,6.201862634301735788e-01
6.733503430531564860e+00,6.537720130968408538e-01
6.781919944894090335e+00,7.570809142644385759e-01
6.849271723882116802e+00,8.692073864969969144e-01
6.878497227054817031e+00,9.096007034500676047e-01
6.915768008007667333e+00,9.526936813360603606e-01
7.022514694977444627e+00,1.130520761845865252e+00
7.195896850054666949e+00,1.397439004305368382e+00
7.246175523193376655e+00,1.509810535438802948e+00
7.397277179429062599e+00,1.778809951609840123e+00
6.424497731894486030e+00,1.389221671825400017e+00
7.649701697653751076e+00,2.209288261591665137e+00
7.753450089623227015e+00,2.338144104854469330e+00
7.690625264004748551e+00,2.510023276873967202e+00
7.649837678730089685e+00,2.628554963859063065e+00
6.544622938131234413e+00,3.535401893734943179e+00
6.043757562404351802e+00,3.414419388464369653e+00
5.921438830052601965e+00,3.394425880681051222e+00
5.859989634318567120e+00,3.378774635605670262e+00
5.806183724579471850e+00,3.381725135949071426e+00
5.740966278394318500e+00,3.347473280024108711e+00
5.636544024070389902e+00,3.350802018879293076e+00
5.580686258554713675e+00,3.336019063052225953e+00
4.237434074861305966e+00,5.453829680426101056e+00
3.900613850691303952e+00,5.391181467024958707e+00
3.845607300089313174e+00,2.931788086631734291e+00
3.752702859110374156e+00,2.919633364382734353e+00
3.201754596913590323e+00,2.756889642576815014e+00
3.099665215218335934e+00,2.731263607330096210e+00
3.001337917578352332e+00,2.696607169552859506e+00
2.906746198338204135e+00,2.654027625242397992e+00
6.346870447313957442e+00,1.571310032792960498e-01
6.500442226369562704e+00,4.122174300157525062e-01
6.747305183605053713e+00,7.180787647423775288e-01
6.807055526433298809e+00,8.256334136125046408e-01
6.888342163098521098e+00,9.814960884728829438e-01
6.932882525982240196e+00,1.028053883582951133e+00
7.004202528024670471e+00,1.162559218991104482e+00
7.024488107655255220e+00,1.208872582436842036e+00
7.070563515217220818e+00,1.264305285787319155e+00
7.141689594392569340e+00,1.419591638274907197e+00
7.182698627834770200e+00,1.480994872626462344e+00
7.250162795391166703e+00,1.604491276001190903e+00
7.334359524938058428e+00,1.744348136908773661e+00
7.379520296628228060e+00,1.874853603033967975e+00
6.403250240308258512e+00,1.444596904580538244e+00
7.618078352946347387e+00,2.316462597583879734e+00
6.652661171414515628e+00,3.588163580742693259e+00
6.494474950908852406e+00,3.554540194466828229e+00
5.956064678119458833e+00,3.468948011610276883e+00
5.892925482572397122e+00,3.452946291455186500e+00
5.773054076355145448e+00,3.428447238724574575e+00
5.713940559058533708e+00,3.413430948684658794e+00
5.652621860763603401e+00,3.386647675484338649e+00
5.596615347686241471e+00,3.374062040986718802e+00
5.491362255392608027e+00,3.366103520751497324e+00
3.626847943903510618e+00,2.879842629405236831e+00
3.582555294094845966e+00,2.865936056193613357e+00
3.399028342447743434e+00,2.813550185223847144e+00
3.352454923838515732e+00,2.799405969827709395e+00
3.308809920356578171e+00,2.780222101803746515e+00
3.201440828498452795e+00,2.689249428487208604e+00
3.142208940350386115e+00,2.688018395590994647e+00
3.088321696810400141e+00,2.678469777891721471e+00
2.994777464840935988e+00,2.639305055665413846e+00
-3.355905485506321284e+00,-5.876530979639489338e-01
-1.118851031264224694e-01,-9.464996403794173618e-01
3.913769163614993829e+00,-3.055663872392252456e-01
4.092462615993802899e+00,-2.743659672639338076e-01
4.143367124581441630e+00,-2.458132766268913139e-01
4.170696948279126737e+00,-2.427046800855440500e-01
6.973759081025439954e+00,9.695126739246278103e-01
6.773037352431757085e+00,1.073267467103364625e+00
7.284378977769809360e+00,1.435700134476541212e+00
7.333815980733716877e+00,1.501963681068151146e+00
7.385313058581700396e+00,1.622899810385812325e+00
7.437468238958772737e+00,1.697419675514571846e+00
7.723486165435283546e+00,2.617308420448448469e+00
7.702037674642321363e+00,2.677732384668811250e+00
6.159560485512488803e+00,3.425524632015019666e+00
5.737568488934264188e+00,3.356565271746972723e+00
5.680998210305391538e+00,3.344723813013357194e+00
5.621065383184662423e+00,3.317317367438180842e+00
5.520675162325495933e+00,3.323931381514643402e+00
4.055094529795820080e+00,5.441276921498096719e+00
3.419807948305856993e+00,2.848474077757522593e+00
3.292198455638034815e+00,2.785765684426553701e+00
3.205343152195694323e+00,2.744199876864004128e+00
3.146775961860388104e+00,2.741749120221309788e+00
2.991857151764342415e+00,2.699698519404522212e+00
2.890278755300216496e+00,2.663936690160570553e+00
-1.279724896572052573e-01,-7.848373451257005806e-01
-7.530366152574130556e-02,-9.573037630968755929e-01
5.150136626369862469e+00,-2.993423141797184606e-01
5.238396176705728990e+00,-2.991841087540554334e-01
6.420604911626587530e+00,7.385418574385166357e-01
7.233975647410152199e+00,1.485156989439726072e+00
7.269062672976305706e+00,1.596499319507421744e+00
7.375427524223262310e+00,1.746647254620817602e+00
7.637762934270434734e+00,2.742861081560035608e+00
6.851128219038487899e+00,3.639418721912548449e+00
6.602249535131477387e+00,3.592062511907845757e+00
5.906120921414007796e+00,3.452387667430002249e+00
5.846933283628864331e+00,3.444863679626130715e+00
5.668808018588697095e+00,3.400861913038622841e+00
5.617325449079485722e+00,3.406986831453094666e+00
3.448984719922103537e+00,5.209502882087323705e+00
6.855026535190250625e-02,-1.338578090660025754e+00
3.866961291306626247e+00,-3.667636248321950454e-01
3.954872649603433654e+00,-3.445669911283472109e-01
4.004628315918369985e+00,-3.243199252643806929e-01
4.080073503446332239e+00,-3.036117490836005572e-01
4.104606158073448086e+00,-3.062289922742507109e-01
4.139096538764213129e+00,-2.958557420293046469e-01
4.176699011605285783e+00,-2.798373174981061418e-01
4.211706631750488761e+00,-2.651720441316248733e-01
4.256494733949614862e+00,-2.657061266887550399e-01
4.290962881345574687e+00,-2.469882592680079647e-01
4.322402712907661204e+00,-2.306816777961042952e-01
5.296652917918125425e+00,-2.917314939871985535e-01
6.805741899155305141e+00,1.034929888993850078e+00
7.770278989784598522e+00,2.140961004450281369e+00
6.793189220203657896e+00,1.706694137065181138e+00
6.035560086869983465e+00,3.392193785279158824e+00
5.963943371474777599e+00,3.356749587081905961e+00
4.213637503524007677e+00,3.100319212075598685e+00
3.578794401747111387e+00,2.952401889763114351e+00
3.166139697345481174e+00,2.799122063151223028e+00
3.117117524507192705e+00,2.782752074659984753e+00
3.059945992479828458e+00,2.775422430626067527e+00
2.963264543303661736e+00,2.735681389483239023e+00
2.845992574014951870e+00,2.714450177631051009e+00
2.164370372938515974e+00,2.663442596367445958e+00
-2.020053115828764900e-01,-6.046701886935111903e-01
-6.328516430665342973e-02,-9.406601172171699110e-01
3.108531702357028248e+00,-3.948522766850820487e-01
3.266739922555351061e+00,-3.805269493895075961e-01
3.863263011827525073e+00,-2.559173395722743605e-01
3.915925704661196161e+00,-2.690545304020938167e-01
3.957098378527334148e+00,-2.606076327685805660e-01
4.007725662555438717e+00,-2.412341252041056705e-01
4.095238518481480128e+00,-2.372869728190398486e-01
4.201686848177679678e+00,-2.004427036921882233e-01
4.247017831846159552e+00,-1.997088893607596727e-01
4.278657337246367653e+00,-1.861114033706823545e-01
4.335354924970078905e+00,-1.629213517417928692e-01
4.357819831593130466e+00,-1.576783187973047340e-01
5.574984611176912352e+00,-2.125762399711841610e-01
7.465963739996038129e+00,1.715256224993625178e+00
6.290055776049189085e+00,1.359461424631713600e+00
6.797931395727368376e+00,1.771326187536424346e+00
6.750166891533870839e+00,3.560165625628015640e+00
6.040052145866317446e+00,3.450185224867258871e+00
5.970320775802656854e+00,3.421191065232141781e+00
5.912122258787362306e+00,3.417817772360771666e+00
2.899954402359149253e+00,2.705967105235597359e+00
2.779900151440594325e+00,2.684374044098316148e+00
9.332406856540174100e-01,3.269327872956465875e+00
-1.370817221121736207e-01,-7.128936060953156018e-01
-1.215068891793877892e-01,-8.018838498796976300e-01
-4.553575210928451078e-02,-9.667478008174369419e-01
3.524748045145432496e+00,-3.338213414319410877e-01
3.845503684125659571e+00,-2.810035846993013120e-01
4.002702417973078575e+00,-2.557945329802220336e-01
4.370558407408216439e+00,-1.478476610514507239e-01
3.903754937222071675e+00,-1.500777363555042321e+00
5.612416229004214330e+00,-2.244423755682856403e-01
5.753585436108335394e+00,-2.205496546988557072e-01
7.894933922464071330e+00,2.302200834759310588e+00
6.297420425488181372e+00,3.360792059537673016e+00
4.418764816679995988e+00,3.148342703359957806e+00
4.372498074191049078e+00,3.148279475150603801e+00
4.282197349813313458e+00,3.133932146685542097e+00
4.192316608764918406e+00,3.116409432863189721e+00
4.145961685582623346e+00,3.112241824647703936e+00
4.004725392069181211e+00,3.100333397905802979e+00
3.956475290969530434e+00,3.097438155983194275e+00
3.906316065568756546e+00,3.098305722717293431e+00
3.818144981651649950e+00,3.065662093055414594e+00
3.772080206472553598e+00,3.053681840033043215e+00
3.527875335641025067e+00,3.009998666387209809e+00
3.474283447906826083e+00,3.006554583149370075e+00
3.383544912481380784e+00,2.968121943576327748e+00
3.328598537635694132e+00,2.963230526302819356e+00
3.117060476590788110e+00,2.917135236018713496e+00
3.061258610176265105e+00,2.906348946753130047e+00
2.994096060336446374e+00,2.908401623267137914e+00
7.008404420420172309e-01,3.644119869279347057e+00
-2.480482721067642227e-01,-6.702304846418150053e-03
-1.683413616189722850e-01,-3.560073428969894316e-01
3.654281121311141689e+00,-1.004519754905319195e-01
3.711081440463771752e+00,-9.480825800453701602e-02
3.770715955676626763e+00,-8.530440961273438871e-02
3.812795818029679928e+00,-8.468894040376062637e-02
3.881841077806239770e+00,-8.932488497302448760e-02
3.922105498051138284e+00,-8.578874828349841719e-02
3.962746250952157379e+00,-8.046112458468304696e-02
4.006081292901890301e+00,-7.148652794622670226e-02
4.058547220018403401e+00,-7.637595713626688099e-02
4.123015065931362244e+00,-6.715112727783628666e-02
4.159427558654929413e+00,-5.676591727043395208e-02
4.193073455634491964e+00,-4.737942185544963269e-02
4.253499466258183759e+00,-5.262999434073908911e-02
5.461026849163916452e+00,-2.472590243596861914e-01
7.875713007984061598e+00,2.289526169452129611e+00
7.178235364719832035e+00,3.401902810173867309e+00
6.303778482969836894e+00,3.369935160353392245e+00
4.328282835374318793e+00,3.142770453690193033e+00
3.863249290050951412e+00,3.082872109650034442e+00
3.575819618547559031e+00,3.025364140995076667e+00
3.484267956310504122e+00,2.991567104956640133e+00
3.434728066368965216e+00,2.980276765257197535e+00
3.168543717935716320e+00,2.934831398363728638e+00
-2.405373860790536722e-01,-3.669757645038603799e-01
3.399325722479300094e+00,-8.424802302585712721e-02
3.660069188440298493e+00,-9.640848306819635449e-02
4.238814317355185324e+00,-4.535357894955280300e-02
4.257346878291818015e+00,-4.795582830770853122e-02
6.649595138675376660e+00,3.401016028710114991e+00
6.368079874230293314e+00,3.371990031821112233e+00
6.098524948415374958e+00,3.315434775553120605e+00
6.036592292120760206e+00,3.304700123067343398e+00
4.052331714106591321e+00,3.109553403964503637e+00
3.957104316469725269e+00,3.100889672855030810e+00
3.721493937266505903e+00,3.055271433742626108e+00
3.541854747382972679e+00,2.988048688991784996e+00
3.278783400987288044e+00,2.952369666466982512e+00
-2.518619317862102469e-01,2.655100455354389433e-01
7.876987894545697699e+00,2.431176554359689490e+00
3.219817101626380129e+00,2.951200779405373176e+00
3.002811597530178567e+00,2.901322352067168708e+00
-2.727836882289146891e-01,8.506546848164853181e-02
-2.486449282151487750e-01,-2.749171938122033643e-01
6.538008987914664338e+00,1.345530766575535386e+00
7.901073340990448557e+00,2.301562740115768779e+00
5.875784106769360804e+00,3.315800447928440864e+00
3.421698670263090047e+00,-7.305521033884274096e-02
6.355348451642940155e+00,1.304719048900239819e+00
3.664163512717712567e+00,3.034386001556391488e+00
2.370752845345923898e+00,2.908247805997387303e+00
2.957409089698700644e+00,-1.029962357863914990e-01
3.551895316563709493e+00,-1.063030152038996479e-01
3.611363672668628677e+00,-1.028663088821214211e-01
5.126609146337020917e+00,-2.569946977336216021e-01
5.527456312589658971e+00,-2.210435224808266208e-01
5.671478277919542954e+00,-2.074056553036768002e-01
7.744047852940069809e+00,2.781883150751266243e+00
6.178750643022661748e+00,3.465936969462256823e+00
6.106429146976580569e+00,3.439222863267812347e+00
5.797048324421889554e+00,3.374838510002135195e+00
2.924894203684627492e+00,2.767452843458168665e+00
2.870120460820773545e+00,2.751995372107348459e+00
-1.641818869490139221e-01,-5.182912443938847424e-01
-1.423647805738266769e-01,-6.051857025382300082e-01
-1.083842127820068835e-01,-6.889324087547670228e-01
-7.589850724430152740e-02,-7.726463013184102779e-01
3.077265435263232707e+00,-3.394087137362616913e-01
3.634079915960672924e+00,-2.538699843264744516e-01
3.715668339649291774e+00,-2.275743607989158812e-01
3.782249871570710464e+00,-2.087661385765741950e-01
3.844830025415842290e+00,-2.182967195173098063e-01
3.896764661586865408e+00,-2.046848630130582436e-01
4.274717949144169360e+00,-1.176241069937334627e-01
4.332148430207261924e+00,-1.195516627751075645e-01
5.892666649282698010e+00,-1.795785792568873329e-01
5.589864600563448249e+00,1.501102532909349418e-01
6.405728527373358183e+00,3.387548648420962927e+00
6.212258877322685890e+00,3.374256670547699954e+00
6.141282575948274314e+00,3.350443188827768815e+00
4.392949677014104104e+00,3.157627673314086891e+00
4.347386787097839544e+00,3.152189350011250113e+00
3.927587675385829868e+00,3.104667150065107961e+00
3.436887657141772578e+00,3.019332954079857245e+00
-2.632956806979422359e-01,1.235300316180784064e-01
-2.103164640691260190e-01,-3.215133096227708043e-01
3.637303238326961008e+00,-7.078895883166774761e-02
4.089725254151550082e+00,-4.156494643238767273e-02
4.124345654314102383e+00,-3.480313419383615492e-02
6.977901153805984968e+00,3.404225949838150189e+00
6.754366604419770326e+00,3.403833538401443981e+00
3.878977196847353426e+00,3.100273880766847956e+00
3.637621774674915098e+00,3.057181024837396510e+00
3.174219533694682571e+00,2.965380495589338139e+00
-1.995449919421976581e-01,-2.289056268690163598e-01
3.144770232834977364e+00,-8.084982522560052454e-02
4.342068247126710467e+00,-3.438521818781661299e-01
-1.848389986101047766e-01,-3.163124540919841632e-01
3.529713722690226874e+00,-1.245519516094096391e+00
3.640446200743650440e+00,-1.291182464582951495e+00
5.902111830592431829e+00,3.319291017711989422e+00
3.122515881160563556e+00,2.951792277748645610e+00
3.723697688882839696e+00,-4.968844846621472966e-02
5.592350550066041315e+00,1.306150824923816289e-01
-2.430073736565541709e-01,3.859686761005387545e-02
3.995834072289711436e+00,-4.574919704367272355e-02
4.367664640901418593e+00,-1.229639761105336015e+00
5.846153523764110460e+00,3.311372021401257193e+00
3.154471253249674145e+00,-7.542961044618071154e-02
-2.548595709087334016e-01,2.197669368775291843e-01
4.031225771047336259e+00,-4.146108849951385400e-02
5.118655192629422146e+00,-2.497654763844436576e-01
4.443099227682507646e+00,3.155847156788892161e+00
3.057620929573708235e+00,2.957257456604566848e+00
-2.553381356585627260e-01,4.111891294212058345e-02
3.828873659179277578e+00,3.109548544224525202e+00
3.889237221481369300e+00,-4.771193399552553505e-02
4.266752988373005984e+00,3.156551131228505724e+00
4.124343887953500598e+00,3.154254297648566574e+00
3.791521689750126711e+00,3.108459355023477588e+00
3.596911957665822612e+00,3.071321042294875348e+00
3.548701026006018999e+00,3.058800181012511388e+00
3.398333194764016074e+00,3.025953449578715926e+00
3.343424557900142702e+00,3.020638727127249012e+00
3.018117399191436512e+00,2.952535886122441333e+00
2.931790211764937926e+00,-2.444791503313725745e-02
3.413142979670791721e+00,-1.247163908577320068e-02
3.611424682346175974e+00,-3.409642823922717780e-02
3.672070624897860736e+00,-2.948814764691432000e-02
3.782110576917499856e+00,-2.000473310302841590e-02
3.943724390037653293e+00,-1.510230789830430131e-02
4.176595591194517176e+00,1.033814120713444362e-02
4.328395919380646717e+00,-1.205744125341172701e+00
3.831894218560193632e+00,-3.731053329484126935e-02
4.134573086139715414e+00,2.489394773523168070e-03
4.237004209256402198e+00,1.154527661060139598e-02
6.341936258866545550e+00,3.415222328931263984e+00
4.658461969743723508e+00,5.607990399446125096e+00
4.224747665335589986e+00,3.157956156438273876e+00
2.963004254550363648e+00,-3.489967358079590354e-02
3.588050821649796607e+00,-3.698430813293082653e-02
4.052854084125198320e+00,2.683693842430445731e-04
4.256809013857808743e+00,1.145968994309967681e-02
6.910133469810060269e+00,3.427313543234373316e+00
4.985755688853849676e+00,5.617482297952702375e+00
4.901077295050233040e+00,5.643165573060460183e+00
4.730683431692090046e+00,5.627085024970166494e+00
4.645692330464556541e+00,5.622318371037659190e+00
4.562533877537795490e+00,5.587120572672977126e+00
3.730873489477581462e+00,3.105359165848800895e+00
-2.429059996493468376e-01,9.369609708749823684e-02
2.961184264102432184e+00,-6.308639798767745610e-02
3.188649888859858894e+00,-3.458403736995893651e-02
3.656251828572414819e+00,-2.409792390207661672e+00
7.135139531097137500e+00,3.449950278814266635e+00
6.283852870392713008e+00,3.406725504502119417e+00
5.215187014064712301e+00,5.697938507548592213e+00
5.045241991468154552e+00,5.695945426793293187e+00
4.959974042716486231e+00,5.671725334362678339e+00
4.707391115318182884e+00,5.672179580284693046e+00
4.623375213261128991e+00,5.666062320212748027e+00
4.539404748083750718e+00,5.660478421815734684e+00
4.456851733861054043e+00,5.637482942425084964e+00
4.288245881823059769e+00,5.635950679803451102e+00
4.445392119185710200e+00,3.200552899650046079e+00
4.155502277096466024e+00,3.155514925065457721e+00
4.066168432967301349e+00,3.157559418182819932e+00
4.019953939691917277e+00,3.160585334989037154e+00
3.480304683283505618e+00,3.063894905407398728e+00
3.430537741038779398e+00,3.057442668140386122e+00
3.286029837145165278e+00,3.023517213651531144e+00
3.230421935485249030e+00,3.020070921079157866e+00
3.172633740251354695e+00,3.017714782426064613e+00
-3.122592446299482738e+00,1.040521526976156963e+00
-2.681669835719076578e-01,3.457189055014000534e-01
3.019161399029903770e+00,-2.617939179358946822e-02
3.260584498879659954e+00,-1.509811721603104839e-02
3.862718813942776830e+00,7.260039006544150020e-03
3.900733954444105755e+00,1.085195969612390288e-02
4.023050705731860077e+00,9.986471302444649423e-03
4.366379952097467765e+00,-1.159862903127482747e+00
5.151040226816572698e+00,-5.826297744840848170e-01
7.083440368173699930e+00,3.458312571651956269e+00
6.480915175698640063e+00,3.401826108255527004e+00
5.204226753072416223e+00,5.727168138727764202e+00
5.035215389453204793e+00,5.722870256993549454e+00
4.866751495001475192e+00,5.674665947650197495e+00
4.783659272375420990e+00,5.664365174399668135e+00
4.535132275087065068e+00,5.648782904794290793e+00
4.449546394056957510e+00,5.677580245265993142e+00
4.200397687856190387e+00,5.650481233606033271e+00
2.988139157193723250e+00,2.987367331631836986e+00
2.697919151041716201e+00,2.998901242083408913e+00
-3.049486459282776951e-01,3.922774363577471446e-01
3.536698503484740908e+00,-3.177612896266876485e-02
9.434196025457637802e+00,5.230600374042472467e+00
5.625202025876732570e+00,5.784907110898780402e+00
5.281451022734605871e+00,5.747359512151875904e+00
4.865079638812418672e+00,5.726749062652082500e+00
4.699787934580371918e+00,5.725743489195462388e+00
4.617661070788577682e+00,5.712588315565566788e+00
4.451816038176185764e+00,5.716907103026075632e+00
4.290296958551938822e+00,5.673669517062416290e+00
2.690121616879940003e+00,3.090038831528677310e+00
2.681483044851980857e+00,3.026137377647007742e+00
-3.274838258876009989e-01,4.764894454165199411e-01
-2.591054526130081581e-01,3.932635140673986784e-01
2.796655580228688986e+00,-3.560218989277683099e-02
2.935510288295960279e+00,-5.058672925697260681e-02
3.138149737529143390e+00,-1.840322647163097902e-02
3.235169223546997763e+00,9.133615420721941103e-04
3.412557234269917750e+00,3.668558972765662007e-03
5.777270522067410319e+00,5.753194871554073053e+00
5.436423161459413400e+00,5.726888259087982824e+00
5.273376396304964686e+00,5.751884009405682008e+00
5.190152132308157640e+00,5.744800841704577721e+00
4.779731865645858058e+00,5.728598076077452639e+00
4.455602152288045126e+00,5.685207210793030264e+00
4.378795384594585727e+00,5.637026861355744600e+00
2.816723048697237886e+00,-6.051499597261345009e-02
3.052691403781838897e+00,-5.649903922901219899e-02
6.613304517362082358e+00,3.395999567177832024e+00
-3.087893727825015699e-01,4.233802977579178561e-01
-2.371158933314761463e-01,1.603903536308605438e-01
2.877286883849548893e+00,-3.698754101874521250e-02
3.093998639107296444e+00,-3.537709174258790723e-02
3.391675997896309802e+00,-3.028418681441497062e-02
5.165846105529100285e+00,-4.852274735263463201e-01
5.365459878346229061e+00,-2.402213776445770443e-01
6.420979553808459528e+00,3.410422015484712244e+00
3.960940898546978506e+00,3.169655194246020269e+00
3.924478527950324924e+00,3.159581424038073738e+00
3.693522164260805152e+00,3.108850099527305400e+00
2.931765747466033911e+00,2.986619209077467474e+00
2.415464126025877789e+00,2.970059890116482748e+00
4.968305472535368139e-01,-3.655894911437763684e-01
5.415420147358811498e-01,-8.808691645376288681e-01
2.822487066301410330e+00,-4.095261336615399483e-02
3.211985845202674383e+00,-5.794701470651530961e-03
5.050837400717025361e+00,5.670279361211530755e+00
3.694970391504273977e+00,3.081799297898891954e+00
2.649673840494664923e+00,3.031561670362169281e+00
2.620907690787717126e+00,2.992006030875502542e+00
-8.090929867663543273e-01,6.680642326682704191e-01
-2.996938373874452055e-01,4.492760789947316535e-01
3.008353049261920376e+00,-5.639919083085881413e-02
3.336848307504670874e+00,-3.057230540653563255e-02
3.556702988520424213e+00,-5.125302255981806221e-02
6.972341432852650733e+00,3.465208609929914640e+00
6.386843359578878498e+00,4.611648893076787381e+00
5.111497780557040294e+00,5.752605464936165980e+00
4.805477889046597006e+00,5.722808569456177885e+00
3.846352364444125094e+00,9.738327473284680291e-03
3.986941602559953335e+00,1.442866649374394128e-02
5.162022247085427118e+00,-2.424085415062881832e-01
6.507625822043821451e+00,2.262467864903641712e-01
7.204291072970331555e+00,3.457433310233985146e+00
7.048686962924064048e+00,3.463045847683569267e+00
6.395981734688772846e+00,4.571483966444983338e+00
6.409147760577485364e+00,5.885265233406505203e+00
6.247588389105912299e+00,5.921659402996781729e+00
4.572978106296209155e+00,5.642345140399650738e+00
4.426717585067233784e+00,5.625038297883257599e+00
3.116824288108994256e+00,3.000093113436507419e+00
2.425847540170309458e+00,3.023464182586613092e+00
-3.072579178921501786e+00,1.373783733889440528e+00
-7.516652207556540066e-01,8.040261538070999636e-01
6.462837995174994354e+00,5.935370257274779959e+00
6.381766339289177914e+00,5.952982093623439219e+00
4.921238163609479521e+00,5.708298789355874092e+00
4.775489200910785215e+00,5.644262387104291179e+00
4.344300559191045963e+00,5.613946854934558139e+00
4.201187433448774655e+00,5.596807006597361855e+00
2.399213978691336457e+00,2.990054905648284134e+00
-8.171955676554201187e-01,7.588205902671628644e-01
6.517571600908060425e+00,4.602365638539787085e+00
5.055042368303862332e+00,5.705663410313031925e+00
4.838091817057351030e+00,5.660415752220254504e+00
2.643921100207916375e+00,3.053516219647770313e+00
5.208781471468248547e+00,-2.254261089191692269e-01
5.699800045780375690e+00,5.775286658434183096e+00
5.324400388384121108e+00,5.732662352854593024e+00
2.385549981748962711e+00,3.010342426730411969e+00
-3.047227203272053320e+00,1.401571895946328139e+00
3.320722098612808537e+00,6.743309366718297504e-03
5.655708084658556345e+00,4.523267240051658256e+00
4.665988243661145063e+00,5.665471219381137402e+00
3.917392923329146903e+00,5.574756290540176629e+00
3.057383581465918265e+00,3.007710532778982593e+00
-3.110281057844385355e+00,1.588386478313104089e+00
3.197039431830993372e+00,4.701435094236067203e-03
7.026026579804121042e+00,3.425019311707905523e+00
5.131835214191181826e+00,5.722424810802438699e+00
4.585690889326966335e+00,5.670658309340171677e+00
4.183108123079058771e+00,5.619494889395536319e+00
4.115599650026007694e+00,5.612961115778349885e+00
-3.037067422344062351e+00,1.624994996352508991e+00
-7.999297834077097047e-01,7.826131359910120100e-01
5.263178748582809874e+00,-2.067008686362048764e-01
6.234843963799856503e+00,3.403374683171610293e+00
5.974891087970386927e+00,5.840749183813979784e+00
5.811074305765490777e+00,5.781595217230421468e+00
5.596892569137990492e+00,5.783131829696810833e+00
5.316141378281717067e+00,5.771743998981309076e+00
5.247618143690941039e+00,5.773204144588148345e+00
4.973630442606490121e+00,5.741023749816003274e+00
4.906691242658080654e+00,5.750462059939803972e+00
4.705680694353390869e+00,5.715763320136900028e+00
4.140211717567891192e+00,5.485766271153800666e+00
3.975118885698594173e+00,5.643171087558801702e+00
3.910542313425848793e+00,5.625282669547479131e+00
3.399059624889718911e+00,3.054339597203265644e+00
-2.996845684577004842e+00,1.566742943913816077e+00
-7.409216202588664313e-01,7.768757177092794342e-01
3.123046425057302233e+00,5.732326390200437327e-03
6.502895684012933941e+00,3.408651788049797293e+00
6.014163328974326816e+00,5.814688085337898826e+00
5.793519479517159176e+00,5.808231191760461876e+00
5.716252556322173106e+00,5.784195801675275916e+00
5.369067773458098713e+00,5.785450241207694688e+00
5.162244281156083581e+00,5.754398144997812992e+00
4.119958851804236488e+00,5.598630721498863316e+00
3.865401266472311193e+00,5.549302568644872480e+00
3.252849650798249392e+00,8.909326670470396614e-03
5.212633654899065938e+00,-1.891494133484573903e-01
5.742985459540958182e+00,-2.365059639230977229e-01
5.826786872898029657e+00,5.825434736478181996e+00
5.681971339086181239e+00,5.808651000315377289e+00
5.611106888451591779e+00,5.801145017630839895e+00
5.476361732381813674e+00,5.811714838834817876e+00
3.857295382147972074e+00,5.592705732164975352e+00
-3.102022758751712850e+00,1.799699556410032875e+00
2.890124493456010413e+00,-5.442565969643853308e-02
5.310789503808887702e+00,-2.160331901961386192e-01
5.947171203027389552e+00,5.829797381736634421e+00
5.871689593016562014e+00,5.814896275139531667e+00
-3.067996895811480940e+00,1.711352627024637307e+00
-3.480084370541865368e+00,1.255993835833848493e+00
6.067407509961050494e+00,5.859155177156322836e+00
5.993558867755495179e+00,5.852532162699871421e+00
5.047531091624861688e+00,5.755186207585608393e+00
3.642168130240311275e+00,3.043619353202623223e+00
-3.004789887084583722e+00,1.801788345677631797e+00
3.362973668342671196e+00,1.165099624147317159e-02
5.323366256960505360e+00,-1.833531763436260509e-01
6.116350183442053279e+00,5.864257213266887092e+00
6.047968563205429859e+00,5.871996611404815880e+00
5.559497491394789215e+00,5.822261192411191999e+00
4.381975990780883734e+00,5.674543438801297413e+00
4.322748760749176355e+00,5.665151952756589893e+00
4.084071128479227930e+00,5.636949093442574110e+00
3.845783580551408676e+00,5.596784630550793338e+00
3.788016282588070549e+00,5.579071173946689832e+00
3.729676531695554687e+00,5.563216973479842231e+00
2.403607760305704222e+00,3.051775413449331786e+00
-3.304661102723022381e+00,1.184135044084607680e+00
6.422494957198011001e+00,4.630767678271978660e+00
6.460419592513870768e+00,5.856912640875854059e+00
6.074821943748571762e+00,5.801255213129076438e+00
5.740870212964899189e+00,5.809877586737493438e+00
3.860101453201506772e+00,5.607005543323545282e+00
3.799133755812758029e+00,5.603029899712471007e+00
3.682520576889758868e+00,5.574614730162775977e+00
5.295421553070374543e+00,-1.970631851289371406e-01
6.508867851849482022e+00,4.588508426122725581e+00
6.674270393643533694e+00,5.908275968667712874e+00
6.588764378783738884e+00,5.894899044351154416e+00
5.640879275184553343e+00,4.506130586915053193e+00
6.126787758602649347e+00,5.845621540923534809e+00
5.930129782228051205e+00,5.868394975688988602e+00
5.522896105040857151e+00,5.797113942144247467e+00
5.093889077252136133e+00,5.763264854184876107e+00
4.799531644115731410e+00,5.751868258512240040e+00
4.393764357131852094e+00,5.707875527632299217e+00
4.106555281993506945e+00,5.665608759969758879e+00
3.698041820882266961e+00,5.608086524180430743e+00
3.643268216727217901e+00,5.586093609724637865e+00
1.360461265681435439e+00,-8.266284932722056666e-01
5.505878223133827021e+00,5.804085399416480939e+00
5.324304540936136476e+00,5.800885547011703558e+00
4.569937355702204052e+00,5.704958556791437374e+00
3.481533188971746906e+00,5.580455808082184888e+00
3.005031749502453664e+00,1.486893740102082639e-02
5.831933268462047515e+00,-1.926778915895026312e-01
5.375633797887705789e+00,5.824761839804748931e+00
5.254584299267127001e+00,5.800795969177003464e+00
5.140042821651944926e+00,5.807176879694916138e+00
4.966162509725114305e+00,5.771770368933465178e+00
4.194565233594601317e+00,5.659504188440740435e+00
4.028844500996503264e+00,5.643228322169639100e+00
4.282633050890050974e+00,4.424627243005430088e+00
3.804656288561944155e+00,5.619146722552469164e+00
3.746654492200279130e+00,5.616264848424965095e+00
3.582866849139973109e+00,5.572132928634878191e+00
3.519042535897372037e+00,5.578900997641168757e+00
3.443942028228928809e+00,5.609146800049233939e+00
-3.314164848875565283e+00,1.233583069468436877e+00
1.373794775493117459e+00,-7.475082540744185655e-01
5.109374664054817217e+00,-1.707109259383076394e-01
5.158710979054011325e+00,-1.660633416610387825e-01
5.306722634136846750e+00,-1.488906877371702075e-01
5.740527690083476742e+00,-1.902625597801916035e-01
5.416859384364586916e+00,5.813448730658914876e+00
5.244815944535857533e+00,5.810185374025007121e+00
4.529864545781208562e+00,5.701744680121464626e+00
4.183032276470698640e+00,5.528984130943212172e+00
4.048420621157881705e+00,5.653332889251412752e+00
4.157395210107447170e+00,3.856109892311820886e+00
3.610344959667428189e+00,3.100593644537260829e+00
3.542989209002986417e+00,2.232125098828043053e-02
3.645263701864490447e+00,5.614670726026144143e-03
3.699261247807084541e+00,6.160411557157380313e-03
3.750413133546104394e+00,1.237888365819173053e-03
5.785903350212350027e+00,3.939367180293182891e+00
6.769591308392826079e+00,5.946277531508304293e+00
6.213452763524589528e+00,5.854197745904010652e+00
5.837314981222718302e+00,5.877189444632317183e+00
5.402588161580351489e+00,5.798009240800721997e+00
4.062795722202554138e+00,5.653653732182404745e+00
3.412536036670091644e+00,5.555589060325516471e+00
3.556815785063530466e+00,3.331656820878992065e-03
3.722793690667431488e+00,5.259155917468200103e-03
5.405245474483312940e+00,-1.243765147475619226e-01
5.961068358365531061e+00,5.903562378393135468e+00
5.893469070190059611e+00,5.889551167229021722e+00
5.710446444782106390e+00,5.886059131984120896e+00
4.262100529688680695e+00,4.378161673184789215e+00
3.747473404970570243e+00,5.548310262616316990e+00
3.467002229501606969e+00,5.542327585087375219e+00
3.412767730669610255e+00,5.532172854978890442e+00
3.001369770087945810e+00,5.480981382832542437e+00
5.378128688636100385e+00,-1.722986931436986391e-01
6.467424181845678355e+00,4.570621086651229348e+00
6.760836461111395579e+00,5.894401826659533050e+00
6.251295155090010880e+00,5.879332218802443499e+00
6.178495265938576786e+00,5.865230543532451435e+00
4.092870843580731055e+00,5.598073505537470851e+00
4.041668419293491077e+00,5.594974626994434708e+00
3.994015425047220624e+00,5.577424286777219464e+00
3.793139900489289396e+00,5.540840025618581244e+00
3.626864514841537268e+00,5.544645522615936351e+00
3.573367679264974228e+00,5.537572223652113657e+00
3.521409743378047352e+00,5.525816457021663908e+00
3.295954988222972837e+00,5.503416041917469137e+00
2.914318075515372808e+00,5.492670955727364301e+00
3.234968363874465069e+00,-6.629373644199687554e-02
6.666406320079977910e+00,5.865426004414113770e+00
6.304993873213211586e+00,5.852586722460046964e+00
3.299556234320668580e+00,5.498553488764662767e+00
2.844647439554117252e+00,5.494407025677879197e+00
1.562066343137991975e+00,-8.854649731487683750e-01
5.064732339861028443e+00,-2.241681136124259732e-01
3.303513774563264782e+00,5.492730586376983304e+00
2.796543119972586311e+00,5.463714802087930700e+00
3.538207927633834959e+00,-6.676996780038696455e-02
6.621301716294401452e+00,5.909429883092053082e+00
6.529518371731190207e+00,5.877578243232350452e+00
5.153775111100848072e+00,5.696587562888788092e+00
3.685703285358244319e+00,5.543216447776488032e+00
4.166533278520931027e+00,3.787577090985371431e+00
3.742590074010280432e+00,4.328506333336981093e+00
2.854775224458467431e+00,5.483188856961970892e+00
6.855157720838766622e+00,5.912224006009621391e+00
3.042739390107145336e+00,5.510552354448553736e+00
4.306302155832613998e+00,4.319231701572459947e+00
5.651383073143493085e+00,4.486073412044491171e+00
6.307629510936749284e+00,5.846756345036554947e+00
4.298468914416745612e+00,4.348194507465728442e+00
2.995556968524207608e+00,5.482876974494164557e+00
-3.199896858596505300e+00,1.243821284606085875e+00
1.589557952152596210e+00,-8.431151570092283443e-01
4.152652319993331176e+00,5.585837125452117746e+00
-3.145328748605271674e+00,1.256584651175063794e+00
5.809524046024566957e+00,3.923563074826391883e+00
6.174485272625989118e+00,5.841692707224246384e+00
5.484166485666278845e+00,5.735055316846060514e+00
4.174229760415067325e+00,5.486144492356896052e+00
-3.188235613280685055e+00,1.251981093635542885e+00
6.622177887666302887e+00,5.898400666512172208e+00
6.446778244828231585e+00,5.843991401025045107e+00
3.805389837126056385e+00,5.528213524544673518e+00
2.918705173064688907e+00,5.501615640344350133e+00
-2.982649570427637009e+00,1.294933651279318809e+00
4.903042652610029251e+00,5.687757162740146200e+00
5.803343914289229133e+00,3.954583672518350301e+00
4.202555331882067868e+00,5.618310789537797945e+00
4.134163230265073707e+00,3.770347075945955417e+00
3.693096501672304299e+00,4.297415050675505555e+00
-3.186951813160906699e+00,9.748865132549042745e-01
3.114196727333158332e+00,-1.409144313178549435e-01
3.194767047641065005e+00,-1.142748939017923238e-01
4.237506085071048645e+00,-5.692898911993563016e-02
5.822477934806484789e+00,-3.885449459742082445e-02
6.059495982810291004e+00,-4.848884381708920555e-02
5.739793197002190261e+00,4.009452397849337046e+00
6.039572588537434505e+00,5.967720675046034096e+00
5.916447097887473028e+00,5.979963657706615976e+00
5.845802677236903833e+00,5.957401404020012947e+00
5.777864050955942687e+00,5.938110071771741438e+00
5.713885530000415436e+00,5.926980021223859474e+00
5.590159915876031782e+00,5.908668703021950463e+00
5.526770032145663869e+00,5.888025567750396760e+00
5.464133265732689537e+00,5.865157325908497477e+00
5.348957761095181951e+00,5.851078008853215273e+00
5.295406877101577869e+00,5.861142693531725456e+00
5.178610584587526766e+00,5.814116422366027770e+00
5.071664695220778007e+00,5.817444608088048419e+00
5.017129063459573324e+00,5.804747601002298474e+00
4.856699586810154123e+00,5.756867950953716395e+00
4.805027641797696702e+00,5.766354434644382465e+00
3.604382154049279752e+00,5.495275327461593307e+00
3.551644542097322166e+00,5.487751047277344973e+00
3.447247404518420044e+00,5.466937772661926154e+00
3.397528135502838609e+00,5.450116547895555996e+00
3.341459980144068087e+00,5.444751968061430247e+00
3.232170699239681255e+00,5.424486825792027567e+00
3.179719849158606948e+00,5.408833473434220274e+00
2.722295602407558857e+00,5.299349476128922376e+00
3.422922841203142053e+00,-3.062278836025535966e-01
3.503510977378610836e+00,-2.640028194312984411e-01
4.163175582378355166e+00,-1.682363630351343120e-01
4.432459088605534170e+00,-1.202484458519968713e-01
4.485682765000939654e+00,-9.837821287695386330e-02
4.537252002586286359e+00,-8.651542838797229851e-02
4.638220063172601826e+00,-7.804314878318496795e-02
6.584875968897235587e+00,6.003620531908377522e+00
6.128464101868398295e+00,5.928201900755098563e+00
5.939035516901634004e+00,5.935415869911217612e+00
5.691004501184254494e+00,5.926636261525612959e+00
5.617861851737945500e+00,5.878146151978321576e+00
5.553314366029146854e+00,5.853225694721181149e+00
4.178797860039010992e+00,4.321926544306493589e+00
3.134839642257322812e+00,5.438308709286704179e+00
2.768762694931670154e+00,5.383401344298778035e+00
2.369579984590300281e+00,2.690097538862650239e+00
3.329118758553454516e+00,-2.938113577138333765e-01
3.396738653998323532e+00,-2.869567893848848916e-01
3.475273497152505886e+00,-2.510181867013688839e-01
3.589062945995066478e+00,-2.748359078281829015e-01
4.561397664925206819e+00,-6.051004875141466344e-02
4.660919150918894971e+00,-6.124582608178896770e-02
5.600533469851419532e+00,-1.404644359860566516e-01
5.652638189542240177e+00,-1.289374187616098288e-01
5.693939489167230583e+00,-8.419566875227324498e-02
5.753762464516629649e+00,-9.554613856440244413e-02
5.923577529302662903e+00,-8.886481287985423250e-02
6.763214999132683758e+00,4.170547606308104838e-01
6.767839119038679740e+00,4.938513118494681775e-01
6.904744067756867665e+00,7.311190005303732642e-01
5.623371229030670548e+00,5.929707230571565901e+00
3.952431742669139769e+00,5.479023231930749915e+00
3.396051605766461812e+00,5.502572104418943510e+00
2.833574134537049982e+00,5.377228674774991113e+00
2.635100401204682363e+00,5.353120420731599438e+00
3.408674316386228753e+00,-2.811418201611447509e-01
5.706710100859051060e+00,-9.767120835295020620e-02
5.809507607813540808e+00,-6.990545421319807606e-02
5.858798992966464780e+00,-4.998975017058021608e-02
5.911533424844384932e+00,-3.846704237741466192e-02
6.013896647688581787e+00,-6.107921376502734034e-03
6.062408707053911883e+00,1.643430469680984274e-02
6.113634911435705810e+00,3.355104473808308285e-02
6.533518698954739357e+00,1.771623968429017759e-01
6.729208046649762132e+00,3.729505509565749222e-01
7.531221761858282626e+00,1.654625347346918574e+00
7.586916849285980646e+00,1.689370628379825989e+00
4.441104245900789671e+00,5.732558224159224558e+00
3.614046573754511549e+00,5.600228122223712468e+00
3.230608100027594354e+00,5.529716869338786367e+00
-3.095971863639705557e+00,6.978859136639572469e-01
3.213349736559456993e+00,-2.104321145355232126e-01
3.334100333050951104e+00,-2.294927695617020869e-01
4.342842389020455052e+00,-4.919351130630944535e-02
4.443177607196215462e+00,-5.059789291091273955e-02
4.493782249267009199e+00,-4.349768374299889384e-02
4.544117897962451913e+00,-3.450123139268165828e-02
5.477508444515144959e+00,-1.695061115278032882e-01
5.529479692037997829e+00,-1.582217031465887047e-01
5.888331795709255800e+00,-5.563982127948641221e-02
5.991240191669239046e+00,-2.409750901674442836e-02
6.151951029545494443e+00,1.460549482729883719e-02
6.208048140429652584e+00,2.454209545900148948e-02
6.429305877291754179e+00,8.147277859866856875e-02
6.493621734799059908e+00,8.439671363447093233e-02
6.532125081276092260e+00,1.277583209466781056e-01
6.598565891663328742e+00,2.265425753672152265e-01
6.617719102582816149e+00,2.928487562194309612e-01
6.649260094514152897e+00,3.408864591084851403e-01
6.770386533260927209e+00,5.294725760998787445e-01
7.372073836627404120e+00,1.655551119080524991e+00
7.408037867725808745e+00,1.748622252777813912e+00
7.431352850255552589e+00,1.793164275091847504e+00
7.477521209906528021e+00,1.829952060501752520e+00
7.510337280263303938e+00,1.978154597074157195e+00
4.347095282667766902e+00,5.724380770738721758e+00
3.303105898681470975e+00,5.530284534876067859e+00
3.202236074073837813e+00,5.488685608086430356e+00
3.080960124200598838e+00,5.478251884402832950e+00
2.657581156931418942e+00,5.389480016714649047e+00
3.170220009942227968e+00,-2.704443194454730914e-01
3.297464234491052082e+00,-2.819719671093889879e-01
4.329640292429777659e+00,-7.560250862930564808e-02
6.024776204132744617e+00,7.621975647471163073e-03
6.120936425736541509e+00,5.395132123984726358e-02
6.178630248388709667e+00,5.889342808204475754e-02
6.235125655346744011e+00,6.765389814781053168e-02
6.601348285842249197e+00,2.052847171676163707e-01
6.659053920969417284e+00,3.119547177923071568e-01
6.801526999119547057e+00,5.593803988209682387e-01
7.285091579984360521e+00,1.476016202717603365e+00
7.323812206695665239e+00,1.567997263022987253e+00
7.348310588550852174e+00,1.611531517636947797e+00
7.601506356603375814e+00,2.078913905627826075e+00
7.615345046846337063e+00,2.128401260859470678e+00
7.662045884845806398e+00,2.224008038941111653e+00
7.710798669169895092e+00,2.268104080730885652e+00
7.711465245234797372e+00,2.321152981501172441e+00
3.799530790102839006e+00,5.681152599543106696e+00
3.592665470228328495e+00,5.625641167029378664e+00
3.533062255140809071e+00,5.628984745001296197e+00
3.372683796105522713e+00,5.588517939719089611e+00
3.382746015747877699e+00,5.449284123190927254e+00
2.873644616906355864e+00,5.550532590584393411e+00
2.810712704905960813e+00,5.538694879655441383e+00
2.749395955315050433e+00,5.523072697330355219e+00
4.383841072331067679e+00,3.231233683520982947e+00
2.309646252126436483e+00,2.908184816971842945e+00
4.359168666665027558e+00,-9.223483521212577640e-03
5.483853233411741357e+00,-1.487133468305973094e-01
5.535202846734029514e+00,-1.363639558212147718e-01
5.626676868359488104e+00,-7.456469538443105671e-02
6.893381664877385795e+00,8.593031252650430440e-01
7.232159090554829639e+00,1.413337468682684728e+00
7.508180000277183908e+00,1.893463015057989418e+00
7.511837730237358457e+00,1.945283007528776142e+00
7.572318611771756025e+00,2.033563918810864291e+00
3.239945555670138866e+00,5.587605717825901763e+00
2.680114255202228346e+00,5.500855338859781618e+00
3.898961778490994678e+00,3.157980046669119023e+00
-3.191559565393917719e+00,1.199189893885025615e+00
4.322392890952300171e+00,1.326388876016465490e-03
5.278298239061678387e+00,-1.314170760493835466e-01
5.381456149390575483e+00,-1.189727179440632499e-01
5.533619798261017131e+00,-8.573336358057098705e-02
5.587246583326164640e+00,-8.407451795860451660e-02
5.740211517203657188e+00,-4.758013296964869188e-02
6.133381695849332793e+00,-1.769407899612920887e-02
6.989206058022624291e+00,1.052782018145744791e+00
7.129959166287849648e+00,1.255730776663850135e+00
7.279433463736857846e+00,1.511673401760215141e+00
7.066737261312357354e+00,1.862099793129899483e+00
7.562514394061275347e+00,1.993597260345765232e+00
7.678421701756780848e+00,2.177809797870427388e+00
7.709204617522132708e+00,2.225132443924362047e+00
7.893064255296931897e+00,2.581184055640536101e+00
7.764199741058459558e+00,2.695027468600521559e+00
2.793592050263395965e+00,5.549197973380566751e+00
4.335716542623793579e+00,3.209915876243435662e+00
3.846483443719415973e+00,3.163028499221897771e+00
3.754322679551395758e+00,3.161299995846293065e+00
3.578007606852735556e+00,3.114457263776559071e+00
3.332648230554248858e+00,3.078525054270210504e+00
2.756896539074373820e+00,1.086620917009800680e-02
5.025334728714024202e+00,-1.805387661965692503e-01
5.074851583303241043e+00,-1.554118156885513635e-01
5.126115177648737031e+00,-1.493039111741530645e-01
5.942891174175900737e+00,-1.232913750079983328e-01
5.992671122706477504e+00,-1.002021490256546354e-01
6.090461594385086386e+00,-5.057407251686552030e-02
6.268917826013270300e+00,1.857912752144593727e-01
6.299500531102348866e+00,2.366126580515314770e-01
6.330378971162375024e+00,2.851668136999904735e-01
6.420898690566112066e+00,4.251437193660201341e-01
6.504048155675749676e+00,4.824893687178268831e-01
6.535904995082235658e+00,5.236458990920329626e-01
6.565595189789876329e+00,5.667578584781206574e-01
6.638596923378750958e+00,6.352102231175795755e-01
6.669094674851188564e+00,6.758857698776815637e-01
6.730350836342388732e+00,7.555793596481471530e-01
6.846172059831986623e+00,9.172557913067269642e-01
6.963909395675459635e+00,1.622441096696330298e+00
7.551346348731861724e+00,1.836438095396760062e+00
7.588428179437022081e+00,1.878772693731812993e+00
7.624878870776408135e+00,1.922114866402018896e+00
7.725350028786372114e+00,2.059275859206241677e+00
7.749264325791719088e+00,2.108664804479420951e+00
7.792920956525060561e+00,2.154407735896094245e+00
2.788727394738371057e+00,5.556780864654443874e+00
3.191209624760469765e+00,3.051641217836508435e+00
-3.049026648005674467e+00,1.369069490431566116e+00
2.744302921769631531e+00,-5.943869154202363614e-03
3.487567680013888172e+00,4.042406993724247111e-02
5.989159336150464696e+00,-9.300399043709187130e-02
6.194503975300145626e+00,1.016297651855254947e-01
6.698499707775886769e+00,7.167331834188448436e-01
6.796833823815161324e+00,8.284262972644652612e-01
6.952529628531355144e+00,1.019846134395048232e+00
7.090485773076860454e+00,1.223473855793052900e+00
7.371321445018742757e+00,1.578644209231612416e+00
7.518245012256417503e+00,1.793098983262727764e+00
7.549337256104833749e+00,1.836741001528266359e+00
7.645173809592050951e+00,1.970436185698177356e+00
7.802184699271778712e+00,2.533202174511577809e+00
7.746096875632783707e+00,2.713019514556302969e+00
5.247515769224212256e+00,-1.483078086844033805e-01
5.557847547549675582e+00,-1.033438089933166326e-01
6.001233188793670514e+00,-7.548861766321676714e-02
6.254798634651540290e+00,1.387762963638875524e-01
6.416612630175752230e+00,3.713382316137631145e-01
6.480137314876180277e+00,4.574573302878911507e-01
6.551566320126010368e+00,5.301947089387267775e-01
6.643179236426943746e+00,6.544826771895940754e-01
7.499499935874367473e+00,1.763760643537445327e+00
7.779701248555580761e+00,2.606263577834349476e+00
2.681935406650132414e+00,5.485079183281694526e+00
2.571804537756285036e+00,5.432122309820066164e+00
-3.373490792186727649e+00,8.431305011320363585e-01
2.947279678779540557e+00,-1.498731174568434243e-01
3.235031702034065759e+00,-1.177381364148788190e-01
5.998081547459221952e+00,3.825166905374292881e-02
7.140723961565502265e+00,1.316345171269852399e+00
7.442791037755123185e+00,1.828157829825918679e+00
7.478037439270189601e+00,1.868940224055880339e+00
7.546317022658058704e+00,2.006282577747689810e+00
7.574964973395658774e+00,2.051188113195944851e+00
7.807230439796260413e+00,2.487379821112896128e+00
7.873512545301097454e+00,2.699949602704474483e+00
6.086033434705291789e+00,3.420975408132851392e+00
4.296829561707112610e+00,3.201367907700458648e+00
3.721600404712905874e+00,3.150028457489711275e+00
3.661341038223895783e+00,3.150126593891198645e+00
3.280949748540947120e+00,3.058188664334427376e+00
2.288286958328641596e+00,3.023398775349525724e+00
2.846167506525390412e+00,1.691434718909556878e-02
6.219267408823240473e+00,1.861660558583065894e-01
6.481049944573827659e+00,4.440106698848937938e-01
7.589386065082329935e+00,1.942477072854937648e+00
7.698617596520207051e+00,2.075581841610702583e+00
7.754669347535749324e+00,2.809572869867026590e+00
4.237791774229580533e+00,3.209392059071599856e+00
3.517149894424306922e+00,3.106078382460038867e+00
3.224489309527138747e+00,3.070294226064026244e+00
1.476533741348336592e+00,-7.777872710423278102e-01
2.698937630723436953e+00,2.038752546776523289e-02
2.971646061327720911e+00,1.092767151969403772e-03
5.712606025002376242e+00,-1.031472613842172315e-01
6.169540479824246582e+00,1.631115411569722673e-01
7.683405238689272387e+00,2.021946953724989893e+00
5.769456212225571257e+00,-1.026881902600053353e-01
6.248059791872945468e+00,2.360880113729036944e-01
6.596598314704322341e+00,6.184999050755339844e-01
4.980972152116366125e+00,-1.791023910948163766e-01
6.134682312193997511e+00,1.197374759783208092e-01
7.754937970761877075e+00,2.702942250088250731e+00
2.703689089356338560e+00,2.308854738903759474e-02
4.092576539388633527e+00,5.015045665517978146e-02
5.186500286851528863e+00,-1.417910013800867952e-01
7.750932431684820934e+00,2.757514918047609953e+00
6.096840981278917049e+00,8.366268039103934295e-02
6.786183404004688668e+00,8.531811852991157963e-01
1.325152913319324943e+00,-7.029123947866114941e-01
2.909914880695283479e+00,1.873836672352108268e-03
6.299307107765025115e+00,2.598469384114492908e-01
6.391378818030348796e+00,3.995438869667347070e-01
1.320203352292411259e+00,2.753444603582982264e+00
3.987662923668057413e+00,3.202142428626423953e+00
3.329683683982151976e+00,3.109499282850688662e+00
2.831648261713219039e+00,5.112096468144733397e-02
3.425448781615712424e+00,7.891110697220964088e-02
3.475396188164961764e+00,6.177289414107223209e-02
3.642056192173556806e+00,5.482232444974546870e-02
3.698445051504071213e+00,5.844027648754192283e-02
3.755052492682805720e+00,6.506793226188865853e-02
3.910678392906459688e+00,5.631946297753187558e-02
3.961989108049533748e+00,5.471232875103033966e-02
4.900010473972921332e+00,-1.795830975236707705e-01
6.340137217064476083e+00,3.279888614876926289e-01
6.438847703083419916e+00,4.529625176688245602e-01
6.466024547066325567e+00,5.004800149429747824e-01
6.540268284549610733e+00,5.674503059347573153e-01
6.980017701881137349e+00,1.100631350117362572e+00
7.671286911576585155e+00,1.946575397636502558e+00
7.759839585459804567e+00,2.089776416927843883e+00
1.273441445587477849e+00,2.805910180828422806e+00
3.743090076494457019e+00,5.576169360344816750e-02
3.899491499980373366e+00,5.144942454053533232e-02
4.888868938969308964e+00,-1.726181043425240869e-01
6.130507493549844256e+00,1.632502348365454936e-01
6.304587817254629911e+00,3.709010511145360289e-01
6.686701789384192907e+00,7.698567692303995846e-01
6.721508826313373319e+00,8.047773332250630629e-01
6.936254595383879895e+00,1.073967581149241068e+00
6.995303586187613831e+00,1.152355533377226404e+00
7.769561902167492207e+00,2.273586344911020518e+00
7.733856013596110301e+00,2.387608281770340568e+00
7.743767533651396029e+00,2.493799680283200981e+00
4.193733749835790725e+00,3.207604680640319117e+00
2.895186560284721988e+00,3.020048431791997334e+00
2.294467251783828932e+00,3.060368535454492722e+00
5.410856285973535407e+00,1.842866028081412699e-01
6.649465133984054255e+00,7.301944364753124583e-01
6.899395984392088010e+00,1.039719930195858844e+00
7.130034878103141516e+00,1.362797697948116005e+00
3.040012647847648353e+00,3.039033801627502474e+00
3.069780290041536741e+00,2.805618189637071325e-02
6.183481819988005945e+00,2.275665679452616441e-01
6.278227732039814768e+00,3.665697230197023648e-01
6.749635607998060394e+00,9.017946818235720308e-01
7.035396304537470336e+00,1.252552868829605037e+00
7.099165715161607437e+00,1.332312268340618555e+00
7.163002495118782065e+00,1.413279441893568134e+00
7.614611652008594689e+00,2.030446912493641953e+00
7.769490349261091389e+00,2.225128457118396241e+00
7.733290019449395203e+00,2.400126831854494380e+00
2.937858654187043062e+00,3.033671763200797233e+00
2.627535263245820651e+00,-3.083626117879997852e-02
6.533780683873267492e+00,6.061814540303241960e-01
6.588827172366804596e+00,6.977464026419492038e-01
6.685413757565298098e+00,8.183228483001225850e-01
6.788428888197058697e+00,9.326915575723254692e-01
6.881412431830733034e+00,1.055417614436411355e+00
6.996010689926410286e+00,1.225775957742729405e+00
7.699100746332110390e+00,2.108205925118198376e+00
2.987599534302820992e+00,3.036752338926739458e+00
2.245981215398282327e+00,2.980484526822903657e+00
3.191356464094877055e+00,5.010868031006938950e-02
6.925945509321159044e+00,1.111186364574190621e+00
6.743327620790079635e+00,8.595588379704549586e-01
7.323348749795410839e+00,1.651426032706696523e+00
7.730963543547383132e+00,2.197480938403763684e+00
2.694013319874245749e+00,-7.958570606647377699e-02
2.863463598839310897e+00,4.451678453273877345e-04
5.853892815448739739e+00,-1.064194370783858867e-01
3.464268826623568387e+00,-1.828396858863570729e-02
5.412840332386607223e+00,-9.545481516501763686e-02
5.472356995746516795e+00,-9.730000216206224906e-02
5.540958475145929540e+00,2.401086597816795010e-01
6.315575938660572319e+00,2.084000853815296816e-01
2.884101491056319411e+00,2.927255631406560532e+00
3.042460017359356339e+00,-1.027137919522184695e-01
3.336259777630763868e+00,-6.593420755359338803e-02
5.393262181015831658e+00,-6.881305014330874048e-02
5.501789599071341463e+00,-4.989344896341821323e-02
5.559115681884126303e+00,-4.518893943947244196e-02
5.664704281521927953e+00,-1.369110393524081148e-02
5.784009018847607209e+00,-3.441472777216680878e-03
7.486855926774959258e+00,1.910077911726809186e+00
7.623759844557464582e+00,2.185115959867856450e+00
7.859021277585421572e+00,2.531956936190436380e+00
7.758915909043752279e+00,2.970585183749259173e+00
3.052252229972094000e+00,-1.067798216406659340e-01
3.292437871192453347e+00,-6.655319967511511003e-02
3.457543156875253043e+00,-5.156007882124527542e-02
4.352863876118021835e+00,2.602690848406638557e-02
5.786499223186262419e+00,1.408889351037273530e-02
7.492982693971325325e+00,1.980972806138489695e+00
7.537510987110054295e+00,2.091669465719893761e+00
7.568208919289516778e+00,2.146058901387207118e+00
7.628878680651324906e+00,2.257149958225316055e+00
7.655005288495014604e+00,2.375127582738482790e+00
7.838743534073463692e+00,2.672093760589025813e+00
7.877585360105069157e+00,2.735040432921882037e+00
7.776570280262173007e+00,2.921720192191745280e+00
7.739578229200637871e+00,3.043253578196110531e+00
7.728982979880567150e+00,3.104088825673299912e+00
2.875570953886104508e+00,2.979134334786224247e+00
5.609826941677475531e+00,2.864297183235955391e-01
7.435363691310535650e+00,1.853440061692173124e+00
7.843665148600131864e+00,2.586279301803300346e+00
7.845993427624747163e+00,2.649521290172834664e+00
7.746349251916971212e+00,2.898517090384507444e+00
7.747235994709619433e+00,2.960249762908906845e+00
7.714897590146243544e+00,3.081010471785836646e+00
1.301643897977439845e+00,2.744184066214015782e+00
5.022501938681150691e+00,-2.081437858905892668e-01
5.413017001816937679e+00,-1.764767282315944652e-01
5.588410252980151149e+00,-1.608065442705671477e-01
6.017629957950327402e+00,-1.048584657811182652e-01
6.202192748470118921e+00,1.393863572597326406e-01
6.529947812355678671e+00,3.464677024925855164e+00
-3.391139918148703192e+00,1.241848413294996067e+00
5.780692401253840984e+00,-1.525436543098521447e-01
3.144288226071062287e+00,3.083323379976946388e+00
3.065781841043679012e+00,3.063821416054440583e+00
2.997470961949799673e+00,3.059489746112319164e+00
2.893921249321108391e+00,3.061049292721588433e+00
2.488133158747535933e+00,9.685202714971487270e-02
2.606129236611143263e+00,7.821185322830841169e-02
2.684157321832609799e+00,1.040480660464147278e-01
2.857648672501362341e+00,9.130326834617516485e-02
2.912648456725782875e+00,8.496714932645998974e-02
2.970000692580435420e+00,8.516695942200047664e-02
3.236042920331829276e+00,6.512317393241930097e-02
3.285693930614810743e+00,5.589629283895125589e-02
4.745458001454192498e+00,-2.656400561129537152e-01
4.854121837725906552e+00,-2.631225625351379938e-01
4.913085281413068550e+00,-2.798907358178548410e-01
4.965399864192192148e+00,-2.654127988449315190e-01
5.020497038564056602e+00,-2.616313306122086679e-01
7.061172032839512447e+00,1.102105346573471589e+00
7.618300205574016104e+00,1.703344687654888778e+00
7.663416691989970886e+00,1.819665924815326186e+00
7.737330596789969483e+00,1.865222779098574923e+00
6.598880812690786968e+00,3.207206226331067889e+00
-3.227791263385737963e+00,1.379067737746578315e+00
2.654413874173373600e+00,-1.206469159916143119e-02
4.934116347446154904e+00,-2.297567404095901822e-01
4.988278995859194431e+00,-2.255879621044995231e-01
7.253257028169861620e+00,1.365844037055370164e+00
7.512010633265433057e+00,1.709997519707544322e+00
7.653949167633404826e+00,1.859730268976436340e+00
6.591917358281989436e+00,3.274041380384430155e+00
5.497020453513424165e+00,2.036008904085667148e-01
3.456675953055700745e+00,3.100267371337598554e+00
3.035983580573248908e+00,3.058866308012059498e+00
2.306654128086132793e+00,3.108039275158135162e+00
2.575403521214821634e+00,7.307270224131001690e-02
2.705884960076356371e+00,8.078103276800488453e-02
2.763715984572417739e+00,7.495181896235439400e-02
2.839795789503897883e+00,1.057811112457685693e-01
4.881940635167241638e+00,-2.478954190491663157e-01
7.418028345797821999e+00,1.551481981390923304e+00
7.632754136735185213e+00,1.800638927734897976e+00
7.708561631816957416e+00,1.909509548128683898e+00
7.615016145654760038e+00,1.880937273235281593e+00
7.810161001261056057e+00,2.158131644236108926e+00
1.238443815877637189e+00,2.874628305968824460e+00
1.576292972213634958e+00,-1.265845012289908533e+00
5.087253339425424237e+00,-1.442199407237811093e-01
1.396265418656313928e+00,2.718672303691515246e+00
7.682094692656638912e+00,2.582670389145412138e+00
7.699336484386188673e+00,2.643998564382738614e+00
2.803126613093446906e+00,2.989363177322860832e+00
2.793717132043691098e+00,2.980900582580011005e+00
7.097297049164783544e+00,1.365551420856844445e+00
2.841989089484456610e+00,3.002614259797856011e+00
5.435613727885233892e+00,2.099561765779210942e-01
6.347725087958053791e+00,4.043530451801656822e-01
-2.351185446434292725e+00,3.541748327789236761e+00
2.575907466839405302e+00,-3.279876147554455779e-02
6.648993571548786896e+00,7.776245354099706741e-01
6.946065781557334340e+00,1.167426945563153851e+00
7.691129987642812083e+00,2.710567238960821079e+00
2.513143436990727508e+00,3.025430035192074207e+00
1.231500532380080948e+00,2.725017836013267303e+00
2.598974540048261783e+00,-5.802882245968080110e-02
7.169621514217289437e+00,1.503979764651807383e+00
7.204042312750156718e+00,1.560111581073003073e+00
7.326643223232222724e+00,1.794347530988142037e+00
7.681390151615348216e+00,2.280535826739215732e+00
7.647342405862264769e+00,2.491938367658923514e+00
7.645215548861467703e+00,2.698765184234577674e+00
1.179891091026645356e+00,2.848956073526097921e+00
1.480269937552421977e+00,1.623138873494094359e+00
4.107356475675978835e+00,5.617631507591465401e-02
1.167631641261543507e+00,3.188717742563808688e+00
1.201354763809042714e+00,2.841470332537716192e+00
-3.654327534407863176e+00,1.268647024942002544e+00
4.103325128943515754e-01,-8.505456832231964581e-01
5.036053517053127315e+00,-4.383861740491790115e-01
3.977378097824479930e-01,-8.861682354783627646e-01
2.606640578994637192e+00,-5.815585858968858046e-02
2.712730717314211670e+00,-5.110085496087796164e-02
6.890106018896805296e+00,1.143923703749444520e+00
1.155485848665619653e+00,-7.807067530541543787e-01
6.449106605696075967e+00,5.024369906989326617e-01
6.691211468039412580e+00,8.873944913570457338e-01
7.239708443119964976e+00,1.606375923166824871e+00
2.577865715951250802e+00,3.067172857506263561e+00
-3.435571124536945131e+00,1.251491225766806492e+00
1.355860112929385464e+00,-7.630305665815865224e-01
1.485591197281495690e+00,-8.131469383096313619e-01
2.761259304020708516e+00,-5.862588304240720638e-02
5.675680823462406543e+00,-1.565809803433189928e-01
6.239203363181278661e+00,3.622223761121190488e-01
6.279431441709331096e+00,4.122896008265811707e-01
6.486632218664606597e+00,5.831697880163623227e-01
1.120540770506566419e+00,3.148827891496439157e+00
1.153628174711652576e+00,2.799844602139091254e+00
1.323361075115953467e+00,-8.137799595454477952e-01
1.412423701006518595e+00,-7.944246494006457215e-01
6.792913609538001829e+00,9.625660121159225202e-01
6.989152698051367629e+00,1.252410159153402036e+00
2.560282886220334841e+00,3.101926028965437787e+00
1.261093983999930224e+00,2.707795739495373333e+00
1.402703568954519087e+00,-8.023585256457812509e-01
6.497734721435779015e+00,6.012457020273310748e-01
6.576857988947570455e+00,7.123247746747866094e-01
7.143036283635906258e+00,1.459643640561793410e+00
2.529176230552049098e+00,2.999643970523513836e+00
1.116953346181283502e+00,-8.087611790833671987e-01
1.273028614569299721e+00,-8.117179892999346613e-01
6.640898988802196534e+00,8.008625631070691586e-01
7.045521912156065270e+00,1.318715128316851226e+00
7.799210006876562407e-01,5.231294602207400501e+00
7.929544644549944010e-01,3.394031289426177267e+00
9.680966131204093994e-01,-8.076426626734426462e-01
1.194748350257102354e+00,-8.277013196296261199e-01
6.517045480363393928e+00,6.650799494230399400e-01
6.939865935665940455e+00,1.250300348954232588e+00
7.080591593512019166e+00,1.434460716237643485e+00
1.008745337334828518e+00,3.523057634237659386e+00
8.223717867411521887e-01,3.389095994844816051e+00
3.337246026466647031e-01,-3.355688702884815910e-01
6.347893869048804483e+00,4.981135352293690755e-01
1.579649281111605408e+00,3.897243338014280578e+00
1.305292095214575898e+00,4.114218480923342192e+00
1.233741335170548625e+00,4.074917558357283198e+00
1.004410457116897915e+00,3.586024112825021426e+00
9.880311472960456864e-01,3.511039317660076708e+00
8.264001760004739960e-01,3.416018298033972833e+00
-1.640031820078067026e+00,3.611997004650600029e+00
-1.410569435351531231e+00,7.321572419046497027e-01
9.403468790012230460e-01,-8.494422896958789826e-01
1.029490947811563695e+00,-8.304656103957115398e-01
1.160867940586583824e+00,-8.722096125184349846e-01
1.249312412237737702e+00,-8.443414026646277604e-01
6.685803316189018020e+00,9.347575791350875019e-01
1.374472688430854905e+00,4.182197455007798936e+00
1.607608544324129030e+00,3.888958978873512606e+00
1.295346285698987243e+00,4.099277125534426247e+00
1.070072891329458598e+00,3.618706626023294071e+00
8.667545404311070012e-01,3.428893334305417540e+00
3.981490420021948085e-01,-4.014562998285829964e-01
9.856242797804153355e-01,-8.722516971161472510e-01
1.137649847148175519e+00,-8.762933843859771477e-01
1.054492652869468472e+00,3.658805907812506586e+00
-3.863993907736836597e+00,1.934385484104013342e+00
-2.893631264422486526e-01,-9.929969613010168894e-01
1.085136198090200566e+00,-8.550724503280270339e-01
1.275180226714538456e+00,-7.709435467682760335e-01
1.348919752565278296e+00,4.172404138894417081e+00
1.161625915916111751e+00,3.147614857087134066e+00
1.212555844075324130e+00,2.794845328458718914e+00
1.026305875639657250e+00,-8.790820862817992909e-01
1.255241182704015745e+00,-8.750519905028902867e-01
1.314721263421388064e+00,-9.055300844626489321e-01
4.157992579566596625e+00,6.438280028011376943e-02
1.209246057796838469e+00,4.024710116944699934e+00
9.928024389700322860e-01,3.496951479682500974e+00
9.833374690584220090e-01,3.421401684979251012e+00
7.892321845265561908e-01,3.296873482347292494e+00
1.118933179270052536e+00,3.084241982407015747e+00
1.182398904233452397e+00,2.729398535164667905e+00
5.525593608922130251e-01,-5.261757976484106036e-01
1.689443561481680067e+00,-9.138075498350476389e-01
1.755026737319718810e+00,-9.206575983937864693e-01
3.811421632407577142e+00,5.968444116583943027e-02
4.050985610163357009e+00,1.028589763530536327e-01
4.105716259116724665e+00,1.004202316051635291e-01
4.154469589936711671e+00,1.115843582582588950e-01
4.249950715046454164e+00,1.402448525750408237e-01
4.300554430492365299e+00,1.507685719670612268e-01
5.350917292185087604e+00,5.221009630458771367e-02
5.426797109557531584e+00,6.411459745760679507e-02
5.633096690009639751e+00,1.318292804873330004e-01
5.708158997414748193e+00,1.522587418530859660e-01
6.637243141263519774e+00,8.581993888606544996e-01
6.735704720117290378e+00,1.052206155674047183e+00
6.798301035554135119e+00,1.183773113569297486e+00
6.876221760848917341e+00,1.234135620632368813e+00
6.974403061235240564e+00,1.436103399502285383e+00
7.154010142151205898e+00,1.623960155036320518e+00
7.542753110626640556e+00,2.204211879903120064e+00
7.548766686248278290e+00,2.285705583079403524e+00
7.641484634760700168e+00,2.446393998510702161e+00
3.946149905369329858e+00,3.310275965777725204e+00
-1.646948020293271586e+00,3.553084136698706708e+00
1.602054981768109787e+00,-9.030794394858215890e-01
3.553057369682718569e+00,5.400269895381562546e-02
4.040362305139714394e+00,8.689139467869783084e-02
4.290964057976546897e+00,1.338350084719934774e-01
5.366322350611987702e+00,6.517068007788034967e-03
5.858226668020600769e+00,1.706240687849316373e-01
6.019838917657888366e+00,2.165684126726589720e-01
6.137566481838395482e+00,3.019188638374765143e-01
6.559411752787031702e+00,7.894736329522985541e-01
6.638236076462358248e+00,9.109932726670247893e-01
6.743300183763861533e+00,1.101608622033406260e+00
6.845707414527613999e+00,1.141247149543456185e+00
6.920816449724876307e+00,1.349554686714282470e+00
7.157216345698309112e+00,1.676200760787687427e+00
7.532892650073293339e+00,2.342118739467566879e+00
7.633655711604319549e+00,2.503097436020975231e+00
9.944843511304339856e-01,3.567167441251247073e+00
-1.564776297787013215e+00,3.655338952079409065e+00
8.549801188340779845e-01,-8.362027121597918056e-01
6.468774371121466693e+00,3.516374853550695345e+00
1.130032462391928449e+00,2.787140967107996747e+00
1.230008673733846258e+00,-8.558211782850794203e-01
1.336833707113349590e+00,-7.820790326883730881e-01
1.006179820969471672e+00,3.601930572041069478e+00
-4.719588953518317198e-01,4.564496110107144622e-01
9.262851000297929183e-01,-8.542911743134488090e-01
8.504998650532882287e-01,3.471061389829355637e+00
-3.506766115283206364e+00,1.304179352002387438e+00
8.677350315794563063e-01,-7.974164402272951868e-01
3.869371932927917701e+00,3.201025075711514400e+00
-3.543673333977988560e-01,-9.461767853553290086e-01
2.566611326894490674e-01,-8.332280313469340172e-01
8.253141763766329575e-01,-7.650361645772374430e-01
9.695307870519027649e-01,-7.881883957468446278e-01
1.154707894787840639e+00,-7.246176101280508153e-01
1.218975418147903556e+00,-7.415149389327051477e-01
2.478331194473769816e+00,-7.097209329469569838e-02
2.525666769657731514e+00,-7.046745705662327275e-02
4.862735076905169151e+00,-3.010472254281035820e-01
7.440297716097019176e+00,1.413522098432048679e+00
7.505789376799934409e+00,1.567715424735200980e+00
7.578736526510534866e+00,1.637510268720253848e+00
8.522319190991194393e-01,-8.504435061560299269e-01
1.051608277115831269e+00,3.573785036554020689e+00
1.710873503800637074e+00,3.115234118679190534e+00
1.528796910062215186e+00,-8.314764474390282656e-01
-1.655422668444690215e+00,3.686252579367416349e+00
1.136586007577987889e+00,2.814131314705751841e+00
-3.512608485363430511e+00,1.204845316072733041e+00
-5.009025057552896065e-01,4.706780374444182735e-01
2.628170015300189011e+00,-1.014016127383460808e-01
9.327756392903012728e-01,3.453419283702032327e+00
7.982488201752064860e-01,-8.624112451833866322e-01
2.570021030223660130e+00,-1.017374383228272505e-01
7.622685056858051755e-01,-9.072833671625001317e-01
1.097857491220383119e+00,-8.331687844048093483e-01
1.361387631555462496e+00,-8.663133686249518961e-01
1.021895223996967861e+00,2.676961078598327770e+00
-3.702229659608524681e+00,1.185375997318440122e+00
3.427819577057237277e-01,-3.656644217293358867e-01
7.379866758304024721e+00,1.821439552859510203e+00
4.194048484366247331e-01,-9.200804642332433003e-01
7.450528662382107647e-01,-8.996249765373655061e-01
2.669774277813983243e+00,-1.115412478794389484e-01
5.018941460416296074e+00,-4.601261243830161440e-01
8.552109981044491160e-01,2.663756162097475233e+00
1.106846322088902657e+00,1.651540642380078250e+00
7.282583726134976843e+00,1.713355296465557842e+00
-4.831659074931954900e-01,3.749910314778653886e-01
4.925136482920231540e-01,-9.414568400434860651e-01
8.135835973499974116e-01,-8.935466749167896294e-01
1.423787865695355315e+00,-8.597875596705192303e-01
1.022399250720087860e+00,3.668867970408281387e+00
8.344612186417430522e-01,3.460783999735725924e+00
1.088886910977699074e+00,2.688727144042703632e+00
9.766118712658444778e-01,2.689273152136522071e+00
8.369458579437225598e-01,2.664689191428311066e+00
7.271121343854394237e-01,2.654732308139261754e+00
7.195243700482982785e-01,-9.019950907454131750e-01
1.331096381997136646e+00,-8.628557921314076173e-01
1.452115338194242211e+00,-8.722214552175661106e-01
2.546927968373419393e+00,-1.169194856794028847e-01
1.742868732930655251e-01,-9.489291156344258349e-01
3.115332279783903369e-01,-9.858996937904144220e-01
6.420703501928458623e-01,-9.262854730039850049e-01
2.488560328115830611e+00,3.076284896812895298e+00
9.042742375424523971e-01,2.676261424179230186e+00
7.077364036632751709e-01,2.642686354010155281e+00
-3.565020926892108921e+00,1.169863892739880562e+00
7.381421756411705726e-01,-9.508848140774966984e-01
8.202081652062229722e-01,-9.166536196899800482e-01
1.204649745261946236e+00,2.684677344031931590e+00
1.121456089069488460e+00,2.694598878405548792e+00
7.883482236673542420e-01,2.656524808433265772e+00
6.983428626233666447e-01,-8.967967712584229423e-01
2.243897662570240481e+00,3.000994272098155946e+00
7.427520963555697131e-01,3.368054420069881871e+00
6.495024330770826637e-01,2.633658155583395999e+00
3.044672946087666476e-01,-4.292927171554371535e-01
4.240639395317629123e-01,-9.707668234416352293e-01
9.822774086536767424e-01,-9.070620319191556868e-01
6.520084411756790210e-01,2.637882553259802698e+00
2.899863073702757532e-01,-9.604505779682771527e-01
3.552615818705134876e-01,-9.737484998849640361e-01
1.161318239697667787e+00,-9.013812537023010441e-01
-5.452463954257407153e-01,3.673040658285897653e-01
1.118453400889268812e+00,-9.295353251447305842e-01
6.449468318233211761e+00,6.511269936972898797e-01
5.663545591892691355e-01,2.630328375728832047e+00
5.307362623460905038e-01,2.616538221623144089e+00
1.813373397702069123e-01,2.615967968077527406e+00
-1.715149478173694786e-01,2.579649408880699379e+00
-3.471346976133352857e+00,1.192153002993178390e+00
1.091523656404107090e+00,-9.418367790380813842e-01
7.500735841972494544e-01,2.646356466012604436e+00
-3.430933973346872889e+00,1.835715434516063338e+00
-3.190168533810297524e-01,-9.959289220064103665e-01
7.895760294390488099e-01,-9.582245650262509740e-01
3.468066493075622758e-01,2.627608141995599667e+00
2.172775843266311624e-01,2.640552515100103026e+00
1.469256130887073852e-01,2.633340068719615790e+00
4.876642591937024873e-02,2.602200915088505706e+00
1.631580548086432603e-01,-9.877838867118661215e-01
8.620266147504622722e-01,-9.609079735239055564e-01
8.056322833984013165e-01,2.649530568407241216e+00
2.711112685860049831e-01,2.627816216298510366e+00
-3.415232521551394118e+00,1.864934665670251901e+00
-1.466803593304395248e+00,6.715484552647662531e-01
-3.614517989721237057e-01,-1.016336836919546904e+00
4.220676403914516150e-01,2.643918784435352887e+00
3.396744705486526295e-01,2.660952664610085172e+00
-3.379808235571252428e+00,1.462347942994619121e+00
3.648780681264079950e-01,2.656819056033980608e+00
8.670795919614487923e-02,2.618817856687408963e+00
-3.427507714291896157e+00,1.639345259581626468e+00
-3.414871496238848447e+00,1.388488022554970724e+00
4.411175930931831024e-01,2.653629280096266640e+00
-5.075935105264106628e-02,2.626134961975679527e+00
-3.447924349410782963e+00,1.483727076848568860e+00
-3.452963437616076270e+00,1.399368001042262666e+00
-3.547758026283625465e+00,1.124586113122994835e+00
-2.623856086355624839e-02,2.621580632114171472e+00
-1.039278430465752079e-01,2.603135735936880746e+00
-3.494056964893268447e+00,1.822044534215682354e+00
-1.681223569972615461e+00,1.122099797610334404e+00
-4.664703822642572439e-01,-8.759916953947334273e-01
4.575626453961064710e-01,2.631807563377218440e+00
3.875293293541158812e-01,2.648638130136577118e+00
-2.065510446100959352e-01,2.588663237038250298e+00
-1.460084143620175023e+00,2.459867568795207404e+00
-3.444304736014203616e+00,1.596861922791516841e+00
2.704758687386175087e+00,-1.034813434076732319e-01
-1.413256829121050662e-01,2.596975258583768209e+00
-2.691197247473008924e-01,2.573761024434381817e+00
8.552378583197892681e-01,2.070796628843177611e+00
2.769427719051769543e+00,-1.036268236358212080e-01
7.994292426144087305e-01,2.060315281477100857e+00
-4.589288429884941789e-01,-9.300058998192058946e-01
-1.481642294833177109e+00,2.423440429960975973e+00
-3.484406987074180062e+00,1.866650933494445441e+00
-5.272958075168253878e+00,7.905345196981496958e-01
-3.842168095797716454e+00,8.350483616815409516e-01
-3.847318773404636794e+00,7.452482477231682223e-01
-3.774905791604126648e+00,4.993412426858435671e-01
-3.416452548891052654e+00,1.508519062769586139e+00
-3.902450305424250310e+00,7.599809550876605035e-01
-3.879658801345691188e+00,6.783175910156077348e-01
-3.880200410770060060e+00,5.891126454459746364e-01
-2.168336093414999777e+00,2.191071036800599003e+00
-4.029081495202111896e+00,1.855356700702200712e+00
-3.889213890552721153e+00,7.853060517541088359e-01
-3.821403914765451937e+00,4.555228315030257491e-01
-2.259868085467863441e+00,2.228969347132164991e+00
-3.910758752982763653e+00,7.069193611036281855e-01
-3.954276848353613261e+00,6.065250760417174591e-01
-3.899882815542839332e+00,5.362887125642257224e-01
-3.868005189635445262e+00,4.591541285025588781e-01
-1.006713019925995489e+00,9.284056335546668759e-01
-3.918521652732072091e+00,6.227565310687644962e-01
-3.922770349383032595e+00,4.468186065951701424e-01
-3.882995922037749459e+00,3.728232404445158688e-01
-3.936737159748922465e+00,5.389534599726756303e-01
-1.664459906007448087e+00,3.563011964145517574e+00
-4.221483183722368970e+00,3.299800282703087895e+00
-2.071925613885054140e+00,2.260991443461492167e+00
-3.385292151291186435e+00,1.353153398073955183e+00
2.215473016801165485e-01,1.945500020290782617e+00
-2.661456870486849979e+00,4.632023105500919335e+00
-1.867249633761940864e+00,2.361958800649367696e+00
-1.395983144837726009e+00,6.453215168765601417e-01
-2.597713927065925077e+00,4.658493329985786247e+00
-2.380639978282779623e+00,3.394321954284060805e+00
-2.211794458522188034e+00,2.193477183001422581e+00
-3.338077523913903111e+00,1.387676142001292856e+00
-3.541903422884800978e+00,1.074275683148016025e+00
-3.834913619671522333e+00,6.932692490181004974e-01
-3.830594314553281698e+00,6.149111650564912379e-01
4.048196542082913574e-01,-3.909713080875977242e-01
-2.584698338311425481e+00,4.645928921312362903e+00
-2.000438083616264073e+00,2.298320900111749499e+00
-3.861562824544154893e+00,6.039160465347949147e-01
-2.328698178195816482e+00,5.666481413185222582e-01
-3.314562122177595160e+00,-2.194084328925374472e-01
-2.612368986586506736e+00,4.670499601933399525e+00
-4.264327747479816466e+00,3.437972772597401416e+00
-4.276408252350400119e+00,3.354313239989113793e+00
1.850204959039179475e-01,1.937738728274628341e+00
-3.024225053934431195e-01,-5.229191356645391808e-01
4.062746197998979292e-01,-4.048994818968475462e-01
-1.673568230479356433e+00,3.625124697171788757e+00
-3.160867577360239711e+00,3.154574625490518702e+00
-3.297402687987157854e+00,-2.110499230919654912e-01
-3.283336348934773330e+00,1.133042881187952933e+00
-3.767314678119704219e+00,3.910889253683793587e-01
-4.217901188052831429e+00,3.595250037791397180e+00
1.217632825137071606e+00,-9.086678917356946217e-01
-4.239995097001010294e+00,3.425367129671048616e+00
-3.224248793768457411e+00,1.144915637940919995e+00
-3.197459898285480939e+00,-1.535242128007254514e-01
-2.584371881475798216e-01,2.542824735468650843e+00
-2.411631437806822653e+00,3.329539155975115072e+00
-4.318488629670630630e+00,3.356262839212897475e+00
-1.940404361586188120e+00,2.281094257216127907e+00
-1.435397570270952494e+00,6.360957684888153274e-01
-2.495997191355892042e+00,4.685774246508769281e+00
-2.945773604597842876e+00,3.177478486903815735e+00
-2.035598138554330916e+00,2.241680229095326826e+00
-2.680182070031693176e+00,4.668530241408133108e+00
-4.299459871688562806e+00,3.588878761428683450e+00
-3.788968218123724974e+00,6.199364919355462300e-01
-2.352913032830306062e+00,5.576988775121515252e-01
-2.514901685571762968e+00,4.701337089179037143e+00
-3.890688145930676356e+00,7.461827910494787108e-01
-3.906611156615783287e+00,6.618444294826397734e-01
-3.833659251402573354e+00,4.448808101086159095e-01
1.400680818903023428e-01,1.930015992949463133e+00
-2.081775086749054982e+00,2.243190328075699291e+00
-2.361829726459079737e+00,5.242768732238686225e-01
-1.466210722892557383e+00,6.416126400969823784e-01
-2.613778089149749739e+00,4.649804201430963069e+00
-2.440008044598376280e+00,3.408161237930201537e+00
-3.101628340979156295e+00,3.086715660942631168e+00
-2.259223069133554418e+00,2.172635754830122501e+00
-3.623269570345931445e+00,1.060725485062744999e+00
-4.347074543482758457e+00,3.470581578508778797e+00
-3.838963261893049150e+00,3.941312946820911822e-01
-3.348497630916200674e+00,-1.778912715086886920e-01
-3.546343832510588712e+00,1.800661995118308933e+00
-2.704163640784530642e+00,4.578214251275148250e+00
-2.735526315347735604e+00,4.604679142699164451e+00
-3.834806959666154924e+00,5.492852213939923844e-01
-1.701217606967977192e+00,3.595542496260224929e+00
-3.191136242836923209e+00,3.141611366968210639e+00
-3.410237678407264550e+00,1.104058557431093268e+00
-3.590899037804526905e+00,1.059804363228878277e+00
-3.363477098067401805e+00,-1.955700428915812250e-01
-4.311604951346635239e+00,3.804063102976834365e+00
-1.812346740576987081e+00,2.299073249140275887e+00
-3.521191872979707149e+00,1.036751921277645039e+00
-1.346161494023638605e+00,6.067603610422770410e-01
1.612868890833182078e+00,-7.933603559576493103e-01
2.028589621716196056e+00,3.309771656818001340e+00
-1.862918949751716458e+00,2.209467020116420155e+00
-1.992082015216469770e+00,2.150238312686545861e+00
-2.079939641408615536e+00,2.119118638340047767e+00
-3.388222388538198793e+00,1.152699825165138581e+00
-3.349408057613688872e+00,1.097059930928245830e+00
-3.516276002655494448e+00,7.797709891714376118e-01
-1.353128208066181504e+00,5.162442118966584781e-01
-1.298692754860744980e+00,5.191432114709501056e-01
-8.335448052040823619e-01,6.146382101183427427e-01
-8.307732192501686708e-01,5.683032585043634732e-01
-7.008368875709540813e-01,2.313121551575794965e-01
-3.342160002498593685e-01,2.973300481399818174e-01
-8.087066764854594636e-02,-5.489591651697776076e-01
1.518913678291680114e+00,-7.620929342582554167e-01
1.567515830159535106e+00,-7.404076569105486616e-01
1.668154944470447099e+00,-7.022449409715435520e-01
1.711733248919636186e+00,-6.710138960205036529e-01
1.780489239459041695e+00,-6.807275939618199212e-01
1.879805866607860310e+00,-6.346172110698693469e-01
9.568313430656671947e-01,2.892426880537252387e+00
-2.090397284191612748e+00,2.023944582640690104e+00
-3.343494991719599962e+00,1.134382014332161903e+00
-3.356766101542565828e+00,1.066458129886197259e+00
-3.345562463604713876e+00,1.004122821809089849e+00
-1.300001972644847292e+00,4.439253587451815752e-01
-1.242177917649649022e+00,4.526534208583815611e-01
-7.927650786752582501e-01,5.488018544192290182e-01
-2.017843862791844911e-01,1.202396567830722740e-01
-7.668235887947455476e-02,-2.594028611681655772e-01
1.520509683530470779e+00,-7.153529262382180010e-01
1.631390206718066116e+00,-6.989754485193487854e-01
1.678979596589081913e+00,-6.752666149469261914e-01
1.775680585510144072e+00,-6.295238876324301680e-01
1.826004152772695122e+00,-6.090810464887410625e-01
1.987992430022285761e+00,-5.588691465898877331e-01
2.243551367945639363e+00,3.489280816304231259e+00
2.018211916119299509e+00,3.427251586923866444e+00
8.242065402829250598e-01,2.803616440346775374e+00
7.922168955594637296e-01,2.793097157986383472e+00
7.276676127221912704e-01,2.766267787181222904e+00
6.901332379037313780e-01,2.772686088583439457e+00
6.350806082357243199e-01,2.748514441532452945e+00
4.980858552831979313e-01,2.572785224775816282e+00
-3.405881513593546295e+00,1.169431314501042429e+00
-3.785687906039029826e+00,4.085216459612475148e-01
-1.403399137443659184e+00,5.353776470331658155e-01
-1.453589352215484132e-01,-5.980149908035484740e-01
1.603551161246989265e+00,-7.325798298261224639e-01
1.719748169069732047e+00,-7.197804634053871498e-01
1.823918273467103335e+00,-6.818442803849235068e-01
3.125389935390915586e+00,3.343114076615060215e-01
2.262516879232482570e+00,3.405396319725694454e+00
2.060105702141113326e+00,3.316215228373345703e+00
2.020140456451646749e+00,3.388824541686574765e+00
1.086822556944524676e+00,2.844226619065154171e+00
1.036250394195590507e+00,2.857224147097918276e+00
9.962432841956225804e-01,2.847228776763801594e+00
9.379302558265085743e-01,2.815490984702719413e+00
8.682150262840113708e-01,2.827148009223431568e+00
5.296029364120754535e-01,2.669042840954230833e+00
4.751336075626860778e-01,2.652738586915151409e+00
-3.463140663149013143e+00,1.646797652203931595e+00
-3.422188769085886317e+00,1.204096931197713438e+00
-3.571479883207882899e+00,1.036084508952048289e+00
-1.541655481518149351e+00,5.927886021314255904e-01
4.768081325069313814e-01,-4.246597929970131746e-01
1.597083459609051515e+00,-7.856426706746489907e-01
1.656760281903159937e+00,-7.818232843281209821e-01
1.711262516576413040e+00,-7.672104439009210797e-01
2.998348841328723147e+00,1.647013066096574552e-01
3.076236104560041262e+00,1.862926943665121904e-01
3.200811046174636854e+00,2.535540546022677089e-01
2.319195471290002697e+00,3.304917024920722923e+00
2.095411466661498245e+00,3.213424303674943694e+00
1.057228842958468196e+00,2.799052940608454776e+00
1.017844682127975631e+00,2.791232363732484512e+00
9.683880602006014193e-01,2.771718272910149050e+00
9.372942148734777490e-01,2.768688424541971393e+00
8.983579954109668364e-01,2.756069294817744542e+00
8.482284173693699358e-01,2.756919099333849044e+00
8.167201464835058822e-01,2.748376881335163446e+00
7.876218934510708092e-01,2.741312907942163868e+00
7.137399378649293968e-01,2.730105921884498077e+00
6.851610882246901291e-01,2.718600590312534759e+00
5.964475191959932587e-01,2.697729184716988193e+00
-1.501102724382613607e-01,2.532339683296225719e+00
-2.418923975696651296e-01,2.505599405848287109e+00
-1.545565197184602280e+00,5.162242306345269371e-01
-1.463891782276172560e+00,5.364473081473077887e-01
-8.456752285115545220e-01,2.088848191245895047e-01
-7.953848484293799537e-01,2.277906117032044708e-01
-2.459817770074281262e-01,-9.847313937522753635e-01
5.434723051673908678e-01,-4.406580258370105252e-01
3.049588161046063117e+00,2.377156684765614481e-01
2.291094739352330656e+00,3.314057133046460546e+00
2.043457678874418093e+00,3.251979262007074212e+00
1.042409498028044279e+00,2.800540754598987103e+00
6.034781882582435086e-01,2.694988701976055001e+00
5.494290905502015043e-01,3.492444948597197119e+00
-3.180742737267265308e-01,2.489663264098556983e+00
-1.478730889092042977e+00,4.790435009526033960e-01
-7.802254848744443194e-01,1.914641854192503656e-01
-1.736007260188097145e-01,-1.253579654729380266e+00
5.419706211201171797e-01,-4.517369274281552993e-01
1.794086401256962615e+00,-7.509862858411150421e-01
2.274361641012391022e+00,3.353615471328150743e+00
2.031535459801367960e+00,3.241826482926100095e+00
1.997419275297815267e+00,3.266412244107471441e+00
8.518018435646095288e-01,2.747233691874433337e+00
-1.465057302585820453e+00,5.620870461184431788e-01
-4.294806435518267462e-01,-9.819161049756900406e-01
1.256972528938058664e+00,-9.468235561341665774e-01
2.216645200192154608e+00,2.918248912899613412e+00
2.179793522438879361e+00,2.944595842569201594e+00
7.116502782425868645e-01,2.581962644120221029e+00
6.868805846640189117e-01,2.575878221390242917e+00
6.353670009938443552e-01,2.557831864954815071e+00
5.897950288986069101e-01,2.563921048627681998e+00
-1.608275302071336510e+00,5.900001930303496733e-01
-1.000053108560699622e+00,5.443660798664736733e-01
-8.828444254604372876e-01,2.475605705992083572e-01
-3.991605478053442124e-01,-6.012084419296030990e-01
3.155142398176560281e-01,-4.753581400351173381e-01
2.811581227199171806e+00,-1.271714439836374722e-01
-2.052511125519898005e+00,-1.897797899919806408e-02
3.180205581569788276e-01,-5.012471669406068919e-01
2.499306783169939372e+00,2.954228571230316458e+00
-1.565967610301592261e+00,5.772310190779147421e-01
-9.268114987754767498e-01,2.475471903878698199e-01
2.245656944747191464e+00,2.884527319766996722e+00
2.181782189982167885e+00,2.986700812045909537e+00
2.767791995170159502e+00,-1.647636276161468516e-01
2.480209591892637455e+00,2.915211034582783078e+00
1.511045835022102990e+00,-9.354891730792106452e-01
2.877442753087309679e+00,-1.491710787677628935e-01
2.171343266748412937e+00,2.895440058027914709e+00
6.784141860022643300e-01,3.252215694969569526e+00
2.561321773689798409e+00,-1.606555288170527784e-01
2.486252370671439671e+00,2.897369822277032103e+00
2.433611930412532320e+00,2.920967440095248779e+00
6.494424150235398319e-01,3.220541941053544299e+00
-4.151589617872397109e-01,-6.522982566118560310e-01
-3.149222845409158089e-01,2.504460537660866848e+00
3.605422163711338168e-01,-5.442000203915824397e-01
2.617538066621060366e+00,-1.998139261265724775e-01
-6.087855102575625565e-01,-1.288023670319620395e+00
-6.541512679277778908e-01,-1.273729005117182345e+00
-1.554025929658880978e+00,4.773980137099770538e+00
-4.539670048228567345e-01,-9.960205033935910501e-01
3.603453403216568818e-01,-4.704948323675171018e-01
-4.133076485498253239e-01,2.462658559722238127e+00
-1.871491673113304888e+00,4.625657438557568391e+00
-3.978779000215728057e-01,-3.252341282281780988e-01
-5.962004808567149539e-01,-1.308006295921453344e+00
1.606759873779823877e+00,-8.555874276530218703e-01
2.106356057311271179e+00,3.002704678852614162e+00
-3.863327056006787275e-01,2.470091486150160165e+00
-5.386165039732333515e-01,2.419806464461891959e+00
9.240926277364649444e-01,2.724510688281256865e+00
6.819706883503711126e-01,2.665489033835741317e+00
-1.744114751542851005e+00,2.294604920582566265e+00
-3.445813803857659674e-01,-6.562784152213166911e-01
4.018971890166602723e-01,-4.833850657889753322e-01
1.634260592905236065e+00,-8.336331436159511998e-01
1.853878394069241820e+00,3.161906909363379370e+00
-5.686710294731389670e-01,2.407244574056768727e+00
-6.056298217830322628e-01,2.391809463071053354e+00
-6.502742730850539221e-01,2.396240933346480251e+00
-1.785837663734970882e+00,4.616834646614908166e+00
4.368324637192024795e+00,-1.006638337690576757e+00
2.003530923321926949e+00,3.075586554570127085e+00
-5.240498043649013393e-01,2.394398799893231899e+00
-5.608014584977705219e-01,2.379747771873196527e+00
-2.084602033103031715e+00,4.459546632441828251e+00
-2.264164152251457729e+00,4.435473102345135921e+00
1.579161196205358886e+00,-9.552859648688661887e-01
-1.681457184213887457e+00,4.603543791204106839e+00
-2.238905931400661853e+00,4.412417839477474679e+00
-2.395647963446105422e+00,4.345503454253762499e+00
-9.693488553938152119e-01,4.842203978463106573e+00
-2.208508132241650657e+00,4.546302403069451437e+00
-1.616395613832658062e+00,4.686224096988748755e+00
-1.937113072952825199e+00,4.581071090717883543e+00
-2.125252823190588725e+00,4.575766277134187376e+00
-1.474675201915753853e+00,2.290408556808722018e+00
-1.564721937024382115e+00,2.253793151395598660e+00
-1.705896298719695503e+00,4.684716714947268379e+00
-2.020456130734225475e+00,4.560589236093526289e+00
-1.057798226811184517e+00,4.812719977319699360e+00
-2.055992397184135179e+00,4.597527432645501122e+00
-1.700702345459821796e+00,4.635762341996610303e+00
-1.867771130296749682e+00,4.596139858583921267e+00
-1.441424214030200046e+00,2.305164351719615645e+00
-1.659138364032720636e+00,2.267038497228811345e+00
4.044779410243107831e-01,-5.169830424509280764e-01
-4.568735456204891521e-01,2.390327231402935571e+00
-1.973308079178662577e+00,4.470485570320737345e+00
-2.044896676855981532e+00,4.427173433631240940e+00
-2.142026381282783554e+00,4.429775774155747747e+00
-1.689329891175638032e+00,2.105552519923246102e+00
-4.050903351111758144e-01,2.396042233793072906e+00
-2.086380662388636065e+00,4.381533041345890389e+00
-2.273602649110610496e+00,4.370610960465668882e+00
-2.414961633240781946e+00,4.277759936889689918e+00
-1.826081971409006854e+00,1.994912790523511559e+00
-1.895882250649049361e+00,1.991784866994521952e+00
-1.978674098335361453e+00,1.934182329865072880e+00
-2.039478861311287083e+00,1.919081332159864983e+00
-2.086672808699358228e+00,1.892368834399420052e+00
-2.184597241665362954e+00,2.011979245193640686e+00
-1.844265953334350172e+00,4.606468553864294435e+00
-1.779768744831613958e+00,2.201472664950770319e+00
-1.890470255789215681e+00,2.169893685574433295e+00
-1.511412006066490621e+00,2.266693837733738892e+00
-2.112544796669901803e+00,2.093357284531505158e+00
3.891345569200919563e+00,5.288830050976368824e+00
-1.675882822966119123e+00,4.655642342240613907e+00
-1.628543056626396535e+00,2.260010432760488630e+00
-1.847799934453112414e+00,2.204863500614599126e+00
3.908459362252447722e+00,5.297424930096762630e+00
3.878412523325968309e+00,5.248801119047296737e+00
-2.147749503679142080e+00,4.484938008392163944e+00
-1.343521276039191692e+00,4.756805586353329396e+00
-2.077260906777525395e+00,4.535721268029858422e+00
-2.111307855642660769e+00,2.102842356386818157e+00
-8.912066780668046473e-01,7.518546129451902926e-01
1.411537534072895950e+00,-1.100689650435611622e+00
-6.128923855908943175e-01,4.901103952439187950e+00
-1.200681739071274290e+00,4.836598420274803800e+00
-1.186711884664697569e+00,2.458720775193731001e+00
-1.240492711701458139e+00,2.456342333700204605e+00
-2.327409584208343318e+00,4.441301794590336804e+00
3.731675382419522791e+00,-2.406747897629795574e+00
3.608927051559860377e+00,5.427126482648273686e+00
-2.195435853499496659e+00,4.407086355040867431e+00
-1.633369308569804890e+00,2.137740541125667804e+00
-1.786113936222329723e+00,2.089538370076448270e+00
-1.850397082556070050e+00,2.083124727181496993e+00
-1.906010455047180585e+00,2.067144268052485856e+00
-1.960157907394487253e+00,2.048497058144806982e+00
-2.051070491564812137e+00,1.993633283745491758e+00
-2.181182765865023132e+00,1.964069811949769040e+00
-5.126804672131501928e-01,2.349194516751537343e+00
-1.859818268699188870e+00,4.492781368475643688e+00
-2.092838979534016985e+00,4.400053119665014556e+00
-2.171477406590956338e+00,4.369485164601501381e+00
-2.238960847437621915e+00,4.319427591160948765e+00
-2.165560678598102307e+00,1.829703786758767103e+00
4.052465668214353389e-01,-5.520257899477241104e-01
1.601946531674828034e+00,-1.005599623686076027e+00
-3.674962892400564507e-01,2.398210191880466802e+00
-1.697245666839194866e+00,2.065634018572664488e+00
-1.823758161352242002e+00,2.054580605564940488e+00
-1.980851187927660018e+00,1.996865838178821129e+00
-3.453271329288724600e-01,-4.346504161143470713e-01
-4.131059018713925113e+00,2.246330179286275985e+00
-3.469375664526103686e-01,-4.609540159030391937e-01
4.319870841199965561e+00,-1.271963600588990051e+00
4.296737595241248542e+00,-1.265214715854655836e+00
1.601777164272661702e+00,-9.739740454963708993e-01
-1.963673907322490475e+00,4.444369172177171201e+00
-3.459173145206639322e-01,-3.599164195835343749e-01
-3.344893264425995660e+00,1.622324690876357112e+00
-2.034418911015128728e+00,2.142988786400990442e+00
-1.380262734144194647e+00,2.294723947683477316e+00
-1.950102689583145477e+00,4.547761369005201892e+00
-1.392074823680557127e+00,2.300670766256033950e+00
2.616577423841401906e+00,2.799937981843379387e+00
-2.105113958009503072e+00,4.527570641651400329e+00
2.779176039881404936e+00,-1.387896931325834249e+00
-1.742024876090623842e+00,2.101525021645433089e+00
-1.890382857515687576e+00,2.034208076570096946e+00
-2.116956045414607246e+00,4.334358607086670645e+00
-1.614079432187936813e+00,2.044164061130629317e+00
-1.793164396182767018e+00,2.013667407809113463e+00
-2.264304418207824909e+00,1.792770226516320342e+00
-3.494706083601388347e+00,1.124073627235050443e+00
-1.416355194744897683e-01,-1.309351033286795252e+00
-2.977277225852674181e-01,-6.695624795230610271e-01
-1.211987528243585910e+00,2.398031225603893812e+00
-3.200005951364503609e+00,1.926963967584883308e+00
-8.556030265439396043e-01,6.658916565341463922e-01
-1.904439199507763636e+00,2.176299682470451469e+00
3.571452456324176961e+00,-2.453749135793120040e+00
3.678406691113254467e+00,-2.556686958860988845e+00
-4.002406312418391288e+00,2.286590501908942308e+00
-1.971763247762314819e+00,4.561533258463346563e+00
3.509847227579045992e+00,-2.691088271411054667e+00
-4.624445191519798715e-01,4.867761024924693203e+00
-7.202681652456346395e-01,4.889483898564106035e+00
-9.698369750669963985e-01,4.851509791466808608e+00
-1.123256996523603224e+00,2.480427431730309440e+00
-1.399847853001911613e+00,2.455743255622798493e+00
-8.317908547146006804e-01,7.171905843264076985e-01
1.334991377637268162e+00,-1.118234388567202142e+00
1.383462404576596860e+00,-1.132625350091168936e+00
1.492776112582400172e+00,-1.121244750273193036e+00
1.627906690501256692e+00,2.399998983327976010e+00
-1.829818637266091841e-01,4.923774387502606764e+00
-2.630603739930204577e-01,4.898340126331932609e+00
-3.504798680728007931e-01,4.927974766970431020e+00
-5.155379845607799272e-01,4.907485702068154154e+00
-6.879794527314830876e-01,4.918358063749281861e+00
-7.726047485362483869e-01,4.911673036179990071e+00
-1.147465505724869494e+00,2.558144358221615011e+00
-1.307119765001493628e+00,2.533550156228454142e+00
-1.370893638554344207e+00,2.537038940856950031e+00
-3.032930155508114289e+00,2.222380104679154478e+00
-3.008343346608878810e-01,4.942970776939445088e+00
-5.522470721797081428e-01,4.930356806479231579e+00
-1.052924775543055080e+00,4.856121985205554381e+00
-3.076439218896446448e+00,2.217663485622578978e+00
