[0.845s] DEBUG:colcon:Command line arguments: ['/usr/bin/colcon', 'build']
[0.845s] DEBUG:colcon:Parsed command line arguments: Namespace(log_base=None, log_level=None, verb_name='build', build_base='build', install_base='install', merge_install=False, symlink_install=False, test_result_base=None, continue_on_error=False, executor='parallel', parallel_workers=8, event_handlers=None, ignore_user_meta=False, metas=['./colcon.meta'], base_paths=['.'], packages_ignore=None, packages_ignore_regex=None, paths=None, packages_up_to=None, packages_up_to_regex=None, packages_above=None, packages_above_and_dependencies=None, packages_above_depth=None, packages_select_by_dep=None, packages_skip_by_dep=None, packages_skip_up_to=None, packages_select_build_failed=False, packages_skip_build_finished=False, packages_select_test_failures=False, packages_skip_test_passed=False, packages_select=None, packages_skip=None, packages_select_regex=None, packages_skip_regex=None, packages_start=None, packages_end=None, cmake_args=None, cmake_target=None, cmake_target_skip_unavailable=False, cmake_clean_cache=False, cmake_clean_first=False, cmake_force_configure=False, ament_cmake_args=None, catkin_cmake_args=None, catkin_skip_building_tests=False, verb_parser=<colcon_defaults.argument_parser.defaults.DefaultArgumentsDecorator object at 0x7e205b9e21b0>, verb_extension=<colcon_core.verb.build.BuildVerb object at 0x7e205b9e2ae0>, main=<bound method BuildVerb.main of <colcon_core.verb.build.BuildVerb object at 0x7e205b9e2ae0>>)
[0.967s] Level 1:colcon.colcon_core.package_discovery:discover_packages(colcon_meta) check parameters
[0.967s] Level 1:colcon.colcon_core.package_discovery:discover_packages(recursive) check parameters
[0.967s] Level 1:colcon.colcon_core.package_discovery:discover_packages(ignore) check parameters
[0.967s] Level 1:colcon.colcon_core.package_discovery:discover_packages(path) check parameters
[0.967s] Level 1:colcon.colcon_core.package_discovery:discover_packages(colcon_meta) discover
[0.967s] Level 1:colcon.colcon_core.package_discovery:discover_packages(recursive) discover
[0.967s] INFO:colcon.colcon_core.package_discovery:Crawling recursively for packages in '/home/grumpy/dd2419_ws_Group5_2026'
[0.967s] Level 1:colcon.colcon_core.package_identification:_identify(.) by extensions ['ignore', 'ignore_ament_install']
[0.967s] Level 1:colcon.colcon_core.package_identification:_identify(.) by extension 'ignore'
[0.967s] Level 1:colcon.colcon_core.package_identification:_identify(.) by extension 'ignore_ament_install'
[0.967s] Level 1:colcon.colcon_core.package_identification:_identify(.) by extensions ['colcon_pkg']
[0.967s] Level 1:colcon.colcon_core.package_identification:_identify(.) by extension 'colcon_pkg'
[0.967s] Level 1:colcon.colcon_core.package_identification:_identify(.) by extensions ['colcon_meta']
[0.967s] Level 1:colcon.colcon_core.package_identification:_identify(.) by extension 'colcon_meta'
[0.967s] Level 1:colcon.colcon_core.package_identification:_identify(.) by extensions ['ros']
[0.967s] Level 1:colcon.colcon_core.package_identification:_identify(.) by extension 'ros'
[0.991s] Level 1:colcon.colcon_core.package_identification:_identify(.) by extensions ['cmake', 'python']
[0.991s] Level 1:colcon.colcon_core.package_identification:_identify(.) by extension 'cmake'
[0.991s] Level 1:colcon.colcon_core.package_identification:_identify(.) by extension 'python'
[0.991s] Level 1:colcon.colcon_core.package_identification:_identify(.) by extensions ['python_setup_py']
[0.991s] Level 1:colcon.colcon_core.package_identification:_identify(.) by extension 'python_setup_py'
[0.991s] Level 1:colcon.colcon_core.package_identification:_identify(PlatformIO) by extensions ['ignore', 'ignore_ament_install']
[0.992s] Level 1:colcon.colcon_core.package_identification:_identify(PlatformIO) by extension 'ignore'
[0.992s] Level 1:colcon.colcon_core.package_identification:_identify(PlatformIO) by extension 'ignore_ament_install'
[0.992s] Level 1:colcon.colcon_core.package_identification:_identify(PlatformIO) by extensions ['colcon_pkg']
[0.992s] Level 1:colcon.colcon_core.package_identification:_identify(PlatformIO) by extension 'colcon_pkg'
[0.992s] Level 1:colcon.colcon_core.package_identification:_identify(PlatformIO) by extensions ['colcon_meta']
[0.992s] Level 1:colcon.colcon_core.package_identification:_identify(PlatformIO) by extension 'colcon_meta'
[0.992s] Level 1:colcon.colcon_core.package_identification:_identify(PlatformIO) by extensions ['ros']
[0.992s] Level 1:colcon.colcon_core.package_identification:_identify(PlatformIO) by extension 'ros'
[0.992s] Level 1:colcon.colcon_core.package_identification:_identify(PlatformIO) by extensions ['cmake', 'python']
[0.992s] Level 1:colcon.colcon_core.package_identification:_identify(PlatformIO) by extension 'cmake'
[0.992s] Level 1:colcon.colcon_core.package_identification:_identify(PlatformIO) by extension 'python'
[0.992s] Level 1:colcon.colcon_core.package_identification:_identify(PlatformIO) by extensions ['python_setup_py']
[0.992s] Level 1:colcon.colcon_core.package_identification:_identify(PlatformIO) by extension 'python_setup_py'
[0.992s] Level 1:colcon.colcon_core.package_identification:_identify(PlatformIO/Projects) by extensions ['ignore', 'ignore_ament_install']
[0.992s] Level 1:colcon.colcon_core.package_identification:_identify(PlatformIO/Projects) by extension 'ignore'
[0.992s] Level 1:colcon.colcon_core.package_identification:_identify(PlatformIO/Projects) by extension 'ignore_ament_install'
[0.992s] Level 1:colcon.colcon_core.package_identification:_identify(PlatformIO/Projects) by extensions ['colcon_pkg']
[0.992s] Level 1:colcon.colcon_core.package_identification:_identify(PlatformIO/Projects) by extension 'colcon_pkg'
[0.992s] Level 1:colcon.colcon_core.package_identification:_identify(PlatformIO/Projects) by extensions ['colcon_meta']
[0.992s] Level 1:colcon.colcon_core.package_identification:_identify(PlatformIO/Projects) by extension 'colcon_meta'
[0.992s] Level 1:colcon.colcon_core.package_identification:_identify(PlatformIO/Projects) by extensions ['ros']
[0.992s] Level 1:colcon.colcon_core.package_identification:_identify(PlatformIO/Projects) by extension 'ros'
[0.992s] Level 1:colcon.colcon_core.package_identification:_identify(PlatformIO/Projects) by extensions ['cmake', 'python']
[0.992s] Level 1:colcon.colcon_core.package_identification:_identify(PlatformIO/Projects) by extension 'cmake'
[0.992s] Level 1:colcon.colcon_core.package_identification:_identify(PlatformIO/Projects) by extension 'python'
[0.992s] Level 1:colcon.colcon_core.package_identification:_identify(PlatformIO/Projects) by extensions ['python_setup_py']
[0.992s] Level 1:colcon.colcon_core.package_identification:_identify(PlatformIO/Projects) by extension 'python_setup_py'
[0.992s] Level 1:colcon.colcon_core.package_identification:_identify(PlatformIO/Projects/dd2419) by extensions ['ignore', 'ignore_ament_install']
[0.992s] Level 1:colcon.colcon_core.package_identification:_identify(PlatformIO/Projects/dd2419) by extension 'ignore'
[0.992s] Level 1:colcon.colcon_core.package_identification:_identify(PlatformIO/Projects/dd2419) by extension 'ignore_ament_install'
[0.992s] Level 1:colcon.colcon_core.package_identification:_identify(PlatformIO/Projects/dd2419) by extensions ['colcon_pkg']
[0.993s] Level 1:colcon.colcon_core.package_identification:_identify(PlatformIO/Projects/dd2419) by extension 'colcon_pkg'
[0.993s] Level 1:colcon.colcon_core.package_identification:_identify(PlatformIO/Projects/dd2419) by extensions ['colcon_meta']
[0.993s] Level 1:colcon.colcon_core.package_identification:_identify(PlatformIO/Projects/dd2419) by extension 'colcon_meta'
[0.993s] Level 1:colcon.colcon_core.package_identification:_identify(PlatformIO/Projects/dd2419) by extensions ['ros']
[0.993s] Level 1:colcon.colcon_core.package_identification:_identify(PlatformIO/Projects/dd2419) by extension 'ros'
[0.993s] Level 1:colcon.colcon_core.package_identification:_identify(PlatformIO/Projects/dd2419) by extensions ['cmake', 'python']
[0.993s] Level 1:colcon.colcon_core.package_identification:_identify(PlatformIO/Projects/dd2419) by extension 'cmake'
[0.993s] Level 1:colcon.colcon_core.package_identification:_identify(PlatformIO/Projects/dd2419) by extension 'python'
[0.993s] Level 1:colcon.colcon_core.package_identification:_identify(PlatformIO/Projects/dd2419) by extensions ['python_setup_py']
[0.993s] Level 1:colcon.colcon_core.package_identification:_identify(PlatformIO/Projects/dd2419) by extension 'python_setup_py'
[0.993s] Level 1:colcon.colcon_core.package_identification:_identify(PlatformIO/Projects/dd2419/include) by extensions ['ignore', 'ignore_ament_install']
[0.993s] Level 1:colcon.colcon_core.package_identification:_identify(PlatformIO/Projects/dd2419/include) by extension 'ignore'
[0.993s] Level 1:colcon.colcon_core.package_identification:_identify(PlatformIO/Projects/dd2419/include) by extension 'ignore_ament_install'
[0.993s] Level 1:colcon.colcon_core.package_identification:_identify(PlatformIO/Projects/dd2419/include) by extensions ['colcon_pkg']
[0.993s] Level 1:colcon.colcon_core.package_identification:_identify(PlatformIO/Projects/dd2419/include) by extension 'colcon_pkg'
[0.993s] Level 1:colcon.colcon_core.package_identification:_identify(PlatformIO/Projects/dd2419/include) by extensions ['colcon_meta']
[0.993s] Level 1:colcon.colcon_core.package_identification:_identify(PlatformIO/Projects/dd2419/include) by extension 'colcon_meta'
[0.993s] Level 1:colcon.colcon_core.package_identification:_identify(PlatformIO/Projects/dd2419/include) by extensions ['ros']
[0.993s] Level 1:colcon.colcon_core.package_identification:_identify(PlatformIO/Projects/dd2419/include) by extension 'ros'
[0.993s] Level 1:colcon.colcon_core.package_identification:_identify(PlatformIO/Projects/dd2419/include) by extensions ['cmake', 'python']
[0.993s] Level 1:colcon.colcon_core.package_identification:_identify(PlatformIO/Projects/dd2419/include) by extension 'cmake'
[0.993s] Level 1:colcon.colcon_core.package_identification:_identify(PlatformIO/Projects/dd2419/include) by extension 'python'
[0.993s] Level 1:colcon.colcon_core.package_identification:_identify(PlatformIO/Projects/dd2419/include) by extensions ['python_setup_py']
[0.993s] Level 1:colcon.colcon_core.package_identification:_identify(PlatformIO/Projects/dd2419/include) by extension 'python_setup_py'
[0.993s] Level 1:colcon.colcon_core.package_identification:_identify(PlatformIO/Projects/dd2419/src) by extensions ['ignore', 'ignore_ament_install']
[0.993s] Level 1:colcon.colcon_core.package_identification:_identify(PlatformIO/Projects/dd2419/src) by extension 'ignore'
[0.993s] Level 1:colcon.colcon_core.package_identification:_identify(PlatformIO/Projects/dd2419/src) by extension 'ignore_ament_install'
[0.993s] Level 1:colcon.colcon_core.package_identification:_identify(PlatformIO/Projects/dd2419/src) by extensions ['colcon_pkg']
[0.993s] Level 1:colcon.colcon_core.package_identification:_identify(PlatformIO/Projects/dd2419/src) by extension 'colcon_pkg'
[0.993s] Level 1:colcon.colcon_core.package_identification:_identify(PlatformIO/Projects/dd2419/src) by extensions ['colcon_meta']
[0.993s] Level 1:colcon.colcon_core.package_identification:_identify(PlatformIO/Projects/dd2419/src) by extension 'colcon_meta'
[0.993s] Level 1:colcon.colcon_core.package_identification:_identify(PlatformIO/Projects/dd2419/src) by extensions ['ros']
[0.993s] Level 1:colcon.colcon_core.package_identification:_identify(PlatformIO/Projects/dd2419/src) by extension 'ros'
[0.994s] Level 1:colcon.colcon_core.package_identification:_identify(PlatformIO/Projects/dd2419/src) by extensions ['cmake', 'python']
[0.994s] Level 1:colcon.colcon_core.package_identification:_identify(PlatformIO/Projects/dd2419/src) by extension 'cmake'
[0.994s] Level 1:colcon.colcon_core.package_identification:_identify(PlatformIO/Projects/dd2419/src) by extension 'python'
[0.994s] Level 1:colcon.colcon_core.package_identification:_identify(PlatformIO/Projects/dd2419/src) by extensions ['python_setup_py']
[0.994s] Level 1:colcon.colcon_core.package_identification:_identify(PlatformIO/Projects/dd2419/src) by extension 'python_setup_py'
[0.994s] Level 1:colcon.colcon_core.package_identification:_identify(PlatformIO/Projects/dd2419/test) by extensions ['ignore', 'ignore_ament_install']
[0.994s] Level 1:colcon.colcon_core.package_identification:_identify(PlatformIO/Projects/dd2419/test) by extension 'ignore'
[0.994s] Level 1:colcon.colcon_core.package_identification:_identify(PlatformIO/Projects/dd2419/test) by extension 'ignore_ament_install'
[0.994s] Level 1:colcon.colcon_core.package_identification:_identify(PlatformIO/Projects/dd2419/test) by extensions ['colcon_pkg']
[0.994s] Level 1:colcon.colcon_core.package_identification:_identify(PlatformIO/Projects/dd2419/test) by extension 'colcon_pkg'
[0.994s] Level 1:colcon.colcon_core.package_identification:_identify(PlatformIO/Projects/dd2419/test) by extensions ['colcon_meta']
[0.994s] Level 1:colcon.colcon_core.package_identification:_identify(PlatformIO/Projects/dd2419/test) by extension 'colcon_meta'
[0.994s] Level 1:colcon.colcon_core.package_identification:_identify(PlatformIO/Projects/dd2419/test) by extensions ['ros']
[0.994s] Level 1:colcon.colcon_core.package_identification:_identify(PlatformIO/Projects/dd2419/test) by extension 'ros'
[0.994s] Level 1:colcon.colcon_core.package_identification:_identify(PlatformIO/Projects/dd2419/test) by extensions ['cmake', 'python']
[0.994s] Level 1:colcon.colcon_core.package_identification:_identify(PlatformIO/Projects/dd2419/test) by extension 'cmake'
[0.994s] Level 1:colcon.colcon_core.package_identification:_identify(PlatformIO/Projects/dd2419/test) by extension 'python'
[0.994s] Level 1:colcon.colcon_core.package_identification:_identify(PlatformIO/Projects/dd2419/test) by extensions ['python_setup_py']
[0.994s] Level 1:colcon.colcon_core.package_identification:_identify(PlatformIO/Projects/dd2419/test) by extension 'python_setup_py'
[0.994s] Level 1:colcon.colcon_core.package_identification:_identify(build) by extensions ['ignore', 'ignore_ament_install']
[0.994s] Level 1:colcon.colcon_core.package_identification:_identify(build) by extension 'ignore'
[0.994s] Level 1:colcon.colcon_core.package_identification:_identify(build) ignored
[0.994s] Level 1:colcon.colcon_core.package_identification:_identify(install) by extensions ['ignore', 'ignore_ament_install']
[0.994s] Level 1:colcon.colcon_core.package_identification:_identify(install) by extension 'ignore'
[0.994s] Level 1:colcon.colcon_core.package_identification:_identify(install) ignored
[0.994s] Level 1:colcon.colcon_core.package_identification:_identify(log) by extensions ['ignore', 'ignore_ament_install']
[0.994s] Level 1:colcon.colcon_core.package_identification:_identify(log) by extension 'ignore'
[0.994s] Level 1:colcon.colcon_core.package_identification:_identify(log) ignored
[0.994s] Level 1:colcon.colcon_core.package_identification:_identify(src) by extensions ['ignore', 'ignore_ament_install']
[0.995s] Level 1:colcon.colcon_core.package_identification:_identify(src) by extension 'ignore'
[0.995s] Level 1:colcon.colcon_core.package_identification:_identify(src) by extension 'ignore_ament_install'
[0.995s] Level 1:colcon.colcon_core.package_identification:_identify(src) by extensions ['colcon_pkg']
[0.995s] Level 1:colcon.colcon_core.package_identification:_identify(src) by extension 'colcon_pkg'
[0.995s] Level 1:colcon.colcon_core.package_identification:_identify(src) by extensions ['colcon_meta']
[0.995s] Level 1:colcon.colcon_core.package_identification:_identify(src) by extension 'colcon_meta'
[0.995s] Level 1:colcon.colcon_core.package_identification:_identify(src) by extensions ['ros']
[0.995s] Level 1:colcon.colcon_core.package_identification:_identify(src) by extension 'ros'
[0.995s] Level 1:colcon.colcon_core.package_identification:_identify(src) by extensions ['cmake', 'python']
[0.995s] Level 1:colcon.colcon_core.package_identification:_identify(src) by extension 'cmake'
[0.995s] Level 1:colcon.colcon_core.package_identification:_identify(src) by extension 'python'
[0.995s] Level 1:colcon.colcon_core.package_identification:_identify(src) by extensions ['python_setup_py']
[0.995s] Level 1:colcon.colcon_core.package_identification:_identify(src) by extension 'python_setup_py'
[0.995s] Level 1:colcon.colcon_core.package_identification:_identify(src/aruco_ros) by extensions ['ignore', 'ignore_ament_install']
[0.995s] Level 1:colcon.colcon_core.package_identification:_identify(src/aruco_ros) by extension 'ignore'
[0.995s] Level 1:colcon.colcon_core.package_identification:_identify(src/aruco_ros) by extension 'ignore_ament_install'
[0.995s] Level 1:colcon.colcon_core.package_identification:_identify(src/aruco_ros) by extensions ['colcon_pkg']
[0.995s] Level 1:colcon.colcon_core.package_identification:_identify(src/aruco_ros) by extension 'colcon_pkg'
[0.995s] Level 1:colcon.colcon_core.package_identification:_identify(src/aruco_ros) by extensions ['colcon_meta']
[0.995s] Level 1:colcon.colcon_core.package_identification:_identify(src/aruco_ros) by extension 'colcon_meta'
[0.995s] Level 1:colcon.colcon_core.package_identification:_identify(src/aruco_ros) by extensions ['ros']
[0.995s] Level 1:colcon.colcon_core.package_identification:_identify(src/aruco_ros) by extension 'ros'
[0.995s] Level 1:colcon.colcon_core.package_identification:_identify(src/aruco_ros) by extensions ['cmake', 'python']
[0.995s] Level 1:colcon.colcon_core.package_identification:_identify(src/aruco_ros) by extension 'cmake'
[0.995s] Level 1:colcon.colcon_core.package_identification:_identify(src/aruco_ros) by extension 'python'
[0.995s] Level 1:colcon.colcon_core.package_identification:_identify(src/aruco_ros) by extensions ['python_setup_py']
[0.995s] Level 1:colcon.colcon_core.package_identification:_identify(src/aruco_ros) by extension 'python_setup_py'
[0.995s] Level 1:colcon.colcon_core.package_identification:_identify(src/aruco_ros/aruco) by extensions ['ignore', 'ignore_ament_install']
[0.995s] Level 1:colcon.colcon_core.package_identification:_identify(src/aruco_ros/aruco) by extension 'ignore'
[0.995s] Level 1:colcon.colcon_core.package_identification:_identify(src/aruco_ros/aruco) by extension 'ignore_ament_install'
[0.995s] Level 1:colcon.colcon_core.package_identification:_identify(src/aruco_ros/aruco) by extensions ['colcon_pkg']
[0.996s] Level 1:colcon.colcon_core.package_identification:_identify(src/aruco_ros/aruco) by extension 'colcon_pkg'
[0.996s] Level 1:colcon.colcon_core.package_identification:_identify(src/aruco_ros/aruco) by extensions ['colcon_meta']
[0.996s] Level 1:colcon.colcon_core.package_identification:_identify(src/aruco_ros/aruco) by extension 'colcon_meta'
[0.996s] Level 1:colcon.colcon_core.package_identification:_identify(src/aruco_ros/aruco) by extensions ['ros']
[0.996s] Level 1:colcon.colcon_core.package_identification:_identify(src/aruco_ros/aruco) by extension 'ros'
[0.998s] DEBUG:colcon.colcon_core.package_identification:Package 'src/aruco_ros/aruco' with type 'ros.ament_cmake' and name 'aruco'
[0.998s] Level 1:colcon.colcon_core.package_identification:_identify(src/aruco_ros/aruco_msgs) by extensions ['ignore', 'ignore_ament_install']
[0.998s] Level 1:colcon.colcon_core.package_identification:_identify(src/aruco_ros/aruco_msgs) by extension 'ignore'
[0.998s] Level 1:colcon.colcon_core.package_identification:_identify(src/aruco_ros/aruco_msgs) by extension 'ignore_ament_install'
[0.998s] Level 1:colcon.colcon_core.package_identification:_identify(src/aruco_ros/aruco_msgs) by extensions ['colcon_pkg']
[0.998s] Level 1:colcon.colcon_core.package_identification:_identify(src/aruco_ros/aruco_msgs) by extension 'colcon_pkg'
[0.998s] Level 1:colcon.colcon_core.package_identification:_identify(src/aruco_ros/aruco_msgs) by extensions ['colcon_meta']
[0.998s] Level 1:colcon.colcon_core.package_identification:_identify(src/aruco_ros/aruco_msgs) by extension 'colcon_meta'
[0.999s] Level 1:colcon.colcon_core.package_identification:_identify(src/aruco_ros/aruco_msgs) by extensions ['ros']
[0.999s] Level 1:colcon.colcon_core.package_identification:_identify(src/aruco_ros/aruco_msgs) by extension 'ros'
[0.999s] DEBUG:colcon.colcon_core.package_identification:Package 'src/aruco_ros/aruco_msgs' with type 'ros.ament_cmake' and name 'aruco_msgs'
[0.999s] Level 1:colcon.colcon_core.package_identification:_identify(src/aruco_ros/aruco_ros) by extensions ['ignore', 'ignore_ament_install']
[0.999s] Level 1:colcon.colcon_core.package_identification:_identify(src/aruco_ros/aruco_ros) by extension 'ignore'
[0.999s] Level 1:colcon.colcon_core.package_identification:_identify(src/aruco_ros/aruco_ros) by extension 'ignore_ament_install'
[0.999s] Level 1:colcon.colcon_core.package_identification:_identify(src/aruco_ros/aruco_ros) by extensions ['colcon_pkg']
[0.999s] Level 1:colcon.colcon_core.package_identification:_identify(src/aruco_ros/aruco_ros) by extension 'colcon_pkg'
[0.999s] Level 1:colcon.colcon_core.package_identification:_identify(src/aruco_ros/aruco_ros) by extensions ['colcon_meta']
[0.999s] Level 1:colcon.colcon_core.package_identification:_identify(src/aruco_ros/aruco_ros) by extension 'colcon_meta'
[0.999s] Level 1:colcon.colcon_core.package_identification:_identify(src/aruco_ros/aruco_ros) by extensions ['ros']
[0.999s] Level 1:colcon.colcon_core.package_identification:_identify(src/aruco_ros/aruco_ros) by extension 'ros'
[1.000s] DEBUG:colcon.colcon_core.package_identification:Package 'src/aruco_ros/aruco_ros' with type 'ros.ament_cmake' and name 'aruco_ros'
[1.000s] Level 1:colcon.colcon_core.package_identification:_identify(src/detection) by extensions ['ignore', 'ignore_ament_install']
[1.000s] Level 1:colcon.colcon_core.package_identification:_identify(src/detection) by extension 'ignore'
[1.000s] Level 1:colcon.colcon_core.package_identification:_identify(src/detection) by extension 'ignore_ament_install'
[1.000s] Level 1:colcon.colcon_core.package_identification:_identify(src/detection) by extensions ['colcon_pkg']
[1.000s] Level 1:colcon.colcon_core.package_identification:_identify(src/detection) by extension 'colcon_pkg'
[1.000s] Level 1:colcon.colcon_core.package_identification:_identify(src/detection) by extensions ['colcon_meta']
[1.000s] Level 1:colcon.colcon_core.package_identification:_identify(src/detection) by extension 'colcon_meta'
[1.000s] Level 1:colcon.colcon_core.package_identification:_identify(src/detection) by extensions ['ros']
[1.000s] Level 1:colcon.colcon_core.package_identification:_identify(src/detection) by extension 'ros'
[1.001s] DEBUG:colcon.colcon_core.package_identification:Package 'src/detection' with type 'ros.ament_python' and name 'detection'
[1.001s] Level 1:colcon.colcon_core.package_identification:_identify(src/display_markers) by extensions ['ignore', 'ignore_ament_install']
[1.001s] Level 1:colcon.colcon_core.package_identification:_identify(src/display_markers) by extension 'ignore'
[1.001s] Level 1:colcon.colcon_core.package_identification:_identify(src/display_markers) by extension 'ignore_ament_install'
[1.001s] Level 1:colcon.colcon_core.package_identification:_identify(src/display_markers) by extensions ['colcon_pkg']
[1.001s] Level 1:colcon.colcon_core.package_identification:_identify(src/display_markers) by extension 'colcon_pkg'
[1.001s] Level 1:colcon.colcon_core.package_identification:_identify(src/display_markers) by extensions ['colcon_meta']
[1.001s] Level 1:colcon.colcon_core.package_identification:_identify(src/display_markers) by extension 'colcon_meta'
[1.001s] Level 1:colcon.colcon_core.package_identification:_identify(src/display_markers) by extensions ['ros']
[1.001s] Level 1:colcon.colcon_core.package_identification:_identify(src/display_markers) by extension 'ros'
[1.001s] DEBUG:colcon.colcon_core.package_identification:Package 'src/display_markers' with type 'ros.ament_python' and name 'display_markers'
[1.002s] Level 1:colcon.colcon_core.package_identification:_identify(src/keyboard) by extensions ['ignore', 'ignore_ament_install']
[1.002s] Level 1:colcon.colcon_core.package_identification:_identify(src/keyboard) by extension 'ignore'
[1.002s] Level 1:colcon.colcon_core.package_identification:_identify(src/keyboard) by extension 'ignore_ament_install'
[1.002s] Level 1:colcon.colcon_core.package_identification:_identify(src/keyboard) by extensions ['colcon_pkg']
[1.002s] Level 1:colcon.colcon_core.package_identification:_identify(src/keyboard) by extension 'colcon_pkg'
[1.002s] Level 1:colcon.colcon_core.package_identification:_identify(src/keyboard) by extensions ['colcon_meta']
[1.002s] Level 1:colcon.colcon_core.package_identification:_identify(src/keyboard) by extension 'colcon_meta'
[1.002s] Level 1:colcon.colcon_core.package_identification:_identify(src/keyboard) by extensions ['ros']
[1.002s] Level 1:colcon.colcon_core.package_identification:_identify(src/keyboard) by extension 'ros'
[1.002s] DEBUG:colcon.colcon_core.package_identification:Package 'src/keyboard' with type 'ros.ament_python' and name 'keyboard'
[1.002s] Level 1:colcon.colcon_core.package_identification:_identify(src/learning_tf2_py) by extensions ['ignore', 'ignore_ament_install']
[1.002s] Level 1:colcon.colcon_core.package_identification:_identify(src/learning_tf2_py) by extension 'ignore'
[1.002s] Level 1:colcon.colcon_core.package_identification:_identify(src/learning_tf2_py) by extension 'ignore_ament_install'
[1.002s] Level 1:colcon.colcon_core.package_identification:_identify(src/learning_tf2_py) by extensions ['colcon_pkg']
[1.002s] Level 1:colcon.colcon_core.package_identification:_identify(src/learning_tf2_py) by extension 'colcon_pkg'
[1.002s] Level 1:colcon.colcon_core.package_identification:_identify(src/learning_tf2_py) by extensions ['colcon_meta']
[1.002s] Level 1:colcon.colcon_core.package_identification:_identify(src/learning_tf2_py) by extension 'colcon_meta'
[1.002s] Level 1:colcon.colcon_core.package_identification:_identify(src/learning_tf2_py) by extensions ['ros']
[1.002s] Level 1:colcon.colcon_core.package_identification:_identify(src/learning_tf2_py) by extension 'ros'
[1.003s] DEBUG:colcon.colcon_core.package_identification:Package 'src/learning_tf2_py' with type 'ros.ament_python' and name 'learning_tf2_py'
[1.003s] Level 1:colcon.colcon_core.package_identification:_identify(src/librealsense) by extensions ['ignore', 'ignore_ament_install']
[1.003s] Level 1:colcon.colcon_core.package_identification:_identify(src/librealsense) by extension 'ignore'
[1.003s] Level 1:colcon.colcon_core.package_identification:_identify(src/librealsense) by extension 'ignore_ament_install'
[1.003s] Level 1:colcon.colcon_core.package_identification:_identify(src/librealsense) by extensions ['colcon_pkg']
[1.003s] Level 1:colcon.colcon_core.package_identification:_identify(src/librealsense) by extension 'colcon_pkg'
[1.003s] Level 1:colcon.colcon_core.package_identification:_identify(src/librealsense) by extensions ['colcon_meta']
[1.003s] Level 1:colcon.colcon_core.package_identification:_identify(src/librealsense) by extension 'colcon_meta'
[1.003s] Level 1:colcon.colcon_core.package_identification:_identify(src/librealsense) by extensions ['ros']
[1.003s] Level 1:colcon.colcon_core.package_identification:_identify(src/librealsense) by extension 'ros'
[1.003s] DEBUG:colcon.colcon_core.package_identification:Package 'src/librealsense' with type 'ros.cmake' and name 'librealsense2'
[1.004s] Level 1:colcon.colcon_core.package_identification:_identify(src/odometry) by extensions ['ignore', 'ignore_ament_install']
[1.004s] Level 1:colcon.colcon_core.package_identification:_identify(src/odometry) by extension 'ignore'
[1.004s] Level 1:colcon.colcon_core.package_identification:_identify(src/odometry) by extension 'ignore_ament_install'
[1.004s] Level 1:colcon.colcon_core.package_identification:_identify(src/odometry) by extensions ['colcon_pkg']
[1.004s] Level 1:colcon.colcon_core.package_identification:_identify(src/odometry) by extension 'colcon_pkg'
[1.004s] Level 1:colcon.colcon_core.package_identification:_identify(src/odometry) by extensions ['colcon_meta']
[1.004s] Level 1:colcon.colcon_core.package_identification:_identify(src/odometry) by extension 'colcon_meta'
[1.004s] Level 1:colcon.colcon_core.package_identification:_identify(src/odometry) by extensions ['ros']
[1.004s] Level 1:colcon.colcon_core.package_identification:_identify(src/odometry) by extension 'ros'
[1.004s] DEBUG:colcon.colcon_core.package_identification:Package 'src/odometry' with type 'ros.ament_python' and name 'odometry'
[1.004s] Level 1:colcon.colcon_core.package_identification:_identify(src/phidgets_drivers) by extensions ['ignore', 'ignore_ament_install']
[1.004s] Level 1:colcon.colcon_core.package_identification:_identify(src/phidgets_drivers) by extension 'ignore'
[1.004s] Level 1:colcon.colcon_core.package_identification:_identify(src/phidgets_drivers) by extension 'ignore_ament_install'
[1.004s] Level 1:colcon.colcon_core.package_identification:_identify(src/phidgets_drivers) by extensions ['colcon_pkg']
[1.004s] Level 1:colcon.colcon_core.package_identification:_identify(src/phidgets_drivers) by extension 'colcon_pkg'
[1.004s] Level 1:colcon.colcon_core.package_identification:_identify(src/phidgets_drivers) by extensions ['colcon_meta']
[1.005s] Level 1:colcon.colcon_core.package_identification:_identify(src/phidgets_drivers) by extension 'colcon_meta'
[1.005s] Level 1:colcon.colcon_core.package_identification:_identify(src/phidgets_drivers) by extensions ['ros']
[1.005s] Level 1:colcon.colcon_core.package_identification:_identify(src/phidgets_drivers) by extension 'ros'
[1.005s] Level 1:colcon.colcon_core.package_identification:_identify(src/phidgets_drivers) by extensions ['cmake', 'python']
[1.005s] Level 1:colcon.colcon_core.package_identification:_identify(src/phidgets_drivers) by extension 'cmake'
[1.005s] Level 1:colcon.colcon_core.package_identification:_identify(src/phidgets_drivers) by extension 'python'
[1.005s] Level 1:colcon.colcon_core.package_identification:_identify(src/phidgets_drivers) by extensions ['python_setup_py']
[1.005s] Level 1:colcon.colcon_core.package_identification:_identify(src/phidgets_drivers) by extension 'python_setup_py'
[1.005s] Level 1:colcon.colcon_core.package_identification:_identify(src/phidgets_drivers/libphidget22) by extensions ['ignore', 'ignore_ament_install']
[1.005s] Level 1:colcon.colcon_core.package_identification:_identify(src/phidgets_drivers/libphidget22) by extension 'ignore'
[1.005s] Level 1:colcon.colcon_core.package_identification:_identify(src/phidgets_drivers/libphidget22) by extension 'ignore_ament_install'
[1.005s] Level 1:colcon.colcon_core.package_identification:_identify(src/phidgets_drivers/libphidget22) by extensions ['colcon_pkg']
[1.005s] Level 1:colcon.colcon_core.package_identification:_identify(src/phidgets_drivers/libphidget22) by extension 'colcon_pkg'
[1.005s] Level 1:colcon.colcon_core.package_identification:_identify(src/phidgets_drivers/libphidget22) by extensions ['colcon_meta']
[1.005s] Level 1:colcon.colcon_core.package_identification:_identify(src/phidgets_drivers/libphidget22) by extension 'colcon_meta'
[1.005s] Level 1:colcon.colcon_core.package_identification:_identify(src/phidgets_drivers/libphidget22) by extensions ['ros']
[1.005s] Level 1:colcon.colcon_core.package_identification:_identify(src/phidgets_drivers/libphidget22) by extension 'ros'
[1.005s] DEBUG:colcon.colcon_core.package_identification:Package 'src/phidgets_drivers/libphidget22' with type 'ros.ament_cmake' and name 'libphidget22'
[1.005s] Level 1:colcon.colcon_core.package_identification:_identify(src/phidgets_drivers/phidgets_accelerometer) by extensions ['ignore', 'ignore_ament_install']
[1.005s] Level 1:colcon.colcon_core.package_identification:_identify(src/phidgets_drivers/phidgets_accelerometer) by extension 'ignore'
[1.005s] Level 1:colcon.colcon_core.package_identification:_identify(src/phidgets_drivers/phidgets_accelerometer) by extension 'ignore_ament_install'
[1.005s] Level 1:colcon.colcon_core.package_identification:_identify(src/phidgets_drivers/phidgets_accelerometer) by extensions ['colcon_pkg']
[1.005s] Level 1:colcon.colcon_core.package_identification:_identify(src/phidgets_drivers/phidgets_accelerometer) by extension 'colcon_pkg'
[1.006s] Level 1:colcon.colcon_core.package_identification:_identify(src/phidgets_drivers/phidgets_accelerometer) by extensions ['colcon_meta']
[1.006s] Level 1:colcon.colcon_core.package_identification:_identify(src/phidgets_drivers/phidgets_accelerometer) by extension 'colcon_meta'
[1.006s] Level 1:colcon.colcon_core.package_identification:_identify(src/phidgets_drivers/phidgets_accelerometer) by extensions ['ros']
[1.006s] Level 1:colcon.colcon_core.package_identification:_identify(src/phidgets_drivers/phidgets_accelerometer) by extension 'ros'
[1.006s] DEBUG:colcon.colcon_core.package_identification:Package 'src/phidgets_drivers/phidgets_accelerometer' with type 'ros.ament_cmake' and name 'phidgets_accelerometer'
[1.006s] Level 1:colcon.colcon_core.package_identification:_identify(src/phidgets_drivers/phidgets_analog_inputs) by extensions ['ignore', 'ignore_ament_install']
[1.006s] Level 1:colcon.colcon_core.package_identification:_identify(src/phidgets_drivers/phidgets_analog_inputs) by extension 'ignore'
[1.006s] Level 1:colcon.colcon_core.package_identification:_identify(src/phidgets_drivers/phidgets_analog_inputs) by extension 'ignore_ament_install'
[1.006s] Level 1:colcon.colcon_core.package_identification:_identify(src/phidgets_drivers/phidgets_analog_inputs) by extensions ['colcon_pkg']
[1.006s] Level 1:colcon.colcon_core.package_identification:_identify(src/phidgets_drivers/phidgets_analog_inputs) by extension 'colcon_pkg'
[1.006s] Level 1:colcon.colcon_core.package_identification:_identify(src/phidgets_drivers/phidgets_analog_inputs) by extensions ['colcon_meta']
[1.006s] Level 1:colcon.colcon_core.package_identification:_identify(src/phidgets_drivers/phidgets_analog_inputs) by extension 'colcon_meta'
[1.006s] Level 1:colcon.colcon_core.package_identification:_identify(src/phidgets_drivers/phidgets_analog_inputs) by extensions ['ros']
[1.006s] Level 1:colcon.colcon_core.package_identification:_identify(src/phidgets_drivers/phidgets_analog_inputs) by extension 'ros'
[1.007s] DEBUG:colcon.colcon_core.package_identification:Package 'src/phidgets_drivers/phidgets_analog_inputs' with type 'ros.ament_cmake' and name 'phidgets_analog_inputs'
[1.007s] Level 1:colcon.colcon_core.package_identification:_identify(src/phidgets_drivers/phidgets_analog_outputs) by extensions ['ignore', 'ignore_ament_install']
[1.007s] Level 1:colcon.colcon_core.package_identification:_identify(src/phidgets_drivers/phidgets_analog_outputs) by extension 'ignore'
[1.007s] Level 1:colcon.colcon_core.package_identification:_identify(src/phidgets_drivers/phidgets_analog_outputs) by extension 'ignore_ament_install'
[1.007s] Level 1:colcon.colcon_core.package_identification:_identify(src/phidgets_drivers/phidgets_analog_outputs) by extensions ['colcon_pkg']
[1.007s] Level 1:colcon.colcon_core.package_identification:_identify(src/phidgets_drivers/phidgets_analog_outputs) by extension 'colcon_pkg'
[1.007s] Level 1:colcon.colcon_core.package_identification:_identify(src/phidgets_drivers/phidgets_analog_outputs) by extensions ['colcon_meta']
[1.007s] Level 1:colcon.colcon_core.package_identification:_identify(src/phidgets_drivers/phidgets_analog_outputs) by extension 'colcon_meta'
[1.007s] Level 1:colcon.colcon_core.package_identification:_identify(src/phidgets_drivers/phidgets_analog_outputs) by extensions ['ros']
[1.007s] Level 1:colcon.colcon_core.package_identification:_identify(src/phidgets_drivers/phidgets_analog_outputs) by extension 'ros'
[1.007s] DEBUG:colcon.colcon_core.package_identification:Package 'src/phidgets_drivers/phidgets_analog_outputs' with type 'ros.ament_cmake' and name 'phidgets_analog_outputs'
[1.007s] Level 1:colcon.colcon_core.package_identification:_identify(src/phidgets_drivers/phidgets_api) by extensions ['ignore', 'ignore_ament_install']
[1.007s] Level 1:colcon.colcon_core.package_identification:_identify(src/phidgets_drivers/phidgets_api) by extension 'ignore'
[1.007s] Level 1:colcon.colcon_core.package_identification:_identify(src/phidgets_drivers/phidgets_api) by extension 'ignore_ament_install'
[1.007s] Level 1:colcon.colcon_core.package_identification:_identify(src/phidgets_drivers/phidgets_api) by extensions ['colcon_pkg']
[1.007s] Level 1:colcon.colcon_core.package_identification:_identify(src/phidgets_drivers/phidgets_api) by extension 'colcon_pkg'
[1.007s] Level 1:colcon.colcon_core.package_identification:_identify(src/phidgets_drivers/phidgets_api) by extensions ['colcon_meta']
[1.008s] Level 1:colcon.colcon_core.package_identification:_identify(src/phidgets_drivers/phidgets_api) by extension 'colcon_meta'
[1.008s] Level 1:colcon.colcon_core.package_identification:_identify(src/phidgets_drivers/phidgets_api) by extensions ['ros']
[1.008s] Level 1:colcon.colcon_core.package_identification:_identify(src/phidgets_drivers/phidgets_api) by extension 'ros'
[1.008s] DEBUG:colcon.colcon_core.package_identification:Package 'src/phidgets_drivers/phidgets_api' with type 'ros.ament_cmake' and name 'phidgets_api'
[1.008s] Level 1:colcon.colcon_core.package_identification:_identify(src/phidgets_drivers/phidgets_digital_inputs) by extensions ['ignore', 'ignore_ament_install']
[1.008s] Level 1:colcon.colcon_core.package_identification:_identify(src/phidgets_drivers/phidgets_digital_inputs) by extension 'ignore'
[1.008s] Level 1:colcon.colcon_core.package_identification:_identify(src/phidgets_drivers/phidgets_digital_inputs) by extension 'ignore_ament_install'
[1.008s] Level 1:colcon.colcon_core.package_identification:_identify(src/phidgets_drivers/phidgets_digital_inputs) by extensions ['colcon_pkg']
[1.008s] Level 1:colcon.colcon_core.package_identification:_identify(src/phidgets_drivers/phidgets_digital_inputs) by extension 'colcon_pkg'
[1.008s] Level 1:colcon.colcon_core.package_identification:_identify(src/phidgets_drivers/phidgets_digital_inputs) by extensions ['colcon_meta']
[1.008s] Level 1:colcon.colcon_core.package_identification:_identify(src/phidgets_drivers/phidgets_digital_inputs) by extension 'colcon_meta'
[1.008s] Level 1:colcon.colcon_core.package_identification:_identify(src/phidgets_drivers/phidgets_digital_inputs) by extensions ['ros']
[1.008s] Level 1:colcon.colcon_core.package_identification:_identify(src/phidgets_drivers/phidgets_digital_inputs) by extension 'ros'
[1.009s] DEBUG:colcon.colcon_core.package_identification:Package 'src/phidgets_drivers/phidgets_digital_inputs' with type 'ros.ament_cmake' and name 'phidgets_digital_inputs'
[1.009s] Level 1:colcon.colcon_core.package_identification:_identify(src/phidgets_drivers/phidgets_digital_outputs) by extensions ['ignore', 'ignore_ament_install']
[1.009s] Level 1:colcon.colcon_core.package_identification:_identify(src/phidgets_drivers/phidgets_digital_outputs) by extension 'ignore'
[1.009s] Level 1:colcon.colcon_core.package_identification:_identify(src/phidgets_drivers/phidgets_digital_outputs) by extension 'ignore_ament_install'
[1.009s] Level 1:colcon.colcon_core.package_identification:_identify(src/phidgets_drivers/phidgets_digital_outputs) by extensions ['colcon_pkg']
[1.009s] Level 1:colcon.colcon_core.package_identification:_identify(src/phidgets_drivers/phidgets_digital_outputs) by extension 'colcon_pkg'
[1.009s] Level 1:colcon.colcon_core.package_identification:_identify(src/phidgets_drivers/phidgets_digital_outputs) by extensions ['colcon_meta']
[1.009s] Level 1:colcon.colcon_core.package_identification:_identify(src/phidgets_drivers/phidgets_digital_outputs) by extension 'colcon_meta'
[1.009s] Level 1:colcon.colcon_core.package_identification:_identify(src/phidgets_drivers/phidgets_digital_outputs) by extensions ['ros']
[1.009s] Level 1:colcon.colcon_core.package_identification:_identify(src/phidgets_drivers/phidgets_digital_outputs) by extension 'ros'
[1.009s] DEBUG:colcon.colcon_core.package_identification:Package 'src/phidgets_drivers/phidgets_digital_outputs' with type 'ros.ament_cmake' and name 'phidgets_digital_outputs'
[1.009s] Level 1:colcon.colcon_core.package_identification:_identify(src/phidgets_drivers/phidgets_drivers) by extensions ['ignore', 'ignore_ament_install']
[1.009s] Level 1:colcon.colcon_core.package_identification:_identify(src/phidgets_drivers/phidgets_drivers) by extension 'ignore'
[1.009s] Level 1:colcon.colcon_core.package_identification:_identify(src/phidgets_drivers/phidgets_drivers) by extension 'ignore_ament_install'
[1.009s] Level 1:colcon.colcon_core.package_identification:_identify(src/phidgets_drivers/phidgets_drivers) by extensions ['colcon_pkg']
[1.009s] Level 1:colcon.colcon_core.package_identification:_identify(src/phidgets_drivers/phidgets_drivers) by extension 'colcon_pkg'
[1.009s] Level 1:colcon.colcon_core.package_identification:_identify(src/phidgets_drivers/phidgets_drivers) by extensions ['colcon_meta']
[1.009s] Level 1:colcon.colcon_core.package_identification:_identify(src/phidgets_drivers/phidgets_drivers) by extension 'colcon_meta'
[1.010s] Level 1:colcon.colcon_core.package_identification:_identify(src/phidgets_drivers/phidgets_drivers) by extensions ['ros']
[1.010s] Level 1:colcon.colcon_core.package_identification:_identify(src/phidgets_drivers/phidgets_drivers) by extension 'ros'
[1.010s] DEBUG:colcon.colcon_core.package_identification:Package 'src/phidgets_drivers/phidgets_drivers' with type 'ros.ament_cmake' and name 'phidgets_drivers'
[1.010s] Level 1:colcon.colcon_core.package_identification:_identify(src/phidgets_drivers/phidgets_gyroscope) by extensions ['ignore', 'ignore_ament_install']
[1.010s] Level 1:colcon.colcon_core.package_identification:_identify(src/phidgets_drivers/phidgets_gyroscope) by extension 'ignore'
[1.010s] Level 1:colcon.colcon_core.package_identification:_identify(src/phidgets_drivers/phidgets_gyroscope) by extension 'ignore_ament_install'
[1.010s] Level 1:colcon.colcon_core.package_identification:_identify(src/phidgets_drivers/phidgets_gyroscope) by extensions ['colcon_pkg']
[1.010s] Level 1:colcon.colcon_core.package_identification:_identify(src/phidgets_drivers/phidgets_gyroscope) by extension 'colcon_pkg'
[1.010s] Level 1:colcon.colcon_core.package_identification:_identify(src/phidgets_drivers/phidgets_gyroscope) by extensions ['colcon_meta']
[1.010s] Level 1:colcon.colcon_core.package_identification:_identify(src/phidgets_drivers/phidgets_gyroscope) by extension 'colcon_meta'
[1.010s] Level 1:colcon.colcon_core.package_identification:_identify(src/phidgets_drivers/phidgets_gyroscope) by extensions ['ros']
[1.010s] Level 1:colcon.colcon_core.package_identification:_identify(src/phidgets_drivers/phidgets_gyroscope) by extension 'ros'
[1.011s] DEBUG:colcon.colcon_core.package_identification:Package 'src/phidgets_drivers/phidgets_gyroscope' with type 'ros.ament_cmake' and name 'phidgets_gyroscope'
[1.011s] Level 1:colcon.colcon_core.package_identification:_identify(src/phidgets_drivers/phidgets_high_speed_encoder) by extensions ['ignore', 'ignore_ament_install']
[1.011s] Level 1:colcon.colcon_core.package_identification:_identify(src/phidgets_drivers/phidgets_high_speed_encoder) by extension 'ignore'
[1.011s] Level 1:colcon.colcon_core.package_identification:_identify(src/phidgets_drivers/phidgets_high_speed_encoder) by extension 'ignore_ament_install'
[1.011s] Level 1:colcon.colcon_core.package_identification:_identify(src/phidgets_drivers/phidgets_high_speed_encoder) by extensions ['colcon_pkg']
[1.011s] Level 1:colcon.colcon_core.package_identification:_identify(src/phidgets_drivers/phidgets_high_speed_encoder) by extension 'colcon_pkg'
[1.011s] Level 1:colcon.colcon_core.package_identification:_identify(src/phidgets_drivers/phidgets_high_speed_encoder) by extensions ['colcon_meta']
[1.011s] Level 1:colcon.colcon_core.package_identification:_identify(src/phidgets_drivers/phidgets_high_speed_encoder) by extension 'colcon_meta'
[1.011s] Level 1:colcon.colcon_core.package_identification:_identify(src/phidgets_drivers/phidgets_high_speed_encoder) by extensions ['ros']
[1.011s] Level 1:colcon.colcon_core.package_identification:_identify(src/phidgets_drivers/phidgets_high_speed_encoder) by extension 'ros'
[1.011s] DEBUG:colcon.colcon_core.package_identification:Package 'src/phidgets_drivers/phidgets_high_speed_encoder' with type 'ros.ament_cmake' and name 'phidgets_high_speed_encoder'
[1.011s] Level 1:colcon.colcon_core.package_identification:_identify(src/phidgets_drivers/phidgets_ik) by extensions ['ignore', 'ignore_ament_install']
[1.011s] Level 1:colcon.colcon_core.package_identification:_identify(src/phidgets_drivers/phidgets_ik) by extension 'ignore'
[1.012s] Level 1:colcon.colcon_core.package_identification:_identify(src/phidgets_drivers/phidgets_ik) by extension 'ignore_ament_install'
[1.012s] Level 1:colcon.colcon_core.package_identification:_identify(src/phidgets_drivers/phidgets_ik) by extensions ['colcon_pkg']
[1.012s] Level 1:colcon.colcon_core.package_identification:_identify(src/phidgets_drivers/phidgets_ik) by extension 'colcon_pkg'
[1.012s] Level 1:colcon.colcon_core.package_identification:_identify(src/phidgets_drivers/phidgets_ik) by extensions ['colcon_meta']
[1.012s] Level 1:colcon.colcon_core.package_identification:_identify(src/phidgets_drivers/phidgets_ik) by extension 'colcon_meta'
[1.012s] Level 1:colcon.colcon_core.package_identification:_identify(src/phidgets_drivers/phidgets_ik) by extensions ['ros']
[1.012s] Level 1:colcon.colcon_core.package_identification:_identify(src/phidgets_drivers/phidgets_ik) by extension 'ros'
[1.012s] DEBUG:colcon.colcon_core.package_identification:Package 'src/phidgets_drivers/phidgets_ik' with type 'ros.ament_cmake' and name 'phidgets_ik'
[1.012s] Level 1:colcon.colcon_core.package_identification:_identify(src/phidgets_drivers/phidgets_magnetometer) by extensions ['ignore', 'ignore_ament_install']
[1.012s] Level 1:colcon.colcon_core.package_identification:_identify(src/phidgets_drivers/phidgets_magnetometer) by extension 'ignore'
[1.012s] Level 1:colcon.colcon_core.package_identification:_identify(src/phidgets_drivers/phidgets_magnetometer) by extension 'ignore_ament_install'
[1.012s] Level 1:colcon.colcon_core.package_identification:_identify(src/phidgets_drivers/phidgets_magnetometer) by extensions ['colcon_pkg']
[1.012s] Level 1:colcon.colcon_core.package_identification:_identify(src/phidgets_drivers/phidgets_magnetometer) by extension 'colcon_pkg'
[1.012s] Level 1:colcon.colcon_core.package_identification:_identify(src/phidgets_drivers/phidgets_magnetometer) by extensions ['colcon_meta']
[1.012s] Level 1:colcon.colcon_core.package_identification:_identify(src/phidgets_drivers/phidgets_magnetometer) by extension 'colcon_meta'
[1.012s] Level 1:colcon.colcon_core.package_identification:_identify(src/phidgets_drivers/phidgets_magnetometer) by extensions ['ros']
[1.012s] Level 1:colcon.colcon_core.package_identification:_identify(src/phidgets_drivers/phidgets_magnetometer) by extension 'ros'
[1.013s] DEBUG:colcon.colcon_core.package_identification:Package 'src/phidgets_drivers/phidgets_magnetometer' with type 'ros.ament_cmake' and name 'phidgets_magnetometer'
[1.013s] Level 1:colcon.colcon_core.package_identification:_identify(src/phidgets_drivers/phidgets_motors) by extensions ['ignore', 'ignore_ament_install']
[1.013s] Level 1:colcon.colcon_core.package_identification:_identify(src/phidgets_drivers/phidgets_motors) by extension 'ignore'
[1.013s] Level 1:colcon.colcon_core.package_identification:_identify(src/phidgets_drivers/phidgets_motors) by extension 'ignore_ament_install'
[1.013s] Level 1:colcon.colcon_core.package_identification:_identify(src/phidgets_drivers/phidgets_motors) by extensions ['colcon_pkg']
[1.013s] Level 1:colcon.colcon_core.package_identification:_identify(src/phidgets_drivers/phidgets_motors) by extension 'colcon_pkg'
[1.013s] Level 1:colcon.colcon_core.package_identification:_identify(src/phidgets_drivers/phidgets_motors) by extensions ['colcon_meta']
[1.013s] Level 1:colcon.colcon_core.package_identification:_identify(src/phidgets_drivers/phidgets_motors) by extension 'colcon_meta'
[1.013s] Level 1:colcon.colcon_core.package_identification:_identify(src/phidgets_drivers/phidgets_motors) by extensions ['ros']
[1.013s] Level 1:colcon.colcon_core.package_identification:_identify(src/phidgets_drivers/phidgets_motors) by extension 'ros'
[1.013s] DEBUG:colcon.colcon_core.package_identification:Package 'src/phidgets_drivers/phidgets_motors' with type 'ros.ament_cmake' and name 'phidgets_motors'
[1.013s] Level 1:colcon.colcon_core.package_identification:_identify(src/phidgets_drivers/phidgets_msgs) by extensions ['ignore', 'ignore_ament_install']
[1.013s] Level 1:colcon.colcon_core.package_identification:_identify(src/phidgets_drivers/phidgets_msgs) by extension 'ignore'
[1.013s] Level 1:colcon.colcon_core.package_identification:_identify(src/phidgets_drivers/phidgets_msgs) by extension 'ignore_ament_install'
[1.013s] Level 1:colcon.colcon_core.package_identification:_identify(src/phidgets_drivers/phidgets_msgs) by extensions ['colcon_pkg']
[1.013s] Level 1:colcon.colcon_core.package_identification:_identify(src/phidgets_drivers/phidgets_msgs) by extension 'colcon_pkg'
[1.013s] Level 1:colcon.colcon_core.package_identification:_identify(src/phidgets_drivers/phidgets_msgs) by extensions ['colcon_meta']
[1.013s] Level 1:colcon.colcon_core.package_identification:_identify(src/phidgets_drivers/phidgets_msgs) by extension 'colcon_meta'
[1.014s] Level 1:colcon.colcon_core.package_identification:_identify(src/phidgets_drivers/phidgets_msgs) by extensions ['ros']
[1.014s] Level 1:colcon.colcon_core.package_identification:_identify(src/phidgets_drivers/phidgets_msgs) by extension 'ros'
[1.014s] DEBUG:colcon.colcon_core.package_identification:Package 'src/phidgets_drivers/phidgets_msgs' with type 'ros.ament_cmake' and name 'phidgets_msgs'
[1.014s] Level 1:colcon.colcon_core.package_identification:_identify(src/phidgets_drivers/phidgets_spatial) by extensions ['ignore', 'ignore_ament_install']
[1.014s] Level 1:colcon.colcon_core.package_identification:_identify(src/phidgets_drivers/phidgets_spatial) by extension 'ignore'
[1.014s] Level 1:colcon.colcon_core.package_identification:_identify(src/phidgets_drivers/phidgets_spatial) by extension 'ignore_ament_install'
[1.014s] Level 1:colcon.colcon_core.package_identification:_identify(src/phidgets_drivers/phidgets_spatial) by extensions ['colcon_pkg']
[1.014s] Level 1:colcon.colcon_core.package_identification:_identify(src/phidgets_drivers/phidgets_spatial) by extension 'colcon_pkg'
[1.014s] Level 1:colcon.colcon_core.package_identification:_identify(src/phidgets_drivers/phidgets_spatial) by extensions ['colcon_meta']
[1.014s] Level 1:colcon.colcon_core.package_identification:_identify(src/phidgets_drivers/phidgets_spatial) by extension 'colcon_meta'
[1.014s] Level 1:colcon.colcon_core.package_identification:_identify(src/phidgets_drivers/phidgets_spatial) by extensions ['ros']
[1.014s] Level 1:colcon.colcon_core.package_identification:_identify(src/phidgets_drivers/phidgets_spatial) by extension 'ros'
[1.015s] DEBUG:colcon.colcon_core.package_identification:Package 'src/phidgets_drivers/phidgets_spatial' with type 'ros.ament_cmake' and name 'phidgets_spatial'
[1.015s] Level 1:colcon.colcon_core.package_identification:_identify(src/phidgets_drivers/phidgets_stepper) by extensions ['ignore', 'ignore_ament_install']
[1.015s] Level 1:colcon.colcon_core.package_identification:_identify(src/phidgets_drivers/phidgets_stepper) by extension 'ignore'
[1.015s] Level 1:colcon.colcon_core.package_identification:_identify(src/phidgets_drivers/phidgets_stepper) by extension 'ignore_ament_install'
[1.015s] Level 1:colcon.colcon_core.package_identification:_identify(src/phidgets_drivers/phidgets_stepper) by extensions ['colcon_pkg']
[1.015s] Level 1:colcon.colcon_core.package_identification:_identify(src/phidgets_drivers/phidgets_stepper) by extension 'colcon_pkg'
[1.015s] Level 1:colcon.colcon_core.package_identification:_identify(src/phidgets_drivers/phidgets_stepper) by extensions ['colcon_meta']
[1.015s] Level 1:colcon.colcon_core.package_identification:_identify(src/phidgets_drivers/phidgets_stepper) by extension 'colcon_meta'
[1.015s] Level 1:colcon.colcon_core.package_identification:_identify(src/phidgets_drivers/phidgets_stepper) by extensions ['ros']
[1.015s] Level 1:colcon.colcon_core.package_identification:_identify(src/phidgets_drivers/phidgets_stepper) by extension 'ros'
[1.015s] DEBUG:colcon.colcon_core.package_identification:Package 'src/phidgets_drivers/phidgets_stepper' with type 'ros.ament_cmake' and name 'phidgets_stepper'
[1.015s] Level 1:colcon.colcon_core.package_identification:_identify(src/phidgets_drivers/phidgets_temperature) by extensions ['ignore', 'ignore_ament_install']
[1.015s] Level 1:colcon.colcon_core.package_identification:_identify(src/phidgets_drivers/phidgets_temperature) by extension 'ignore'
[1.016s] Level 1:colcon.colcon_core.package_identification:_identify(src/phidgets_drivers/phidgets_temperature) by extension 'ignore_ament_install'
[1.016s] Level 1:colcon.colcon_core.package_identification:_identify(src/phidgets_drivers/phidgets_temperature) by extensions ['colcon_pkg']
[1.016s] Level 1:colcon.colcon_core.package_identification:_identify(src/phidgets_drivers/phidgets_temperature) by extension 'colcon_pkg'
[1.016s] Level 1:colcon.colcon_core.package_identification:_identify(src/phidgets_drivers/phidgets_temperature) by extensions ['colcon_meta']
[1.016s] Level 1:colcon.colcon_core.package_identification:_identify(src/phidgets_drivers/phidgets_temperature) by extension 'colcon_meta'
[1.016s] Level 1:colcon.colcon_core.package_identification:_identify(src/phidgets_drivers/phidgets_temperature) by extensions ['ros']
[1.016s] Level 1:colcon.colcon_core.package_identification:_identify(src/phidgets_drivers/phidgets_temperature) by extension 'ros'
[1.016s] DEBUG:colcon.colcon_core.package_identification:Package 'src/phidgets_drivers/phidgets_temperature' with type 'ros.ament_cmake' and name 'phidgets_temperature'
[1.016s] Level 1:colcon.colcon_core.package_identification:_identify(src/realsense-ros) by extensions ['ignore', 'ignore_ament_install']
[1.016s] Level 1:colcon.colcon_core.package_identification:_identify(src/realsense-ros) by extension 'ignore'
[1.016s] Level 1:colcon.colcon_core.package_identification:_identify(src/realsense-ros) by extension 'ignore_ament_install'
[1.016s] Level 1:colcon.colcon_core.package_identification:_identify(src/realsense-ros) by extensions ['colcon_pkg']
[1.016s] Level 1:colcon.colcon_core.package_identification:_identify(src/realsense-ros) by extension 'colcon_pkg'
[1.016s] Level 1:colcon.colcon_core.package_identification:_identify(src/realsense-ros) by extensions ['colcon_meta']
[1.016s] Level 1:colcon.colcon_core.package_identification:_identify(src/realsense-ros) by extension 'colcon_meta'
[1.016s] Level 1:colcon.colcon_core.package_identification:_identify(src/realsense-ros) by extensions ['ros']
[1.016s] Level 1:colcon.colcon_core.package_identification:_identify(src/realsense-ros) by extension 'ros'
[1.016s] Level 1:colcon.colcon_core.package_identification:_identify(src/realsense-ros) by extensions ['cmake', 'python']
[1.016s] Level 1:colcon.colcon_core.package_identification:_identify(src/realsense-ros) by extension 'cmake'
[1.016s] Level 1:colcon.colcon_core.package_identification:_identify(src/realsense-ros) by extension 'python'
[1.016s] Level 1:colcon.colcon_core.package_identification:_identify(src/realsense-ros) by extensions ['python_setup_py']
[1.016s] Level 1:colcon.colcon_core.package_identification:_identify(src/realsense-ros) by extension 'python_setup_py'
[1.017s] Level 1:colcon.colcon_core.package_identification:_identify(src/realsense-ros/realsense2_camera) by extensions ['ignore', 'ignore_ament_install']
[1.017s] Level 1:colcon.colcon_core.package_identification:_identify(src/realsense-ros/realsense2_camera) by extension 'ignore'
[1.017s] Level 1:colcon.colcon_core.package_identification:_identify(src/realsense-ros/realsense2_camera) by extension 'ignore_ament_install'
[1.017s] Level 1:colcon.colcon_core.package_identification:_identify(src/realsense-ros/realsense2_camera) by extensions ['colcon_pkg']
[1.017s] Level 1:colcon.colcon_core.package_identification:_identify(src/realsense-ros/realsense2_camera) by extension 'colcon_pkg'
[1.017s] Level 1:colcon.colcon_core.package_identification:_identify(src/realsense-ros/realsense2_camera) by extensions ['colcon_meta']
[1.017s] Level 1:colcon.colcon_core.package_identification:_identify(src/realsense-ros/realsense2_camera) by extension 'colcon_meta'
[1.017s] Level 1:colcon.colcon_core.package_identification:_identify(src/realsense-ros/realsense2_camera) by extensions ['ros']
[1.017s] Level 1:colcon.colcon_core.package_identification:_identify(src/realsense-ros/realsense2_camera) by extension 'ros'
[1.022s] DEBUG:colcon.colcon_core.package_identification:Package 'src/realsense-ros/realsense2_camera' with type 'ros.ament_cmake' and name 'realsense2_camera'
[1.022s] Level 1:colcon.colcon_core.package_identification:_identify(src/realsense-ros/realsense2_camera_msgs) by extensions ['ignore', 'ignore_ament_install']
[1.022s] Level 1:colcon.colcon_core.package_identification:_identify(src/realsense-ros/realsense2_camera_msgs) by extension 'ignore'
[1.022s] Level 1:colcon.colcon_core.package_identification:_identify(src/realsense-ros/realsense2_camera_msgs) by extension 'ignore_ament_install'
[1.022s] Level 1:colcon.colcon_core.package_identification:_identify(src/realsense-ros/realsense2_camera_msgs) by extensions ['colcon_pkg']
[1.022s] Level 1:colcon.colcon_core.package_identification:_identify(src/realsense-ros/realsense2_camera_msgs) by extension 'colcon_pkg'
[1.022s] Level 1:colcon.colcon_core.package_identification:_identify(src/realsense-ros/realsense2_camera_msgs) by extensions ['colcon_meta']
[1.022s] Level 1:colcon.colcon_core.package_identification:_identify(src/realsense-ros/realsense2_camera_msgs) by extension 'colcon_meta'
[1.022s] Level 1:colcon.colcon_core.package_identification:_identify(src/realsense-ros/realsense2_camera_msgs) by extensions ['ros']
[1.022s] Level 1:colcon.colcon_core.package_identification:_identify(src/realsense-ros/realsense2_camera_msgs) by extension 'ros'
[1.023s] DEBUG:colcon.colcon_core.package_identification:Package 'src/realsense-ros/realsense2_camera_msgs' with type 'ros.ament_cmake' and name 'realsense2_camera_msgs'
[1.023s] Level 1:colcon.colcon_core.package_identification:_identify(src/realsense-ros/realsense2_description) by extensions ['ignore', 'ignore_ament_install']
[1.023s] Level 1:colcon.colcon_core.package_identification:_identify(src/realsense-ros/realsense2_description) by extension 'ignore'
[1.023s] Level 1:colcon.colcon_core.package_identification:_identify(src/realsense-ros/realsense2_description) by extension 'ignore_ament_install'
[1.023s] Level 1:colcon.colcon_core.package_identification:_identify(src/realsense-ros/realsense2_description) by extensions ['colcon_pkg']
[1.023s] Level 1:colcon.colcon_core.package_identification:_identify(src/realsense-ros/realsense2_description) by extension 'colcon_pkg'
[1.023s] Level 1:colcon.colcon_core.package_identification:_identify(src/realsense-ros/realsense2_description) by extensions ['colcon_meta']
[1.023s] Level 1:colcon.colcon_core.package_identification:_identify(src/realsense-ros/realsense2_description) by extension 'colcon_meta'
[1.023s] Level 1:colcon.colcon_core.package_identification:_identify(src/realsense-ros/realsense2_description) by extensions ['ros']
[1.023s] Level 1:colcon.colcon_core.package_identification:_identify(src/realsense-ros/realsense2_description) by extension 'ros'
[1.023s] DEBUG:colcon.colcon_core.package_identification:Package 'src/realsense-ros/realsense2_description' with type 'ros.ament_cmake' and name 'realsense2_description'
[1.023s] Level 1:colcon.colcon_core.package_identification:_identify(src/realsense-ros/realsense2_rgbd_plugin) by extensions ['ignore', 'ignore_ament_install']
[1.023s] Level 1:colcon.colcon_core.package_identification:_identify(src/realsense-ros/realsense2_rgbd_plugin) by extension 'ignore'
[1.023s] Level 1:colcon.colcon_core.package_identification:_identify(src/realsense-ros/realsense2_rgbd_plugin) by extension 'ignore_ament_install'
[1.023s] Level 1:colcon.colcon_core.package_identification:_identify(src/realsense-ros/realsense2_rgbd_plugin) by extensions ['colcon_pkg']
[1.023s] Level 1:colcon.colcon_core.package_identification:_identify(src/realsense-ros/realsense2_rgbd_plugin) by extension 'colcon_pkg'
[1.023s] Level 1:colcon.colcon_core.package_identification:_identify(src/realsense-ros/realsense2_rgbd_plugin) by extensions ['colcon_meta']
[1.023s] Level 1:colcon.colcon_core.package_identification:_identify(src/realsense-ros/realsense2_rgbd_plugin) by extension 'colcon_meta'
[1.024s] Level 1:colcon.colcon_core.package_identification:_identify(src/realsense-ros/realsense2_rgbd_plugin) by extensions ['ros']
[1.024s] Level 1:colcon.colcon_core.package_identification:_identify(src/realsense-ros/realsense2_rgbd_plugin) by extension 'ros'
[1.024s] DEBUG:colcon.colcon_core.package_identification:Package 'src/realsense-ros/realsense2_rgbd_plugin' with type 'ros.ament_cmake' and name 'realsense2_rviz_plugin'
[1.024s] Level 1:colcon.colcon_core.package_identification:_identify(src/realsense-ros/realsense2_ros_mqtt_bridge) by extensions ['ignore', 'ignore_ament_install']
[1.024s] Level 1:colcon.colcon_core.package_identification:_identify(src/realsense-ros/realsense2_ros_mqtt_bridge) by extension 'ignore'
[1.024s] Level 1:colcon.colcon_core.package_identification:_identify(src/realsense-ros/realsense2_ros_mqtt_bridge) by extension 'ignore_ament_install'
[1.024s] Level 1:colcon.colcon_core.package_identification:_identify(src/realsense-ros/realsense2_ros_mqtt_bridge) by extensions ['colcon_pkg']
[1.024s] Level 1:colcon.colcon_core.package_identification:_identify(src/realsense-ros/realsense2_ros_mqtt_bridge) by extension 'colcon_pkg'
[1.024s] Level 1:colcon.colcon_core.package_identification:_identify(src/realsense-ros/realsense2_ros_mqtt_bridge) by extensions ['colcon_meta']
[1.024s] Level 1:colcon.colcon_core.package_identification:_identify(src/realsense-ros/realsense2_ros_mqtt_bridge) by extension 'colcon_meta'
[1.024s] Level 1:colcon.colcon_core.package_identification:_identify(src/realsense-ros/realsense2_ros_mqtt_bridge) by extensions ['ros']
[1.024s] Level 1:colcon.colcon_core.package_identification:_identify(src/realsense-ros/realsense2_ros_mqtt_bridge) by extension 'ros'
[1.025s] DEBUG:colcon.colcon_core.package_identification:Package 'src/realsense-ros/realsense2_ros_mqtt_bridge' with type 'ros.ament_python' and name 'realsense2_ros_mqtt_bridge'
[1.025s] Level 1:colcon.colcon_core.package_identification:_identify(src/realsense-ros/res) by extensions ['ignore', 'ignore_ament_install']
[1.025s] Level 1:colcon.colcon_core.package_identification:_identify(src/realsense-ros/res) by extension 'ignore'
[1.025s] Level 1:colcon.colcon_core.package_identification:_identify(src/realsense-ros/res) by extension 'ignore_ament_install'
[1.025s] Level 1:colcon.colcon_core.package_identification:_identify(src/realsense-ros/res) by extensions ['colcon_pkg']
[1.025s] Level 1:colcon.colcon_core.package_identification:_identify(src/realsense-ros/res) by extension 'colcon_pkg'
[1.025s] Level 1:colcon.colcon_core.package_identification:_identify(src/realsense-ros/res) by extensions ['colcon_meta']
[1.025s] Level 1:colcon.colcon_core.package_identification:_identify(src/realsense-ros/res) by extension 'colcon_meta'
[1.025s] Level 1:colcon.colcon_core.package_identification:_identify(src/realsense-ros/res) by extensions ['ros']
[1.025s] Level 1:colcon.colcon_core.package_identification:_identify(src/realsense-ros/res) by extension 'ros'
[1.025s] Level 1:colcon.colcon_core.package_identification:_identify(src/realsense-ros/res) by extensions ['cmake', 'python']
[1.025s] Level 1:colcon.colcon_core.package_identification:_identify(src/realsense-ros/res) by extension 'cmake'
[1.025s] Level 1:colcon.colcon_core.package_identification:_identify(src/realsense-ros/res) by extension 'python'
[1.025s] Level 1:colcon.colcon_core.package_identification:_identify(src/realsense-ros/res) by extensions ['python_setup_py']
[1.025s] Level 1:colcon.colcon_core.package_identification:_identify(src/realsense-ros/res) by extension 'python_setup_py'
[1.025s] Level 1:colcon.colcon_core.package_identification:_identify(src/realsense-ros/scripts) by extensions ['ignore', 'ignore_ament_install']
[1.025s] Level 1:colcon.colcon_core.package_identification:_identify(src/realsense-ros/scripts) by extension 'ignore'
[1.025s] Level 1:colcon.colcon_core.package_identification:_identify(src/realsense-ros/scripts) by extension 'ignore_ament_install'
[1.025s] Level 1:colcon.colcon_core.package_identification:_identify(src/realsense-ros/scripts) by extensions ['colcon_pkg']
[1.025s] Level 1:colcon.colcon_core.package_identification:_identify(src/realsense-ros/scripts) by extension 'colcon_pkg'
[1.025s] Level 1:colcon.colcon_core.package_identification:_identify(src/realsense-ros/scripts) by extensions ['colcon_meta']
[1.025s] Level 1:colcon.colcon_core.package_identification:_identify(src/realsense-ros/scripts) by extension 'colcon_meta'
[1.025s] Level 1:colcon.colcon_core.package_identification:_identify(src/realsense-ros/scripts) by extensions ['ros']
[1.025s] Level 1:colcon.colcon_core.package_identification:_identify(src/realsense-ros/scripts) by extension 'ros'
[1.025s] Level 1:colcon.colcon_core.package_identification:_identify(src/realsense-ros/scripts) by extensions ['cmake', 'python']
[1.025s] Level 1:colcon.colcon_core.package_identification:_identify(src/realsense-ros/scripts) by extension 'cmake'
[1.025s] Level 1:colcon.colcon_core.package_identification:_identify(src/realsense-ros/scripts) by extension 'python'
[1.025s] Level 1:colcon.colcon_core.package_identification:_identify(src/realsense-ros/scripts) by extensions ['python_setup_py']
[1.025s] Level 1:colcon.colcon_core.package_identification:_identify(src/realsense-ros/scripts) by extension 'python_setup_py'
[1.025s] Level 1:colcon.colcon_core.package_identification:_identify(src/robp_arm) by extensions ['ignore', 'ignore_ament_install']
[1.025s] Level 1:colcon.colcon_core.package_identification:_identify(src/robp_arm) by extension 'ignore'
[1.026s] Level 1:colcon.colcon_core.package_identification:_identify(src/robp_arm) by extension 'ignore_ament_install'
[1.026s] Level 1:colcon.colcon_core.package_identification:_identify(src/robp_arm) by extensions ['colcon_pkg']
[1.026s] Level 1:colcon.colcon_core.package_identification:_identify(src/robp_arm) by extension 'colcon_pkg'
[1.026s] Level 1:colcon.colcon_core.package_identification:_identify(src/robp_arm) by extensions ['colcon_meta']
[1.026s] Level 1:colcon.colcon_core.package_identification:_identify(src/robp_arm) by extension 'colcon_meta'
[1.026s] Level 1:colcon.colcon_core.package_identification:_identify(src/robp_arm) by extensions ['ros']
[1.026s] Level 1:colcon.colcon_core.package_identification:_identify(src/robp_arm) by extension 'ros'
[1.026s] DEBUG:colcon.colcon_core.package_identification:Package 'src/robp_arm' with type 'ros.ament_python' and name 'robp_arm'
[1.026s] Level 1:colcon.colcon_core.package_identification:_identify(src/robp_autocomplete) by extensions ['ignore', 'ignore_ament_install']
[1.026s] Level 1:colcon.colcon_core.package_identification:_identify(src/robp_autocomplete) by extension 'ignore'
[1.026s] Level 1:colcon.colcon_core.package_identification:_identify(src/robp_autocomplete) by extension 'ignore_ament_install'
[1.026s] Level 1:colcon.colcon_core.package_identification:_identify(src/robp_autocomplete) by extensions ['colcon_pkg']
[1.026s] Level 1:colcon.colcon_core.package_identification:_identify(src/robp_autocomplete) by extension 'colcon_pkg'
[1.026s] Level 1:colcon.colcon_core.package_identification:_identify(src/robp_autocomplete) by extensions ['colcon_meta']
[1.026s] Level 1:colcon.colcon_core.package_identification:_identify(src/robp_autocomplete) by extension 'colcon_meta'
[1.026s] Level 1:colcon.colcon_core.package_identification:_identify(src/robp_autocomplete) by extensions ['ros']
[1.026s] Level 1:colcon.colcon_core.package_identification:_identify(src/robp_autocomplete) by extension 'ros'
[1.027s] DEBUG:colcon.colcon_core.package_identification:Package 'src/robp_autocomplete' with type 'ros.ament_python' and name 'robp_autocomplete'
[1.027s] Level 1:colcon.colcon_core.package_identification:_identify(src/robp_boot_camp_launch) by extensions ['ignore', 'ignore_ament_install']
[1.027s] Level 1:colcon.colcon_core.package_identification:_identify(src/robp_boot_camp_launch) by extension 'ignore'
[1.027s] Level 1:colcon.colcon_core.package_identification:_identify(src/robp_boot_camp_launch) by extension 'ignore_ament_install'
[1.027s] Level 1:colcon.colcon_core.package_identification:_identify(src/robp_boot_camp_launch) by extensions ['colcon_pkg']
[1.027s] Level 1:colcon.colcon_core.package_identification:_identify(src/robp_boot_camp_launch) by extension 'colcon_pkg'
[1.027s] Level 1:colcon.colcon_core.package_identification:_identify(src/robp_boot_camp_launch) by extensions ['colcon_meta']
[1.027s] Level 1:colcon.colcon_core.package_identification:_identify(src/robp_boot_camp_launch) by extension 'colcon_meta'
[1.027s] Level 1:colcon.colcon_core.package_identification:_identify(src/robp_boot_camp_launch) by extensions ['ros']
[1.027s] Level 1:colcon.colcon_core.package_identification:_identify(src/robp_boot_camp_launch) by extension 'ros'
[1.028s] DEBUG:colcon.colcon_core.package_identification:Package 'src/robp_boot_camp_launch' with type 'ros.ament_python' and name 'robp_boot_camp_launch'
[1.028s] Level 1:colcon.colcon_core.package_identification:_identify(src/robp_interfaces) by extensions ['ignore', 'ignore_ament_install']
[1.028s] Level 1:colcon.colcon_core.package_identification:_identify(src/robp_interfaces) by extension 'ignore'
[1.028s] Level 1:colcon.colcon_core.package_identification:_identify(src/robp_interfaces) by extension 'ignore_ament_install'
[1.028s] Level 1:colcon.colcon_core.package_identification:_identify(src/robp_interfaces) by extensions ['colcon_pkg']
[1.028s] Level 1:colcon.colcon_core.package_identification:_identify(src/robp_interfaces) by extension 'colcon_pkg'
[1.028s] Level 1:colcon.colcon_core.package_identification:_identify(src/robp_interfaces) by extensions ['colcon_meta']
[1.028s] Level 1:colcon.colcon_core.package_identification:_identify(src/robp_interfaces) by extension 'colcon_meta'
[1.028s] Level 1:colcon.colcon_core.package_identification:_identify(src/robp_interfaces) by extensions ['ros']
[1.028s] Level 1:colcon.colcon_core.package_identification:_identify(src/robp_interfaces) by extension 'ros'
[1.028s] DEBUG:colcon.colcon_core.package_identification:Package 'src/robp_interfaces' with type 'ros.ament_cmake' and name 'robp_interfaces'
[1.028s] Level 1:colcon.colcon_core.package_identification:_identify(src/robp_launch) by extensions ['ignore', 'ignore_ament_install']
[1.028s] Level 1:colcon.colcon_core.package_identification:_identify(src/robp_launch) by extension 'ignore'
[1.029s] Level 1:colcon.colcon_core.package_identification:_identify(src/robp_launch) by extension 'ignore_ament_install'
[1.029s] Level 1:colcon.colcon_core.package_identification:_identify(src/robp_launch) by extensions ['colcon_pkg']
[1.029s] Level 1:colcon.colcon_core.package_identification:_identify(src/robp_launch) by extension 'colcon_pkg'
[1.029s] Level 1:colcon.colcon_core.package_identification:_identify(src/robp_launch) by extensions ['colcon_meta']
[1.029s] Level 1:colcon.colcon_core.package_identification:_identify(src/robp_launch) by extension 'colcon_meta'
[1.029s] Level 1:colcon.colcon_core.package_identification:_identify(src/robp_launch) by extensions ['ros']
[1.029s] Level 1:colcon.colcon_core.package_identification:_identify(src/robp_launch) by extension 'ros'
[1.029s] DEBUG:colcon.colcon_core.package_identification:Package 'src/robp_launch' with type 'ros.ament_python' and name 'robp_launch'
[1.029s] Level 1:colcon.colcon_core.package_identification:_identify(src/robp_phidgets) by extensions ['ignore', 'ignore_ament_install']
[1.029s] Level 1:colcon.colcon_core.package_identification:_identify(src/robp_phidgets) by extension 'ignore'
[1.029s] Level 1:colcon.colcon_core.package_identification:_identify(src/robp_phidgets) by extension 'ignore_ament_install'
[1.029s] Level 1:colcon.colcon_core.package_identification:_identify(src/robp_phidgets) by extensions ['colcon_pkg']
[1.029s] Level 1:colcon.colcon_core.package_identification:_identify(src/robp_phidgets) by extension 'colcon_pkg'
[1.029s] Level 1:colcon.colcon_core.package_identification:_identify(src/robp_phidgets) by extensions ['colcon_meta']
[1.029s] Level 1:colcon.colcon_core.package_identification:_identify(src/robp_phidgets) by extension 'colcon_meta'
[1.029s] Level 1:colcon.colcon_core.package_identification:_identify(src/robp_phidgets) by extensions ['ros']
[1.029s] Level 1:colcon.colcon_core.package_identification:_identify(src/robp_phidgets) by extension 'ros'
[1.030s] DEBUG:colcon.colcon_core.package_identification:Package 'src/robp_phidgets' with type 'ros.ament_cmake' and name 'robp_phidgets'
[1.030s] Level 1:colcon.colcon_core.package_identification:_identify(src/rplidar_ros) by extensions ['ignore', 'ignore_ament_install']
[1.030s] Level 1:colcon.colcon_core.package_identification:_identify(src/rplidar_ros) by extension 'ignore'
[1.030s] Level 1:colcon.colcon_core.package_identification:_identify(src/rplidar_ros) by extension 'ignore_ament_install'
[1.030s] Level 1:colcon.colcon_core.package_identification:_identify(src/rplidar_ros) by extensions ['colcon_pkg']
[1.030s] Level 1:colcon.colcon_core.package_identification:_identify(src/rplidar_ros) by extension 'colcon_pkg'
[1.030s] Level 1:colcon.colcon_core.package_identification:_identify(src/rplidar_ros) by extensions ['colcon_meta']
[1.030s] Level 1:colcon.colcon_core.package_identification:_identify(src/rplidar_ros) by extension 'colcon_meta'
[1.030s] Level 1:colcon.colcon_core.package_identification:_identify(src/rplidar_ros) by extensions ['ros']
[1.030s] Level 1:colcon.colcon_core.package_identification:_identify(src/rplidar_ros) by extension 'ros'
[1.031s] DEBUG:colcon.colcon_core.package_identification:Package 'src/rplidar_ros' with type 'ros.ament_cmake' and name 'rplidar_ros'
[1.031s] Level 1:colcon.colcon_core.package_discovery:discover_packages(recursive) using defaults
[1.031s] Level 1:colcon.colcon_core.package_discovery:discover_packages(ignore) discover
[1.031s] Level 1:colcon.colcon_core.package_discovery:discover_packages(ignore) using defaults
[1.031s] Level 1:colcon.colcon_core.package_discovery:discover_packages(path) discover
[1.031s] Level 1:colcon.colcon_core.package_discovery:discover_packages(path) using defaults
[1.103s] Level 5:colcon.colcon_core.verb:set package 'aruco' build argument 'cmake_args' from command line to 'None'
[1.103s] Level 5:colcon.colcon_core.verb:set package 'aruco' build argument 'cmake_target' from command line to 'None'
[1.103s] Level 5:colcon.colcon_core.verb:set package 'aruco' build argument 'cmake_target_skip_unavailable' from command line to 'False'
[1.103s] Level 5:colcon.colcon_core.verb:set package 'aruco' build argument 'cmake_clean_cache' from command line to 'False'
[1.103s] Level 5:colcon.colcon_core.verb:set package 'aruco' build argument 'cmake_clean_first' from command line to 'False'
[1.103s] Level 5:colcon.colcon_core.verb:set package 'aruco' build argument 'cmake_force_configure' from command line to 'False'
[1.103s] Level 5:colcon.colcon_core.verb:set package 'aruco' build argument 'ament_cmake_args' from command line to 'None'
[1.103s] Level 5:colcon.colcon_core.verb:set package 'aruco' build argument 'catkin_cmake_args' from command line to 'None'
[1.103s] Level 5:colcon.colcon_core.verb:set package 'aruco' build argument 'catkin_skip_building_tests' from command line to 'False'
[1.103s] DEBUG:colcon.colcon_core.verb:Building package 'aruco' with the following arguments: {'ament_cmake_args': None, 'build_base': '/home/grumpy/dd2419_ws_Group5_2026/build/aruco', 'catkin_cmake_args': None, 'catkin_skip_building_tests': False, 'cmake_args': None, 'cmake_clean_cache': False, 'cmake_clean_first': False, 'cmake_force_configure': False, 'cmake_target': None, 'cmake_target_skip_unavailable': False, 'install_base': '/home/grumpy/dd2419_ws_Group5_2026/install/aruco', 'merge_install': False, 'path': '/home/grumpy/dd2419_ws_Group5_2026/src/aruco_ros/aruco', 'symlink_install': False, 'test_result_base': None}
[1.116s] Level 5:colcon.colcon_core.verb:set package 'aruco_msgs' build argument 'cmake_args' from command line to 'None'
[1.116s] Level 5:colcon.colcon_core.verb:set package 'aruco_msgs' build argument 'cmake_target' from command line to 'None'
[1.116s] Level 5:colcon.colcon_core.verb:set package 'aruco_msgs' build argument 'cmake_target_skip_unavailable' from command line to 'False'
[1.116s] Level 5:colcon.colcon_core.verb:set package 'aruco_msgs' build argument 'cmake_clean_cache' from command line to 'False'
[1.116s] Level 5:colcon.colcon_core.verb:set package 'aruco_msgs' build argument 'cmake_clean_first' from command line to 'False'
[1.116s] Level 5:colcon.colcon_core.verb:set package 'aruco_msgs' build argument 'cmake_force_configure' from command line to 'False'
[1.116s] Level 5:colcon.colcon_core.verb:set package 'aruco_msgs' build argument 'ament_cmake_args' from command line to 'None'
[1.116s] Level 5:colcon.colcon_core.verb:set package 'aruco_msgs' build argument 'catkin_cmake_args' from command line to 'None'
[1.116s] Level 5:colcon.colcon_core.verb:set package 'aruco_msgs' build argument 'catkin_skip_building_tests' from command line to 'False'
[1.116s] DEBUG:colcon.colcon_core.verb:Building package 'aruco_msgs' with the following arguments: {'ament_cmake_args': None, 'build_base': '/home/grumpy/dd2419_ws_Group5_2026/build/aruco_msgs', 'catkin_cmake_args': None, 'catkin_skip_building_tests': False, 'cmake_args': None, 'cmake_clean_cache': False, 'cmake_clean_first': False, 'cmake_force_configure': False, 'cmake_target': None, 'cmake_target_skip_unavailable': False, 'install_base': '/home/grumpy/dd2419_ws_Group5_2026/install/aruco_msgs', 'merge_install': False, 'path': '/home/grumpy/dd2419_ws_Group5_2026/src/aruco_ros/aruco_msgs', 'symlink_install': False, 'test_result_base': None}
[1.129s] Level 5:colcon.colcon_core.verb:set package 'detection' build argument 'cmake_args' from command line to 'None'
[1.129s] Level 5:colcon.colcon_core.verb:set package 'detection' build argument 'cmake_target' from command line to 'None'
[1.129s] Level 5:colcon.colcon_core.verb:set package 'detection' build argument 'cmake_target_skip_unavailable' from command line to 'False'
[1.129s] Level 5:colcon.colcon_core.verb:set package 'detection' build argument 'cmake_clean_cache' from command line to 'False'
[1.129s] Level 5:colcon.colcon_core.verb:set package 'detection' build argument 'cmake_clean_first' from command line to 'False'
[1.129s] Level 5:colcon.colcon_core.verb:set package 'detection' build argument 'cmake_force_configure' from command line to 'False'
[1.129s] Level 5:colcon.colcon_core.verb:set package 'detection' build argument 'ament_cmake_args' from command line to 'None'
[1.129s] Level 5:colcon.colcon_core.verb:set package 'detection' build argument 'catkin_cmake_args' from command line to 'None'
[1.129s] Level 5:colcon.colcon_core.verb:set package 'detection' build argument 'catkin_skip_building_tests' from command line to 'False'
[1.129s] DEBUG:colcon.colcon_core.verb:Building package 'detection' with the following arguments: {'ament_cmake_args': None, 'build_base': '/home/grumpy/dd2419_ws_Group5_2026/build/detection', 'catkin_cmake_args': None, 'catkin_skip_building_tests': False, 'cmake_args': None, 'cmake_clean_cache': False, 'cmake_clean_first': False, 'cmake_force_configure': False, 'cmake_target': None, 'cmake_target_skip_unavailable': False, 'install_base': '/home/grumpy/dd2419_ws_Group5_2026/install/detection', 'merge_install': False, 'path': '/home/grumpy/dd2419_ws_Group5_2026/src/detection', 'symlink_install': False, 'test_result_base': None}
[1.142s] Level 5:colcon.colcon_core.verb:set package 'keyboard' build argument 'cmake_args' from command line to 'None'
[1.142s] Level 5:colcon.colcon_core.verb:set package 'keyboard' build argument 'cmake_target' from command line to 'None'
[1.142s] Level 5:colcon.colcon_core.verb:set package 'keyboard' build argument 'cmake_target_skip_unavailable' from command line to 'False'
[1.142s] Level 5:colcon.colcon_core.verb:set package 'keyboard' build argument 'cmake_clean_cache' from command line to 'False'
[1.142s] Level 5:colcon.colcon_core.verb:set package 'keyboard' build argument 'cmake_clean_first' from command line to 'False'
[1.142s] Level 5:colcon.colcon_core.verb:set package 'keyboard' build argument 'cmake_force_configure' from command line to 'False'
[1.142s] Level 5:colcon.colcon_core.verb:set package 'keyboard' build argument 'ament_cmake_args' from command line to 'None'
[1.142s] Level 5:colcon.colcon_core.verb:set package 'keyboard' build argument 'catkin_cmake_args' from command line to 'None'
[1.142s] Level 5:colcon.colcon_core.verb:set package 'keyboard' build argument 'catkin_skip_building_tests' from command line to 'False'
[1.142s] DEBUG:colcon.colcon_core.verb:Building package 'keyboard' with the following arguments: {'ament_cmake_args': None, 'build_base': '/home/grumpy/dd2419_ws_Group5_2026/build/keyboard', 'catkin_cmake_args': None, 'catkin_skip_building_tests': False, 'cmake_args': None, 'cmake_clean_cache': False, 'cmake_clean_first': False, 'cmake_force_configure': False, 'cmake_target': None, 'cmake_target_skip_unavailable': False, 'install_base': '/home/grumpy/dd2419_ws_Group5_2026/install/keyboard', 'merge_install': False, 'path': '/home/grumpy/dd2419_ws_Group5_2026/src/keyboard', 'symlink_install': False, 'test_result_base': None}
[1.156s] Level 5:colcon.colcon_core.verb:set package 'learning_tf2_py' build argument 'cmake_args' from command line to 'None'
[1.156s] Level 5:colcon.colcon_core.verb:set package 'learning_tf2_py' build argument 'cmake_target' from command line to 'None'
[1.156s] Level 5:colcon.colcon_core.verb:set package 'learning_tf2_py' build argument 'cmake_target_skip_unavailable' from command line to 'False'
[1.156s] Level 5:colcon.colcon_core.verb:set package 'learning_tf2_py' build argument 'cmake_clean_cache' from command line to 'False'
[1.156s] Level 5:colcon.colcon_core.verb:set package 'learning_tf2_py' build argument 'cmake_clean_first' from command line to 'False'
[1.156s] Level 5:colcon.colcon_core.verb:set package 'learning_tf2_py' build argument 'cmake_force_configure' from command line to 'False'
[1.156s] Level 5:colcon.colcon_core.verb:set package 'learning_tf2_py' build argument 'ament_cmake_args' from command line to 'None'
[1.156s] Level 5:colcon.colcon_core.verb:set package 'learning_tf2_py' build argument 'catkin_cmake_args' from command line to 'None'
[1.156s] Level 5:colcon.colcon_core.verb:set package 'learning_tf2_py' build argument 'catkin_skip_building_tests' from command line to 'False'
[1.156s] DEBUG:colcon.colcon_core.verb:Building package 'learning_tf2_py' with the following arguments: {'ament_cmake_args': None, 'build_base': '/home/grumpy/dd2419_ws_Group5_2026/build/learning_tf2_py', 'catkin_cmake_args': None, 'catkin_skip_building_tests': False, 'cmake_args': None, 'cmake_clean_cache': False, 'cmake_clean_first': False, 'cmake_force_configure': False, 'cmake_target': None, 'cmake_target_skip_unavailable': False, 'install_base': '/home/grumpy/dd2419_ws_Group5_2026/install/learning_tf2_py', 'merge_install': False, 'path': '/home/grumpy/dd2419_ws_Group5_2026/src/learning_tf2_py', 'symlink_install': False, 'test_result_base': None}
[1.169s] Level 5:colcon.colcon_core.verb:set package 'libphidget22' build argument 'cmake_args' from command line to 'None'
[1.169s] Level 5:colcon.colcon_core.verb:set package 'libphidget22' build argument 'cmake_target' from command line to 'None'
[1.169s] Level 5:colcon.colcon_core.verb:set package 'libphidget22' build argument 'cmake_target_skip_unavailable' from command line to 'False'
[1.169s] Level 5:colcon.colcon_core.verb:set package 'libphidget22' build argument 'cmake_clean_cache' from command line to 'False'
[1.169s] Level 5:colcon.colcon_core.verb:set package 'libphidget22' build argument 'cmake_clean_first' from command line to 'False'
[1.169s] Level 5:colcon.colcon_core.verb:set package 'libphidget22' build argument 'cmake_force_configure' from command line to 'False'
[1.169s] Level 5:colcon.colcon_core.verb:set package 'libphidget22' build argument 'ament_cmake_args' from command line to 'None'
[1.169s] Level 5:colcon.colcon_core.verb:set package 'libphidget22' build argument 'catkin_cmake_args' from command line to 'None'
[1.169s] Level 5:colcon.colcon_core.verb:set package 'libphidget22' build argument 'catkin_skip_building_tests' from command line to 'False'
[1.169s] DEBUG:colcon.colcon_core.verb:Building package 'libphidget22' with the following arguments: {'ament_cmake_args': None, 'build_base': '/home/grumpy/dd2419_ws_Group5_2026/build/libphidget22', 'catkin_cmake_args': None, 'catkin_skip_building_tests': False, 'cmake_args': None, 'cmake_clean_cache': False, 'cmake_clean_first': False, 'cmake_force_configure': False, 'cmake_target': None, 'cmake_target_skip_unavailable': False, 'install_base': '/home/grumpy/dd2419_ws_Group5_2026/install/libphidget22', 'merge_install': False, 'path': '/home/grumpy/dd2419_ws_Group5_2026/src/phidgets_drivers/libphidget22', 'symlink_install': False, 'test_result_base': None}
[1.182s] Level 5:colcon.colcon_core.verb:set package 'librealsense2' build argument 'cmake_args' from command line to 'None'
[1.182s] Level 5:colcon.colcon_core.verb:set package 'librealsense2' build argument 'cmake_target' from command line to 'None'
[1.182s] Level 5:colcon.colcon_core.verb:set package 'librealsense2' build argument 'cmake_target_skip_unavailable' from command line to 'False'
[1.182s] Level 5:colcon.colcon_core.verb:set package 'librealsense2' build argument 'cmake_clean_cache' from command line to 'False'
[1.182s] Level 5:colcon.colcon_core.verb:set package 'librealsense2' build argument 'cmake_clean_first' from command line to 'False'
[1.182s] Level 5:colcon.colcon_core.verb:set package 'librealsense2' build argument 'cmake_force_configure' from command line to 'False'
[1.182s] Level 5:colcon.colcon_core.verb:set package 'librealsense2' build argument 'ament_cmake_args' from command line to 'None'
[1.182s] Level 5:colcon.colcon_core.verb:set package 'librealsense2' build argument 'catkin_cmake_args' from command line to 'None'
[1.182s] Level 5:colcon.colcon_core.verb:set package 'librealsense2' build argument 'catkin_skip_building_tests' from command line to 'False'
[1.182s] DEBUG:colcon.colcon_core.verb:Building package 'librealsense2' with the following arguments: {'ament_cmake_args': None, 'build_base': '/home/grumpy/dd2419_ws_Group5_2026/build/librealsense2', 'catkin_cmake_args': None, 'catkin_skip_building_tests': False, 'cmake_args': None, 'cmake_clean_cache': False, 'cmake_clean_first': False, 'cmake_force_configure': False, 'cmake_target': None, 'cmake_target_skip_unavailable': False, 'install_base': '/home/grumpy/dd2419_ws_Group5_2026/install/librealsense2', 'merge_install': False, 'path': '/home/grumpy/dd2419_ws_Group5_2026/src/librealsense', 'symlink_install': False, 'test_result_base': None}
[1.195s] Level 5:colcon.colcon_core.verb:set package 'phidgets_msgs' build argument 'cmake_args' from command line to 'None'
[1.195s] Level 5:colcon.colcon_core.verb:set package 'phidgets_msgs' build argument 'cmake_target' from command line to 'None'
[1.195s] Level 5:colcon.colcon_core.verb:set package 'phidgets_msgs' build argument 'cmake_target_skip_unavailable' from command line to 'False'
[1.195s] Level 5:colcon.colcon_core.verb:set package 'phidgets_msgs' build argument 'cmake_clean_cache' from command line to 'False'
[1.195s] Level 5:colcon.colcon_core.verb:set package 'phidgets_msgs' build argument 'cmake_clean_first' from command line to 'False'
[1.195s] Level 5:colcon.colcon_core.verb:set package 'phidgets_msgs' build argument 'cmake_force_configure' from command line to 'False'
[1.195s] Level 5:colcon.colcon_core.verb:set package 'phidgets_msgs' build argument 'ament_cmake_args' from command line to 'None'
[1.195s] Level 5:colcon.colcon_core.verb:set package 'phidgets_msgs' build argument 'catkin_cmake_args' from command line to 'None'
[1.195s] Level 5:colcon.colcon_core.verb:set package 'phidgets_msgs' build argument 'catkin_skip_building_tests' from command line to 'False'
[1.195s] DEBUG:colcon.colcon_core.verb:Building package 'phidgets_msgs' with the following arguments: {'ament_cmake_args': None, 'build_base': '/home/grumpy/dd2419_ws_Group5_2026/build/phidgets_msgs', 'catkin_cmake_args': None, 'catkin_skip_building_tests': False, 'cmake_args': None, 'cmake_clean_cache': False, 'cmake_clean_first': False, 'cmake_force_configure': False, 'cmake_target': None, 'cmake_target_skip_unavailable': False, 'install_base': '/home/grumpy/dd2419_ws_Group5_2026/install/phidgets_msgs', 'merge_install': False, 'path': '/home/grumpy/dd2419_ws_Group5_2026/src/phidgets_drivers/phidgets_msgs', 'symlink_install': False, 'test_result_base': None}
[1.208s] Level 5:colcon.colcon_core.verb:set package 'realsense2_camera_msgs' build argument 'cmake_args' from command line to 'None'
[1.208s] Level 5:colcon.colcon_core.verb:set package 'realsense2_camera_msgs' build argument 'cmake_target' from command line to 'None'
[1.208s] Level 5:colcon.colcon_core.verb:set package 'realsense2_camera_msgs' build argument 'cmake_target_skip_unavailable' from command line to 'False'
[1.208s] Level 5:colcon.colcon_core.verb:set package 'realsense2_camera_msgs' build argument 'cmake_clean_cache' from command line to 'False'
[1.208s] Level 5:colcon.colcon_core.verb:set package 'realsense2_camera_msgs' build argument 'cmake_clean_first' from command line to 'False'
[1.208s] Level 5:colcon.colcon_core.verb:set package 'realsense2_camera_msgs' build argument 'cmake_force_configure' from command line to 'False'
[1.208s] Level 5:colcon.colcon_core.verb:set package 'realsense2_camera_msgs' build argument 'ament_cmake_args' from command line to 'None'
[1.208s] Level 5:colcon.colcon_core.verb:set package 'realsense2_camera_msgs' build argument 'catkin_cmake_args' from command line to 'None'
[1.208s] Level 5:colcon.colcon_core.verb:set package 'realsense2_camera_msgs' build argument 'catkin_skip_building_tests' from command line to 'False'
[1.208s] DEBUG:colcon.colcon_core.verb:Building package 'realsense2_camera_msgs' with the following arguments: {'ament_cmake_args': None, 'build_base': '/home/grumpy/dd2419_ws_Group5_2026/build/realsense2_camera_msgs', 'catkin_cmake_args': None, 'catkin_skip_building_tests': False, 'cmake_args': None, 'cmake_clean_cache': False, 'cmake_clean_first': False, 'cmake_force_configure': False, 'cmake_target': None, 'cmake_target_skip_unavailable': False, 'install_base': '/home/grumpy/dd2419_ws_Group5_2026/install/realsense2_camera_msgs', 'merge_install': False, 'path': '/home/grumpy/dd2419_ws_Group5_2026/src/realsense-ros/realsense2_camera_msgs', 'symlink_install': False, 'test_result_base': None}
[1.221s] Level 5:colcon.colcon_core.verb:set package 'realsense2_ros_mqtt_bridge' build argument 'cmake_args' from command line to 'None'
[1.221s] Level 5:colcon.colcon_core.verb:set package 'realsense2_ros_mqtt_bridge' build argument 'cmake_target' from command line to 'None'
[1.221s] Level 5:colcon.colcon_core.verb:set package 'realsense2_ros_mqtt_bridge' build argument 'cmake_target_skip_unavailable' from command line to 'False'
[1.221s] Level 5:colcon.colcon_core.verb:set package 'realsense2_ros_mqtt_bridge' build argument 'cmake_clean_cache' from command line to 'False'
[1.221s] Level 5:colcon.colcon_core.verb:set package 'realsense2_ros_mqtt_bridge' build argument 'cmake_clean_first' from command line to 'False'
[1.221s] Level 5:colcon.colcon_core.verb:set package 'realsense2_ros_mqtt_bridge' build argument 'cmake_force_configure' from command line to 'False'
[1.221s] Level 5:colcon.colcon_core.verb:set package 'realsense2_ros_mqtt_bridge' build argument 'ament_cmake_args' from command line to 'None'
[1.221s] Level 5:colcon.colcon_core.verb:set package 'realsense2_ros_mqtt_bridge' build argument 'catkin_cmake_args' from command line to 'None'
[1.221s] Level 5:colcon.colcon_core.verb:set package 'realsense2_ros_mqtt_bridge' build argument 'catkin_skip_building_tests' from command line to 'False'
[1.221s] DEBUG:colcon.colcon_core.verb:Building package 'realsense2_ros_mqtt_bridge' with the following arguments: {'ament_cmake_args': None, 'build_base': '/home/grumpy/dd2419_ws_Group5_2026/build/realsense2_ros_mqtt_bridge', 'catkin_cmake_args': None, 'catkin_skip_building_tests': False, 'cmake_args': None, 'cmake_clean_cache': False, 'cmake_clean_first': False, 'cmake_force_configure': False, 'cmake_target': None, 'cmake_target_skip_unavailable': False, 'install_base': '/home/grumpy/dd2419_ws_Group5_2026/install/realsense2_ros_mqtt_bridge', 'merge_install': False, 'path': '/home/grumpy/dd2419_ws_Group5_2026/src/realsense-ros/realsense2_ros_mqtt_bridge', 'symlink_install': False, 'test_result_base': None}
[1.234s] Level 5:colcon.colcon_core.verb:set package 'robp_autocomplete' build argument 'cmake_args' from command line to 'None'
[1.234s] Level 5:colcon.colcon_core.verb:set package 'robp_autocomplete' build argument 'cmake_target' from command line to 'None'
[1.234s] Level 5:colcon.colcon_core.verb:set package 'robp_autocomplete' build argument 'cmake_target_skip_unavailable' from command line to 'False'
[1.234s] Level 5:colcon.colcon_core.verb:set package 'robp_autocomplete' build argument 'cmake_clean_cache' from command line to 'False'
[1.234s] Level 5:colcon.colcon_core.verb:set package 'robp_autocomplete' build argument 'cmake_clean_first' from command line to 'False'
[1.234s] Level 5:colcon.colcon_core.verb:set package 'robp_autocomplete' build argument 'cmake_force_configure' from command line to 'False'
[1.234s] Level 5:colcon.colcon_core.verb:set package 'robp_autocomplete' build argument 'ament_cmake_args' from command line to 'None'
[1.234s] Level 5:colcon.colcon_core.verb:set package 'robp_autocomplete' build argument 'catkin_cmake_args' from command line to 'None'
[1.234s] Level 5:colcon.colcon_core.verb:set package 'robp_autocomplete' build argument 'catkin_skip_building_tests' from command line to 'False'
[1.234s] DEBUG:colcon.colcon_core.verb:Building package 'robp_autocomplete' with the following arguments: {'ament_cmake_args': None, 'build_base': '/home/grumpy/dd2419_ws_Group5_2026/build/robp_autocomplete', 'catkin_cmake_args': None, 'catkin_skip_building_tests': False, 'cmake_args': None, 'cmake_clean_cache': False, 'cmake_clean_first': False, 'cmake_force_configure': False, 'cmake_target': None, 'cmake_target_skip_unavailable': False, 'install_base': '/home/grumpy/dd2419_ws_Group5_2026/install/robp_autocomplete', 'merge_install': False, 'path': '/home/grumpy/dd2419_ws_Group5_2026/src/robp_autocomplete', 'symlink_install': False, 'test_result_base': None}
[1.247s] Level 5:colcon.colcon_core.verb:set package 'robp_interfaces' build argument 'cmake_args' from command line to 'None'
[1.247s] Level 5:colcon.colcon_core.verb:set package 'robp_interfaces' build argument 'cmake_target' from command line to 'None'
[1.247s] Level 5:colcon.colcon_core.verb:set package 'robp_interfaces' build argument 'cmake_target_skip_unavailable' from command line to 'False'
[1.247s] Level 5:colcon.colcon_core.verb:set package 'robp_interfaces' build argument 'cmake_clean_cache' from command line to 'False'
[1.247s] Level 5:colcon.colcon_core.verb:set package 'robp_interfaces' build argument 'cmake_clean_first' from command line to 'False'
[1.247s] Level 5:colcon.colcon_core.verb:set package 'robp_interfaces' build argument 'cmake_force_configure' from command line to 'False'
[1.247s] Level 5:colcon.colcon_core.verb:set package 'robp_interfaces' build argument 'ament_cmake_args' from command line to 'None'
[1.247s] Level 5:colcon.colcon_core.verb:set package 'robp_interfaces' build argument 'catkin_cmake_args' from command line to 'None'
[1.247s] Level 5:colcon.colcon_core.verb:set package 'robp_interfaces' build argument 'catkin_skip_building_tests' from command line to 'False'
[1.247s] DEBUG:colcon.colcon_core.verb:Building package 'robp_interfaces' with the following arguments: {'ament_cmake_args': None, 'build_base': '/home/grumpy/dd2419_ws_Group5_2026/build/robp_interfaces', 'catkin_cmake_args': None, 'catkin_skip_building_tests': False, 'cmake_args': None, 'cmake_clean_cache': False, 'cmake_clean_first': False, 'cmake_force_configure': False, 'cmake_target': None, 'cmake_target_skip_unavailable': False, 'install_base': '/home/grumpy/dd2419_ws_Group5_2026/install/robp_interfaces', 'merge_install': False, 'path': '/home/grumpy/dd2419_ws_Group5_2026/src/robp_interfaces', 'symlink_install': False, 'test_result_base': None}
[1.260s] Level 5:colcon.colcon_core.verb:set package 'robp_launch' build argument 'cmake_args' from command line to 'None'
[1.260s] Level 5:colcon.colcon_core.verb:set package 'robp_launch' build argument 'cmake_target' from command line to 'None'
[1.260s] Level 5:colcon.colcon_core.verb:set package 'robp_launch' build argument 'cmake_target_skip_unavailable' from command line to 'False'
[1.260s] Level 5:colcon.colcon_core.verb:set package 'robp_launch' build argument 'cmake_clean_cache' from command line to 'False'
[1.260s] Level 5:colcon.colcon_core.verb:set package 'robp_launch' build argument 'cmake_clean_first' from command line to 'False'
[1.260s] Level 5:colcon.colcon_core.verb:set package 'robp_launch' build argument 'cmake_force_configure' from command line to 'False'
[1.260s] Level 5:colcon.colcon_core.verb:set package 'robp_launch' build argument 'ament_cmake_args' from command line to 'None'
[1.260s] Level 5:colcon.colcon_core.verb:set package 'robp_launch' build argument 'catkin_cmake_args' from command line to 'None'
[1.260s] Level 5:colcon.colcon_core.verb:set package 'robp_launch' build argument 'catkin_skip_building_tests' from command line to 'False'
[1.260s] DEBUG:colcon.colcon_core.verb:Building package 'robp_launch' with the following arguments: {'ament_cmake_args': None, 'build_base': '/home/grumpy/dd2419_ws_Group5_2026/build/robp_launch', 'catkin_cmake_args': None, 'catkin_skip_building_tests': False, 'cmake_args': None, 'cmake_clean_cache': False, 'cmake_clean_first': False, 'cmake_force_configure': False, 'cmake_target': None, 'cmake_target_skip_unavailable': False, 'install_base': '/home/grumpy/dd2419_ws_Group5_2026/install/robp_launch', 'merge_install': False, 'path': '/home/grumpy/dd2419_ws_Group5_2026/src/robp_launch', 'symlink_install': False, 'test_result_base': None}
[1.273s] Level 5:colcon.colcon_core.verb:set package 'rplidar_ros' build argument 'cmake_args' from command line to 'None'
[1.273s] Level 5:colcon.colcon_core.verb:set package 'rplidar_ros' build argument 'cmake_target' from command line to 'None'
[1.273s] Level 5:colcon.colcon_core.verb:set package 'rplidar_ros' build argument 'cmake_target_skip_unavailable' from command line to 'False'
[1.273s] Level 5:colcon.colcon_core.verb:set package 'rplidar_ros' build argument 'cmake_clean_cache' from command line to 'False'
[1.273s] Level 5:colcon.colcon_core.verb:set package 'rplidar_ros' build argument 'cmake_clean_first' from command line to 'False'
[1.273s] Level 5:colcon.colcon_core.verb:set package 'rplidar_ros' build argument 'cmake_force_configure' from command line to 'False'
[1.273s] Level 5:colcon.colcon_core.verb:set package 'rplidar_ros' build argument 'ament_cmake_args' from command line to 'None'
[1.273s] Level 5:colcon.colcon_core.verb:set package 'rplidar_ros' build argument 'catkin_cmake_args' from command line to 'None'
[1.273s] Level 5:colcon.colcon_core.verb:set package 'rplidar_ros' build argument 'catkin_skip_building_tests' from command line to 'False'
[1.273s] DEBUG:colcon.colcon_core.verb:Building package 'rplidar_ros' with the following arguments: {'ament_cmake_args': None, 'build_base': '/home/grumpy/dd2419_ws_Group5_2026/build/rplidar_ros', 'catkin_cmake_args': None, 'catkin_skip_building_tests': False, 'cmake_args': None, 'cmake_clean_cache': False, 'cmake_clean_first': False, 'cmake_force_configure': False, 'cmake_target': None, 'cmake_target_skip_unavailable': False, 'install_base': '/home/grumpy/dd2419_ws_Group5_2026/install/rplidar_ros', 'merge_install': False, 'path': '/home/grumpy/dd2419_ws_Group5_2026/src/rplidar_ros', 'symlink_install': False, 'test_result_base': None}
[1.286s] Level 5:colcon.colcon_core.verb:set package 'aruco_ros' build argument 'cmake_args' from command line to 'None'
[1.286s] Level 5:colcon.colcon_core.verb:set package 'aruco_ros' build argument 'cmake_target' from command line to 'None'
[1.286s] Level 5:colcon.colcon_core.verb:set package 'aruco_ros' build argument 'cmake_target_skip_unavailable' from command line to 'False'
[1.286s] Level 5:colcon.colcon_core.verb:set package 'aruco_ros' build argument 'cmake_clean_cache' from command line to 'False'
[1.286s] Level 5:colcon.colcon_core.verb:set package 'aruco_ros' build argument 'cmake_clean_first' from command line to 'False'
[1.286s] Level 5:colcon.colcon_core.verb:set package 'aruco_ros' build argument 'cmake_force_configure' from command line to 'False'
[1.286s] Level 5:colcon.colcon_core.verb:set package 'aruco_ros' build argument 'ament_cmake_args' from command line to 'None'
[1.286s] Level 5:colcon.colcon_core.verb:set package 'aruco_ros' build argument 'catkin_cmake_args' from command line to 'None'
[1.286s] Level 5:colcon.colcon_core.verb:set package 'aruco_ros' build argument 'catkin_skip_building_tests' from command line to 'False'
[1.286s] DEBUG:colcon.colcon_core.verb:Building package 'aruco_ros' with the following arguments: {'ament_cmake_args': None, 'build_base': '/home/grumpy/dd2419_ws_Group5_2026/build/aruco_ros', 'catkin_cmake_args': None, 'catkin_skip_building_tests': False, 'cmake_args': None, 'cmake_clean_cache': False, 'cmake_clean_first': False, 'cmake_force_configure': False, 'cmake_target': None, 'cmake_target_skip_unavailable': False, 'install_base': '/home/grumpy/dd2419_ws_Group5_2026/install/aruco_ros', 'merge_install': False, 'path': '/home/grumpy/dd2419_ws_Group5_2026/src/aruco_ros/aruco_ros', 'symlink_install': False, 'test_result_base': None}
[1.299s] Level 5:colcon.colcon_core.verb:set package 'display_markers' build argument 'cmake_args' from command line to 'None'
[1.299s] Level 5:colcon.colcon_core.verb:set package 'display_markers' build argument 'cmake_target' from command line to 'None'
[1.299s] Level 5:colcon.colcon_core.verb:set package 'display_markers' build argument 'cmake_target_skip_unavailable' from command line to 'False'
[1.299s] Level 5:colcon.colcon_core.verb:set package 'display_markers' build argument 'cmake_clean_cache' from command line to 'False'
[1.299s] Level 5:colcon.colcon_core.verb:set package 'display_markers' build argument 'cmake_clean_first' from command line to 'False'
[1.299s] Level 5:colcon.colcon_core.verb:set package 'display_markers' build argument 'cmake_force_configure' from command line to 'False'
[1.299s] Level 5:colcon.colcon_core.verb:set package 'display_markers' build argument 'ament_cmake_args' from command line to 'None'
[1.299s] Level 5:colcon.colcon_core.verb:set package 'display_markers' build argument 'catkin_cmake_args' from command line to 'None'
[1.299s] Level 5:colcon.colcon_core.verb:set package 'display_markers' build argument 'catkin_skip_building_tests' from command line to 'False'
[1.299s] DEBUG:colcon.colcon_core.verb:Building package 'display_markers' with the following arguments: {'ament_cmake_args': None, 'build_base': '/home/grumpy/dd2419_ws_Group5_2026/build/display_markers', 'catkin_cmake_args': None, 'catkin_skip_building_tests': False, 'cmake_args': None, 'cmake_clean_cache': False, 'cmake_clean_first': False, 'cmake_force_configure': False, 'cmake_target': None, 'cmake_target_skip_unavailable': False, 'install_base': '/home/grumpy/dd2419_ws_Group5_2026/install/display_markers', 'merge_install': False, 'path': '/home/grumpy/dd2419_ws_Group5_2026/src/display_markers', 'symlink_install': False, 'test_result_base': None}
[1.312s] Level 5:colcon.colcon_core.verb:set package 'odometry' build argument 'cmake_args' from command line to 'None'
[1.312s] Level 5:colcon.colcon_core.verb:set package 'odometry' build argument 'cmake_target' from command line to 'None'
[1.312s] Level 5:colcon.colcon_core.verb:set package 'odometry' build argument 'cmake_target_skip_unavailable' from command line to 'False'
[1.312s] Level 5:colcon.colcon_core.verb:set package 'odometry' build argument 'cmake_clean_cache' from command line to 'False'
[1.312s] Level 5:colcon.colcon_core.verb:set package 'odometry' build argument 'cmake_clean_first' from command line to 'False'
[1.312s] Level 5:colcon.colcon_core.verb:set package 'odometry' build argument 'cmake_force_configure' from command line to 'False'
[1.312s] Level 5:colcon.colcon_core.verb:set package 'odometry' build argument 'ament_cmake_args' from command line to 'None'
[1.312s] Level 5:colcon.colcon_core.verb:set package 'odometry' build argument 'catkin_cmake_args' from command line to 'None'
[1.312s] Level 5:colcon.colcon_core.verb:set package 'odometry' build argument 'catkin_skip_building_tests' from command line to 'False'
[1.312s] DEBUG:colcon.colcon_core.verb:Building package 'odometry' with the following arguments: {'ament_cmake_args': None, 'build_base': '/home/grumpy/dd2419_ws_Group5_2026/build/odometry', 'catkin_cmake_args': None, 'catkin_skip_building_tests': False, 'cmake_args': None, 'cmake_clean_cache': False, 'cmake_clean_first': False, 'cmake_force_configure': False, 'cmake_target': None, 'cmake_target_skip_unavailable': False, 'install_base': '/home/grumpy/dd2419_ws_Group5_2026/install/odometry', 'merge_install': False, 'path': '/home/grumpy/dd2419_ws_Group5_2026/src/odometry', 'symlink_install': False, 'test_result_base': None}
[1.325s] Level 5:colcon.colcon_core.verb:set package 'phidgets_api' build argument 'cmake_args' from command line to 'None'
[1.325s] Level 5:colcon.colcon_core.verb:set package 'phidgets_api' build argument 'cmake_target' from command line to 'None'
[1.325s] Level 5:colcon.colcon_core.verb:set package 'phidgets_api' build argument 'cmake_target_skip_unavailable' from command line to 'False'
[1.325s] Level 5:colcon.colcon_core.verb:set package 'phidgets_api' build argument 'cmake_clean_cache' from command line to 'False'
[1.325s] Level 5:colcon.colcon_core.verb:set package 'phidgets_api' build argument 'cmake_clean_first' from command line to 'False'
[1.325s] Level 5:colcon.colcon_core.verb:set package 'phidgets_api' build argument 'cmake_force_configure' from command line to 'False'
[1.325s] Level 5:colcon.colcon_core.verb:set package 'phidgets_api' build argument 'ament_cmake_args' from command line to 'None'
[1.325s] Level 5:colcon.colcon_core.verb:set package 'phidgets_api' build argument 'catkin_cmake_args' from command line to 'None'
[1.325s] Level 5:colcon.colcon_core.verb:set package 'phidgets_api' build argument 'catkin_skip_building_tests' from command line to 'False'
[1.325s] DEBUG:colcon.colcon_core.verb:Building package 'phidgets_api' with the following arguments: {'ament_cmake_args': None, 'build_base': '/home/grumpy/dd2419_ws_Group5_2026/build/phidgets_api', 'catkin_cmake_args': None, 'catkin_skip_building_tests': False, 'cmake_args': None, 'cmake_clean_cache': False, 'cmake_clean_first': False, 'cmake_force_configure': False, 'cmake_target': None, 'cmake_target_skip_unavailable': False, 'install_base': '/home/grumpy/dd2419_ws_Group5_2026/install/phidgets_api', 'merge_install': False, 'path': '/home/grumpy/dd2419_ws_Group5_2026/src/phidgets_drivers/phidgets_api', 'symlink_install': False, 'test_result_base': None}
[1.338s] Level 5:colcon.colcon_core.verb:set package 'realsense2_camera' build argument 'cmake_args' from command line to 'None'
[1.338s] Level 5:colcon.colcon_core.verb:set package 'realsense2_camera' build argument 'cmake_target' from command line to 'None'
[1.338s] Level 5:colcon.colcon_core.verb:set package 'realsense2_camera' build argument 'cmake_target_skip_unavailable' from command line to 'False'
[1.338s] Level 5:colcon.colcon_core.verb:set package 'realsense2_camera' build argument 'cmake_clean_cache' from command line to 'False'
[1.338s] Level 5:colcon.colcon_core.verb:set package 'realsense2_camera' build argument 'cmake_clean_first' from command line to 'False'
[1.338s] Level 5:colcon.colcon_core.verb:set package 'realsense2_camera' build argument 'cmake_force_configure' from command line to 'False'
[1.338s] Level 5:colcon.colcon_core.verb:set package 'realsense2_camera' build argument 'ament_cmake_args' from command line to 'None'
[1.338s] Level 5:colcon.colcon_core.verb:set package 'realsense2_camera' build argument 'catkin_cmake_args' from command line to 'None'
[1.338s] Level 5:colcon.colcon_core.verb:set package 'realsense2_camera' build argument 'catkin_skip_building_tests' from command line to 'False'
[1.338s] DEBUG:colcon.colcon_core.verb:Building package 'realsense2_camera' with the following arguments: {'ament_cmake_args': None, 'build_base': '/home/grumpy/dd2419_ws_Group5_2026/build/realsense2_camera', 'catkin_cmake_args': None, 'catkin_skip_building_tests': False, 'cmake_args': None, 'cmake_clean_cache': False, 'cmake_clean_first': False, 'cmake_force_configure': False, 'cmake_target': None, 'cmake_target_skip_unavailable': False, 'install_base': '/home/grumpy/dd2419_ws_Group5_2026/install/realsense2_camera', 'merge_install': False, 'path': '/home/grumpy/dd2419_ws_Group5_2026/src/realsense-ros/realsense2_camera', 'symlink_install': False, 'test_result_base': None}
[1.351s] Level 5:colcon.colcon_core.verb:set package 'realsense2_description' build argument 'cmake_args' from command line to 'None'
[1.351s] Level 5:colcon.colcon_core.verb:set package 'realsense2_description' build argument 'cmake_target' from command line to 'None'
[1.351s] Level 5:colcon.colcon_core.verb:set package 'realsense2_description' build argument 'cmake_target_skip_unavailable' from command line to 'False'
[1.351s] Level 5:colcon.colcon_core.verb:set package 'realsense2_description' build argument 'cmake_clean_cache' from command line to 'False'
[1.351s] Level 5:colcon.colcon_core.verb:set package 'realsense2_description' build argument 'cmake_clean_first' from command line to 'False'
[1.351s] Level 5:colcon.colcon_core.verb:set package 'realsense2_description' build argument 'cmake_force_configure' from command line to 'False'
[1.351s] Level 5:colcon.colcon_core.verb:set package 'realsense2_description' build argument 'ament_cmake_args' from command line to 'None'
[1.351s] Level 5:colcon.colcon_core.verb:set package 'realsense2_description' build argument 'catkin_cmake_args' from command line to 'None'
[1.351s] Level 5:colcon.colcon_core.verb:set package 'realsense2_description' build argument 'catkin_skip_building_tests' from command line to 'False'
[1.351s] DEBUG:colcon.colcon_core.verb:Building package 'realsense2_description' with the following arguments: {'ament_cmake_args': None, 'build_base': '/home/grumpy/dd2419_ws_Group5_2026/build/realsense2_description', 'catkin_cmake_args': None, 'catkin_skip_building_tests': False, 'cmake_args': None, 'cmake_clean_cache': False, 'cmake_clean_first': False, 'cmake_force_configure': False, 'cmake_target': None, 'cmake_target_skip_unavailable': False, 'install_base': '/home/grumpy/dd2419_ws_Group5_2026/install/realsense2_description', 'merge_install': False, 'path': '/home/grumpy/dd2419_ws_Group5_2026/src/realsense-ros/realsense2_description', 'symlink_install': False, 'test_result_base': None}
[1.364s] Level 5:colcon.colcon_core.verb:set package 'realsense2_rviz_plugin' build argument 'cmake_args' from command line to 'None'
[1.364s] Level 5:colcon.colcon_core.verb:set package 'realsense2_rviz_plugin' build argument 'cmake_target' from command line to 'None'
[1.364s] Level 5:colcon.colcon_core.verb:set package 'realsense2_rviz_plugin' build argument 'cmake_target_skip_unavailable' from command line to 'False'
[1.364s] Level 5:colcon.colcon_core.verb:set package 'realsense2_rviz_plugin' build argument 'cmake_clean_cache' from command line to 'False'
[1.364s] Level 5:colcon.colcon_core.verb:set package 'realsense2_rviz_plugin' build argument 'cmake_clean_first' from command line to 'False'
[1.364s] Level 5:colcon.colcon_core.verb:set package 'realsense2_rviz_plugin' build argument 'cmake_force_configure' from command line to 'False'
[1.364s] Level 5:colcon.colcon_core.verb:set package 'realsense2_rviz_plugin' build argument 'ament_cmake_args' from command line to 'None'
[1.364s] Level 5:colcon.colcon_core.verb:set package 'realsense2_rviz_plugin' build argument 'catkin_cmake_args' from command line to 'None'
[1.364s] Level 5:colcon.colcon_core.verb:set package 'realsense2_rviz_plugin' build argument 'catkin_skip_building_tests' from command line to 'False'
[1.364s] DEBUG:colcon.colcon_core.verb:Building package 'realsense2_rviz_plugin' with the following arguments: {'ament_cmake_args': None, 'build_base': '/home/grumpy/dd2419_ws_Group5_2026/build/realsense2_rviz_plugin', 'catkin_cmake_args': None, 'catkin_skip_building_tests': False, 'cmake_args': None, 'cmake_clean_cache': False, 'cmake_clean_first': False, 'cmake_force_configure': False, 'cmake_target': None, 'cmake_target_skip_unavailable': False, 'install_base': '/home/grumpy/dd2419_ws_Group5_2026/install/realsense2_rviz_plugin', 'merge_install': False, 'path': '/home/grumpy/dd2419_ws_Group5_2026/src/realsense-ros/realsense2_rgbd_plugin', 'symlink_install': False, 'test_result_base': None}
[1.377s] Level 5:colcon.colcon_core.verb:set package 'robp_arm' build argument 'cmake_args' from command line to 'None'
[1.377s] Level 5:colcon.colcon_core.verb:set package 'robp_arm' build argument 'cmake_target' from command line to 'None'
[1.377s] Level 5:colcon.colcon_core.verb:set package 'robp_arm' build argument 'cmake_target_skip_unavailable' from command line to 'False'
[1.377s] Level 5:colcon.colcon_core.verb:set package 'robp_arm' build argument 'cmake_clean_cache' from command line to 'False'
[1.377s] Level 5:colcon.colcon_core.verb:set package 'robp_arm' build argument 'cmake_clean_first' from command line to 'False'
[1.377s] Level 5:colcon.colcon_core.verb:set package 'robp_arm' build argument 'cmake_force_configure' from command line to 'False'
[1.377s] Level 5:colcon.colcon_core.verb:set package 'robp_arm' build argument 'ament_cmake_args' from command line to 'None'
[1.377s] Level 5:colcon.colcon_core.verb:set package 'robp_arm' build argument 'catkin_cmake_args' from command line to 'None'
[1.377s] Level 5:colcon.colcon_core.verb:set package 'robp_arm' build argument 'catkin_skip_building_tests' from command line to 'False'
[1.377s] DEBUG:colcon.colcon_core.verb:Building package 'robp_arm' with the following arguments: {'ament_cmake_args': None, 'build_base': '/home/grumpy/dd2419_ws_Group5_2026/build/robp_arm', 'catkin_cmake_args': None, 'catkin_skip_building_tests': False, 'cmake_args': None, 'cmake_clean_cache': False, 'cmake_clean_first': False, 'cmake_force_configure': False, 'cmake_target': None, 'cmake_target_skip_unavailable': False, 'install_base': '/home/grumpy/dd2419_ws_Group5_2026/install/robp_arm', 'merge_install': False, 'path': '/home/grumpy/dd2419_ws_Group5_2026/src/robp_arm', 'symlink_install': False, 'test_result_base': None}
[1.390s] Level 5:colcon.colcon_core.verb:set package 'phidgets_accelerometer' build argument 'cmake_args' from command line to 'None'
[1.390s] Level 5:colcon.colcon_core.verb:set package 'phidgets_accelerometer' build argument 'cmake_target' from command line to 'None'
[1.390s] Level 5:colcon.colcon_core.verb:set package 'phidgets_accelerometer' build argument 'cmake_target_skip_unavailable' from command line to 'False'
[1.390s] Level 5:colcon.colcon_core.verb:set package 'phidgets_accelerometer' build argument 'cmake_clean_cache' from command line to 'False'
[1.390s] Level 5:colcon.colcon_core.verb:set package 'phidgets_accelerometer' build argument 'cmake_clean_first' from command line to 'False'
[1.390s] Level 5:colcon.colcon_core.verb:set package 'phidgets_accelerometer' build argument 'cmake_force_configure' from command line to 'False'
[1.390s] Level 5:colcon.colcon_core.verb:set package 'phidgets_accelerometer' build argument 'ament_cmake_args' from command line to 'None'
[1.390s] Level 5:colcon.colcon_core.verb:set package 'phidgets_accelerometer' build argument 'catkin_cmake_args' from command line to 'None'
[1.390s] Level 5:colcon.colcon_core.verb:set package 'phidgets_accelerometer' build argument 'catkin_skip_building_tests' from command line to 'False'
[1.390s] DEBUG:colcon.colcon_core.verb:Building package 'phidgets_accelerometer' with the following arguments: {'ament_cmake_args': None, 'build_base': '/home/grumpy/dd2419_ws_Group5_2026/build/phidgets_accelerometer', 'catkin_cmake_args': None, 'catkin_skip_building_tests': False, 'cmake_args': None, 'cmake_clean_cache': False, 'cmake_clean_first': False, 'cmake_force_configure': False, 'cmake_target': None, 'cmake_target_skip_unavailable': False, 'install_base': '/home/grumpy/dd2419_ws_Group5_2026/install/phidgets_accelerometer', 'merge_install': False, 'path': '/home/grumpy/dd2419_ws_Group5_2026/src/phidgets_drivers/phidgets_accelerometer', 'symlink_install': False, 'test_result_base': None}
[1.403s] Level 5:colcon.colcon_core.verb:set package 'phidgets_analog_inputs' build argument 'cmake_args' from command line to 'None'
[1.403s] Level 5:colcon.colcon_core.verb:set package 'phidgets_analog_inputs' build argument 'cmake_target' from command line to 'None'
[1.403s] Level 5:colcon.colcon_core.verb:set package 'phidgets_analog_inputs' build argument 'cmake_target_skip_unavailable' from command line to 'False'
[1.403s] Level 5:colcon.colcon_core.verb:set package 'phidgets_analog_inputs' build argument 'cmake_clean_cache' from command line to 'False'
[1.403s] Level 5:colcon.colcon_core.verb:set package 'phidgets_analog_inputs' build argument 'cmake_clean_first' from command line to 'False'
[1.403s] Level 5:colcon.colcon_core.verb:set package 'phidgets_analog_inputs' build argument 'cmake_force_configure' from command line to 'False'
[1.403s] Level 5:colcon.colcon_core.verb:set package 'phidgets_analog_inputs' build argument 'ament_cmake_args' from command line to 'None'
[1.403s] Level 5:colcon.colcon_core.verb:set package 'phidgets_analog_inputs' build argument 'catkin_cmake_args' from command line to 'None'
[1.403s] Level 5:colcon.colcon_core.verb:set package 'phidgets_analog_inputs' build argument 'catkin_skip_building_tests' from command line to 'False'
[1.403s] DEBUG:colcon.colcon_core.verb:Building package 'phidgets_analog_inputs' with the following arguments: {'ament_cmake_args': None, 'build_base': '/home/grumpy/dd2419_ws_Group5_2026/build/phidgets_analog_inputs', 'catkin_cmake_args': None, 'catkin_skip_building_tests': False, 'cmake_args': None, 'cmake_clean_cache': False, 'cmake_clean_first': False, 'cmake_force_configure': False, 'cmake_target': None, 'cmake_target_skip_unavailable': False, 'install_base': '/home/grumpy/dd2419_ws_Group5_2026/install/phidgets_analog_inputs', 'merge_install': False, 'path': '/home/grumpy/dd2419_ws_Group5_2026/src/phidgets_drivers/phidgets_analog_inputs', 'symlink_install': False, 'test_result_base': None}
[1.416s] Level 5:colcon.colcon_core.verb:set package 'phidgets_analog_outputs' build argument 'cmake_args' from command line to 'None'
[1.416s] Level 5:colcon.colcon_core.verb:set package 'phidgets_analog_outputs' build argument 'cmake_target' from command line to 'None'
[1.416s] Level 5:colcon.colcon_core.verb:set package 'phidgets_analog_outputs' build argument 'cmake_target_skip_unavailable' from command line to 'False'
[1.416s] Level 5:colcon.colcon_core.verb:set package 'phidgets_analog_outputs' build argument 'cmake_clean_cache' from command line to 'False'
[1.416s] Level 5:colcon.colcon_core.verb:set package 'phidgets_analog_outputs' build argument 'cmake_clean_first' from command line to 'False'
[1.416s] Level 5:colcon.colcon_core.verb:set package 'phidgets_analog_outputs' build argument 'cmake_force_configure' from command line to 'False'
[1.416s] Level 5:colcon.colcon_core.verb:set package 'phidgets_analog_outputs' build argument 'ament_cmake_args' from command line to 'None'
[1.416s] Level 5:colcon.colcon_core.verb:set package 'phidgets_analog_outputs' build argument 'catkin_cmake_args' from command line to 'None'
[1.416s] Level 5:colcon.colcon_core.verb:set package 'phidgets_analog_outputs' build argument 'catkin_skip_building_tests' from command line to 'False'
[1.416s] DEBUG:colcon.colcon_core.verb:Building package 'phidgets_analog_outputs' with the following arguments: {'ament_cmake_args': None, 'build_base': '/home/grumpy/dd2419_ws_Group5_2026/build/phidgets_analog_outputs', 'catkin_cmake_args': None, 'catkin_skip_building_tests': False, 'cmake_args': None, 'cmake_clean_cache': False, 'cmake_clean_first': False, 'cmake_force_configure': False, 'cmake_target': None, 'cmake_target_skip_unavailable': False, 'install_base': '/home/grumpy/dd2419_ws_Group5_2026/install/phidgets_analog_outputs', 'merge_install': False, 'path': '/home/grumpy/dd2419_ws_Group5_2026/src/phidgets_drivers/phidgets_analog_outputs', 'symlink_install': False, 'test_result_base': None}
[1.429s] Level 5:colcon.colcon_core.verb:set package 'phidgets_digital_inputs' build argument 'cmake_args' from command line to 'None'
[1.429s] Level 5:colcon.colcon_core.verb:set package 'phidgets_digital_inputs' build argument 'cmake_target' from command line to 'None'
[1.429s] Level 5:colcon.colcon_core.verb:set package 'phidgets_digital_inputs' build argument 'cmake_target_skip_unavailable' from command line to 'False'
[1.429s] Level 5:colcon.colcon_core.verb:set package 'phidgets_digital_inputs' build argument 'cmake_clean_cache' from command line to 'False'
[1.429s] Level 5:colcon.colcon_core.verb:set package 'phidgets_digital_inputs' build argument 'cmake_clean_first' from command line to 'False'
[1.429s] Level 5:colcon.colcon_core.verb:set package 'phidgets_digital_inputs' build argument 'cmake_force_configure' from command line to 'False'
[1.429s] Level 5:colcon.colcon_core.verb:set package 'phidgets_digital_inputs' build argument 'ament_cmake_args' from command line to 'None'
[1.429s] Level 5:colcon.colcon_core.verb:set package 'phidgets_digital_inputs' build argument 'catkin_cmake_args' from command line to 'None'
[1.429s] Level 5:colcon.colcon_core.verb:set package 'phidgets_digital_inputs' build argument 'catkin_skip_building_tests' from command line to 'False'
[1.429s] DEBUG:colcon.colcon_core.verb:Building package 'phidgets_digital_inputs' with the following arguments: {'ament_cmake_args': None, 'build_base': '/home/grumpy/dd2419_ws_Group5_2026/build/phidgets_digital_inputs', 'catkin_cmake_args': None, 'catkin_skip_building_tests': False, 'cmake_args': None, 'cmake_clean_cache': False, 'cmake_clean_first': False, 'cmake_force_configure': False, 'cmake_target': None, 'cmake_target_skip_unavailable': False, 'install_base': '/home/grumpy/dd2419_ws_Group5_2026/install/phidgets_digital_inputs', 'merge_install': False, 'path': '/home/grumpy/dd2419_ws_Group5_2026/src/phidgets_drivers/phidgets_digital_inputs', 'symlink_install': False, 'test_result_base': None}
[1.442s] Level 5:colcon.colcon_core.verb:set package 'phidgets_digital_outputs' build argument 'cmake_args' from command line to 'None'
[1.442s] Level 5:colcon.colcon_core.verb:set package 'phidgets_digital_outputs' build argument 'cmake_target' from command line to 'None'
[1.442s] Level 5:colcon.colcon_core.verb:set package 'phidgets_digital_outputs' build argument 'cmake_target_skip_unavailable' from command line to 'False'
[1.442s] Level 5:colcon.colcon_core.verb:set package 'phidgets_digital_outputs' build argument 'cmake_clean_cache' from command line to 'False'
[1.442s] Level 5:colcon.colcon_core.verb:set package 'phidgets_digital_outputs' build argument 'cmake_clean_first' from command line to 'False'
[1.442s] Level 5:colcon.colcon_core.verb:set package 'phidgets_digital_outputs' build argument 'cmake_force_configure' from command line to 'False'
[1.442s] Level 5:colcon.colcon_core.verb:set package 'phidgets_digital_outputs' build argument 'ament_cmake_args' from command line to 'None'
[1.442s] Level 5:colcon.colcon_core.verb:set package 'phidgets_digital_outputs' build argument 'catkin_cmake_args' from command line to 'None'
[1.442s] Level 5:colcon.colcon_core.verb:set package 'phidgets_digital_outputs' build argument 'catkin_skip_building_tests' from command line to 'False'
[1.442s] DEBUG:colcon.colcon_core.verb:Building package 'phidgets_digital_outputs' with the following arguments: {'ament_cmake_args': None, 'build_base': '/home/grumpy/dd2419_ws_Group5_2026/build/phidgets_digital_outputs', 'catkin_cmake_args': None, 'catkin_skip_building_tests': False, 'cmake_args': None, 'cmake_clean_cache': False, 'cmake_clean_first': False, 'cmake_force_configure': False, 'cmake_target': None, 'cmake_target_skip_unavailable': False, 'install_base': '/home/grumpy/dd2419_ws_Group5_2026/install/phidgets_digital_outputs', 'merge_install': False, 'path': '/home/grumpy/dd2419_ws_Group5_2026/src/phidgets_drivers/phidgets_digital_outputs', 'symlink_install': False, 'test_result_base': None}
[1.455s] Level 5:colcon.colcon_core.verb:set package 'phidgets_gyroscope' build argument 'cmake_args' from command line to 'None'
[1.455s] Level 5:colcon.colcon_core.verb:set package 'phidgets_gyroscope' build argument 'cmake_target' from command line to 'None'
[1.455s] Level 5:colcon.colcon_core.verb:set package 'phidgets_gyroscope' build argument 'cmake_target_skip_unavailable' from command line to 'False'
[1.455s] Level 5:colcon.colcon_core.verb:set package 'phidgets_gyroscope' build argument 'cmake_clean_cache' from command line to 'False'
[1.455s] Level 5:colcon.colcon_core.verb:set package 'phidgets_gyroscope' build argument 'cmake_clean_first' from command line to 'False'
[1.455s] Level 5:colcon.colcon_core.verb:set package 'phidgets_gyroscope' build argument 'cmake_force_configure' from command line to 'False'
[1.455s] Level 5:colcon.colcon_core.verb:set package 'phidgets_gyroscope' build argument 'ament_cmake_args' from command line to 'None'
[1.455s] Level 5:colcon.colcon_core.verb:set package 'phidgets_gyroscope' build argument 'catkin_cmake_args' from command line to 'None'
[1.455s] Level 5:colcon.colcon_core.verb:set package 'phidgets_gyroscope' build argument 'catkin_skip_building_tests' from command line to 'False'
[1.455s] DEBUG:colcon.colcon_core.verb:Building package 'phidgets_gyroscope' with the following arguments: {'ament_cmake_args': None, 'build_base': '/home/grumpy/dd2419_ws_Group5_2026/build/phidgets_gyroscope', 'catkin_cmake_args': None, 'catkin_skip_building_tests': False, 'cmake_args': None, 'cmake_clean_cache': False, 'cmake_clean_first': False, 'cmake_force_configure': False, 'cmake_target': None, 'cmake_target_skip_unavailable': False, 'install_base': '/home/grumpy/dd2419_ws_Group5_2026/install/phidgets_gyroscope', 'merge_install': False, 'path': '/home/grumpy/dd2419_ws_Group5_2026/src/phidgets_drivers/phidgets_gyroscope', 'symlink_install': False, 'test_result_base': None}
[1.468s] Level 5:colcon.colcon_core.verb:set package 'phidgets_high_speed_encoder' build argument 'cmake_args' from command line to 'None'
[1.468s] Level 5:colcon.colcon_core.verb:set package 'phidgets_high_speed_encoder' build argument 'cmake_target' from command line to 'None'
[1.468s] Level 5:colcon.colcon_core.verb:set package 'phidgets_high_speed_encoder' build argument 'cmake_target_skip_unavailable' from command line to 'False'
[1.468s] Level 5:colcon.colcon_core.verb:set package 'phidgets_high_speed_encoder' build argument 'cmake_clean_cache' from command line to 'False'
[1.468s] Level 5:colcon.colcon_core.verb:set package 'phidgets_high_speed_encoder' build argument 'cmake_clean_first' from command line to 'False'
[1.468s] Level 5:colcon.colcon_core.verb:set package 'phidgets_high_speed_encoder' build argument 'cmake_force_configure' from command line to 'False'
[1.468s] Level 5:colcon.colcon_core.verb:set package 'phidgets_high_speed_encoder' build argument 'ament_cmake_args' from command line to 'None'
[1.468s] Level 5:colcon.colcon_core.verb:set package 'phidgets_high_speed_encoder' build argument 'catkin_cmake_args' from command line to 'None'
[1.468s] Level 5:colcon.colcon_core.verb:set package 'phidgets_high_speed_encoder' build argument 'catkin_skip_building_tests' from command line to 'False'
[1.468s] DEBUG:colcon.colcon_core.verb:Building package 'phidgets_high_speed_encoder' with the following arguments: {'ament_cmake_args': None, 'build_base': '/home/grumpy/dd2419_ws_Group5_2026/build/phidgets_high_speed_encoder', 'catkin_cmake_args': None, 'catkin_skip_building_tests': False, 'cmake_args': None, 'cmake_clean_cache': False, 'cmake_clean_first': False, 'cmake_force_configure': False, 'cmake_target': None, 'cmake_target_skip_unavailable': False, 'install_base': '/home/grumpy/dd2419_ws_Group5_2026/install/phidgets_high_speed_encoder', 'merge_install': False, 'path': '/home/grumpy/dd2419_ws_Group5_2026/src/phidgets_drivers/phidgets_high_speed_encoder', 'symlink_install': False, 'test_result_base': None}
[1.480s] Level 5:colcon.colcon_core.verb:set package 'phidgets_magnetometer' build argument 'cmake_args' from command line to 'None'
[1.480s] Level 5:colcon.colcon_core.verb:set package 'phidgets_magnetometer' build argument 'cmake_target' from command line to 'None'
[1.480s] Level 5:colcon.colcon_core.verb:set package 'phidgets_magnetometer' build argument 'cmake_target_skip_unavailable' from command line to 'False'
[1.481s] Level 5:colcon.colcon_core.verb:set package 'phidgets_magnetometer' build argument 'cmake_clean_cache' from command line to 'False'
[1.481s] Level 5:colcon.colcon_core.verb:set package 'phidgets_magnetometer' build argument 'cmake_clean_first' from command line to 'False'
[1.481s] Level 5:colcon.colcon_core.verb:set package 'phidgets_magnetometer' build argument 'cmake_force_configure' from command line to 'False'
[1.481s] Level 5:colcon.colcon_core.verb:set package 'phidgets_magnetometer' build argument 'ament_cmake_args' from command line to 'None'
[1.481s] Level 5:colcon.colcon_core.verb:set package 'phidgets_magnetometer' build argument 'catkin_cmake_args' from command line to 'None'
[1.481s] Level 5:colcon.colcon_core.verb:set package 'phidgets_magnetometer' build argument 'catkin_skip_building_tests' from command line to 'False'
[1.481s] DEBUG:colcon.colcon_core.verb:Building package 'phidgets_magnetometer' with the following arguments: {'ament_cmake_args': None, 'build_base': '/home/grumpy/dd2419_ws_Group5_2026/build/phidgets_magnetometer', 'catkin_cmake_args': None, 'catkin_skip_building_tests': False, 'cmake_args': None, 'cmake_clean_cache': False, 'cmake_clean_first': False, 'cmake_force_configure': False, 'cmake_target': None, 'cmake_target_skip_unavailable': False, 'install_base': '/home/grumpy/dd2419_ws_Group5_2026/install/phidgets_magnetometer', 'merge_install': False, 'path': '/home/grumpy/dd2419_ws_Group5_2026/src/phidgets_drivers/phidgets_magnetometer', 'symlink_install': False, 'test_result_base': None}
[1.493s] Level 5:colcon.colcon_core.verb:set package 'phidgets_motors' build argument 'cmake_args' from command line to 'None'
[1.493s] Level 5:colcon.colcon_core.verb:set package 'phidgets_motors' build argument 'cmake_target' from command line to 'None'
[1.493s] Level 5:colcon.colcon_core.verb:set package 'phidgets_motors' build argument 'cmake_target_skip_unavailable' from command line to 'False'
[1.493s] Level 5:colcon.colcon_core.verb:set package 'phidgets_motors' build argument 'cmake_clean_cache' from command line to 'False'
[1.493s] Level 5:colcon.colcon_core.verb:set package 'phidgets_motors' build argument 'cmake_clean_first' from command line to 'False'
[1.493s] Level 5:colcon.colcon_core.verb:set package 'phidgets_motors' build argument 'cmake_force_configure' from command line to 'False'
[1.494s] Level 5:colcon.colcon_core.verb:set package 'phidgets_motors' build argument 'ament_cmake_args' from command line to 'None'
[1.494s] Level 5:colcon.colcon_core.verb:set package 'phidgets_motors' build argument 'catkin_cmake_args' from command line to 'None'
[1.494s] Level 5:colcon.colcon_core.verb:set package 'phidgets_motors' build argument 'catkin_skip_building_tests' from command line to 'False'
[1.494s] DEBUG:colcon.colcon_core.verb:Building package 'phidgets_motors' with the following arguments: {'ament_cmake_args': None, 'build_base': '/home/grumpy/dd2419_ws_Group5_2026/build/phidgets_motors', 'catkin_cmake_args': None, 'catkin_skip_building_tests': False, 'cmake_args': None, 'cmake_clean_cache': False, 'cmake_clean_first': False, 'cmake_force_configure': False, 'cmake_target': None, 'cmake_target_skip_unavailable': False, 'install_base': '/home/grumpy/dd2419_ws_Group5_2026/install/phidgets_motors', 'merge_install': False, 'path': '/home/grumpy/dd2419_ws_Group5_2026/src/phidgets_drivers/phidgets_motors', 'symlink_install': False, 'test_result_base': None}
[1.506s] Level 5:colcon.colcon_core.verb:set package 'phidgets_spatial' build argument 'cmake_args' from command line to 'None'
[1.506s] Level 5:colcon.colcon_core.verb:set package 'phidgets_spatial' build argument 'cmake_target' from command line to 'None'
[1.506s] Level 5:colcon.colcon_core.verb:set package 'phidgets_spatial' build argument 'cmake_target_skip_unavailable' from command line to 'False'
[1.506s] Level 5:colcon.colcon_core.verb:set package 'phidgets_spatial' build argument 'cmake_clean_cache' from command line to 'False'
[1.506s] Level 5:colcon.colcon_core.verb:set package 'phidgets_spatial' build argument 'cmake_clean_first' from command line to 'False'
[1.506s] Level 5:colcon.colcon_core.verb:set package 'phidgets_spatial' build argument 'cmake_force_configure' from command line to 'False'
[1.507s] Level 5:colcon.colcon_core.verb:set package 'phidgets_spatial' build argument 'ament_cmake_args' from command line to 'None'
[1.507s] Level 5:colcon.colcon_core.verb:set package 'phidgets_spatial' build argument 'catkin_cmake_args' from command line to 'None'
[1.507s] Level 5:colcon.colcon_core.verb:set package 'phidgets_spatial' build argument 'catkin_skip_building_tests' from command line to 'False'
[1.507s] DEBUG:colcon.colcon_core.verb:Building package 'phidgets_spatial' with the following arguments: {'ament_cmake_args': None, 'build_base': '/home/grumpy/dd2419_ws_Group5_2026/build/phidgets_spatial', 'catkin_cmake_args': None, 'catkin_skip_building_tests': False, 'cmake_args': None, 'cmake_clean_cache': False, 'cmake_clean_first': False, 'cmake_force_configure': False, 'cmake_target': None, 'cmake_target_skip_unavailable': False, 'install_base': '/home/grumpy/dd2419_ws_Group5_2026/install/phidgets_spatial', 'merge_install': False, 'path': '/home/grumpy/dd2419_ws_Group5_2026/src/phidgets_drivers/phidgets_spatial', 'symlink_install': False, 'test_result_base': None}
[1.519s] Level 5:colcon.colcon_core.verb:set package 'phidgets_stepper' build argument 'cmake_args' from command line to 'None'
[1.519s] Level 5:colcon.colcon_core.verb:set package 'phidgets_stepper' build argument 'cmake_target' from command line to 'None'
[1.519s] Level 5:colcon.colcon_core.verb:set package 'phidgets_stepper' build argument 'cmake_target_skip_unavailable' from command line to 'False'
[1.519s] Level 5:colcon.colcon_core.verb:set package 'phidgets_stepper' build argument 'cmake_clean_cache' from command line to 'False'
[1.519s] Level 5:colcon.colcon_core.verb:set package 'phidgets_stepper' build argument 'cmake_clean_first' from command line to 'False'
[1.519s] Level 5:colcon.colcon_core.verb:set package 'phidgets_stepper' build argument 'cmake_force_configure' from command line to 'False'
[1.520s] Level 5:colcon.colcon_core.verb:set package 'phidgets_stepper' build argument 'ament_cmake_args' from command line to 'None'
[1.520s] Level 5:colcon.colcon_core.verb:set package 'phidgets_stepper' build argument 'catkin_cmake_args' from command line to 'None'
[1.520s] Level 5:colcon.colcon_core.verb:set package 'phidgets_stepper' build argument 'catkin_skip_building_tests' from command line to 'False'
[1.520s] DEBUG:colcon.colcon_core.verb:Building package 'phidgets_stepper' with the following arguments: {'ament_cmake_args': None, 'build_base': '/home/grumpy/dd2419_ws_Group5_2026/build/phidgets_stepper', 'catkin_cmake_args': None, 'catkin_skip_building_tests': False, 'cmake_args': None, 'cmake_clean_cache': False, 'cmake_clean_first': False, 'cmake_force_configure': False, 'cmake_target': None, 'cmake_target_skip_unavailable': False, 'install_base': '/home/grumpy/dd2419_ws_Group5_2026/install/phidgets_stepper', 'merge_install': False, 'path': '/home/grumpy/dd2419_ws_Group5_2026/src/phidgets_drivers/phidgets_stepper', 'symlink_install': False, 'test_result_base': None}
[1.532s] Level 5:colcon.colcon_core.verb:set package 'phidgets_temperature' build argument 'cmake_args' from command line to 'None'
[1.532s] Level 5:colcon.colcon_core.verb:set package 'phidgets_temperature' build argument 'cmake_target' from command line to 'None'
[1.532s] Level 5:colcon.colcon_core.verb:set package 'phidgets_temperature' build argument 'cmake_target_skip_unavailable' from command line to 'False'
[1.532s] Level 5:colcon.colcon_core.verb:set package 'phidgets_temperature' build argument 'cmake_clean_cache' from command line to 'False'
[1.532s] Level 5:colcon.colcon_core.verb:set package 'phidgets_temperature' build argument 'cmake_clean_first' from command line to 'False'
[1.532s] Level 5:colcon.colcon_core.verb:set package 'phidgets_temperature' build argument 'cmake_force_configure' from command line to 'False'
[1.533s] Level 5:colcon.colcon_core.verb:set package 'phidgets_temperature' build argument 'ament_cmake_args' from command line to 'None'
[1.533s] Level 5:colcon.colcon_core.verb:set package 'phidgets_temperature' build argument 'catkin_cmake_args' from command line to 'None'
[1.533s] Level 5:colcon.colcon_core.verb:set package 'phidgets_temperature' build argument 'catkin_skip_building_tests' from command line to 'False'
[1.533s] DEBUG:colcon.colcon_core.verb:Building package 'phidgets_temperature' with the following arguments: {'ament_cmake_args': None, 'build_base': '/home/grumpy/dd2419_ws_Group5_2026/build/phidgets_temperature', 'catkin_cmake_args': None, 'catkin_skip_building_tests': False, 'cmake_args': None, 'cmake_clean_cache': False, 'cmake_clean_first': False, 'cmake_force_configure': False, 'cmake_target': None, 'cmake_target_skip_unavailable': False, 'install_base': '/home/grumpy/dd2419_ws_Group5_2026/install/phidgets_temperature', 'merge_install': False, 'path': '/home/grumpy/dd2419_ws_Group5_2026/src/phidgets_drivers/phidgets_temperature', 'symlink_install': False, 'test_result_base': None}
[1.545s] Level 5:colcon.colcon_core.verb:set package 'robp_boot_camp_launch' build argument 'cmake_args' from command line to 'None'
[1.545s] Level 5:colcon.colcon_core.verb:set package 'robp_boot_camp_launch' build argument 'cmake_target' from command line to 'None'
[1.545s] Level 5:colcon.colcon_core.verb:set package 'robp_boot_camp_launch' build argument 'cmake_target_skip_unavailable' from command line to 'False'
[1.545s] Level 5:colcon.colcon_core.verb:set package 'robp_boot_camp_launch' build argument 'cmake_clean_cache' from command line to 'False'
[1.545s] Level 5:colcon.colcon_core.verb:set package 'robp_boot_camp_launch' build argument 'cmake_clean_first' from command line to 'False'
[1.545s] Level 5:colcon.colcon_core.verb:set package 'robp_boot_camp_launch' build argument 'cmake_force_configure' from command line to 'False'
[1.545s] Level 5:colcon.colcon_core.verb:set package 'robp_boot_camp_launch' build argument 'ament_cmake_args' from command line to 'None'
[1.545s] Level 5:colcon.colcon_core.verb:set package 'robp_boot_camp_launch' build argument 'catkin_cmake_args' from command line to 'None'
[1.545s] Level 5:colcon.colcon_core.verb:set package 'robp_boot_camp_launch' build argument 'catkin_skip_building_tests' from command line to 'False'
[1.545s] DEBUG:colcon.colcon_core.verb:Building package 'robp_boot_camp_launch' with the following arguments: {'ament_cmake_args': None, 'build_base': '/home/grumpy/dd2419_ws_Group5_2026/build/robp_boot_camp_launch', 'catkin_cmake_args': None, 'catkin_skip_building_tests': False, 'cmake_args': None, 'cmake_clean_cache': False, 'cmake_clean_first': False, 'cmake_force_configure': False, 'cmake_target': None, 'cmake_target_skip_unavailable': False, 'install_base': '/home/grumpy/dd2419_ws_Group5_2026/install/robp_boot_camp_launch', 'merge_install': False, 'path': '/home/grumpy/dd2419_ws_Group5_2026/src/robp_boot_camp_launch', 'symlink_install': False, 'test_result_base': None}
[1.558s] Level 5:colcon.colcon_core.verb:set package 'robp_phidgets' build argument 'cmake_args' from command line to 'None'
[1.558s] Level 5:colcon.colcon_core.verb:set package 'robp_phidgets' build argument 'cmake_target' from command line to 'None'
[1.558s] Level 5:colcon.colcon_core.verb:set package 'robp_phidgets' build argument 'cmake_target_skip_unavailable' from command line to 'False'
[1.558s] Level 5:colcon.colcon_core.verb:set package 'robp_phidgets' build argument 'cmake_clean_cache' from command line to 'False'
[1.558s] Level 5:colcon.colcon_core.verb:set package 'robp_phidgets' build argument 'cmake_clean_first' from command line to 'False'
[1.558s] Level 5:colcon.colcon_core.verb:set package 'robp_phidgets' build argument 'cmake_force_configure' from command line to 'False'
[1.558s] Level 5:colcon.colcon_core.verb:set package 'robp_phidgets' build argument 'ament_cmake_args' from command line to 'None'
[1.558s] Level 5:colcon.colcon_core.verb:set package 'robp_phidgets' build argument 'catkin_cmake_args' from command line to 'None'
[1.558s] Level 5:colcon.colcon_core.verb:set package 'robp_phidgets' build argument 'catkin_skip_building_tests' from command line to 'False'
[1.558s] DEBUG:colcon.colcon_core.verb:Building package 'robp_phidgets' with the following arguments: {'ament_cmake_args': None, 'build_base': '/home/grumpy/dd2419_ws_Group5_2026/build/robp_phidgets', 'catkin_cmake_args': None, 'catkin_skip_building_tests': False, 'cmake_args': None, 'cmake_clean_cache': False, 'cmake_clean_first': False, 'cmake_force_configure': False, 'cmake_target': None, 'cmake_target_skip_unavailable': False, 'install_base': '/home/grumpy/dd2419_ws_Group5_2026/install/robp_phidgets', 'merge_install': False, 'path': '/home/grumpy/dd2419_ws_Group5_2026/src/robp_phidgets', 'symlink_install': False, 'test_result_base': None}
[1.571s] Level 5:colcon.colcon_core.verb:set package 'phidgets_ik' build argument 'cmake_args' from command line to 'None'
[1.571s] Level 5:colcon.colcon_core.verb:set package 'phidgets_ik' build argument 'cmake_target' from command line to 'None'
[1.571s] Level 5:colcon.colcon_core.verb:set package 'phidgets_ik' build argument 'cmake_target_skip_unavailable' from command line to 'False'
[1.571s] Level 5:colcon.colcon_core.verb:set package 'phidgets_ik' build argument 'cmake_clean_cache' from command line to 'False'
[1.571s] Level 5:colcon.colcon_core.verb:set package 'phidgets_ik' build argument 'cmake_clean_first' from command line to 'False'
[1.571s] Level 5:colcon.colcon_core.verb:set package 'phidgets_ik' build argument 'cmake_force_configure' from command line to 'False'
[1.571s] Level 5:colcon.colcon_core.verb:set package 'phidgets_ik' build argument 'ament_cmake_args' from command line to 'None'
[1.571s] Level 5:colcon.colcon_core.verb:set package 'phidgets_ik' build argument 'catkin_cmake_args' from command line to 'None'
[1.571s] Level 5:colcon.colcon_core.verb:set package 'phidgets_ik' build argument 'catkin_skip_building_tests' from command line to 'False'
[1.571s] DEBUG:colcon.colcon_core.verb:Building package 'phidgets_ik' with the following arguments: {'ament_cmake_args': None, 'build_base': '/home/grumpy/dd2419_ws_Group5_2026/build/phidgets_ik', 'catkin_cmake_args': None, 'catkin_skip_building_tests': False, 'cmake_args': None, 'cmake_clean_cache': False, 'cmake_clean_first': False, 'cmake_force_configure': False, 'cmake_target': None, 'cmake_target_skip_unavailable': False, 'install_base': '/home/grumpy/dd2419_ws_Group5_2026/install/phidgets_ik', 'merge_install': False, 'path': '/home/grumpy/dd2419_ws_Group5_2026/src/phidgets_drivers/phidgets_ik', 'symlink_install': False, 'test_result_base': None}
[1.584s] Level 5:colcon.colcon_core.verb:set package 'phidgets_drivers' build argument 'cmake_args' from command line to 'None'
[1.584s] Level 5:colcon.colcon_core.verb:set package 'phidgets_drivers' build argument 'cmake_target' from command line to 'None'
[1.584s] Level 5:colcon.colcon_core.verb:set package 'phidgets_drivers' build argument 'cmake_target_skip_unavailable' from command line to 'False'
[1.584s] Level 5:colcon.colcon_core.verb:set package 'phidgets_drivers' build argument 'cmake_clean_cache' from command line to 'False'
[1.584s] Level 5:colcon.colcon_core.verb:set package 'phidgets_drivers' build argument 'cmake_clean_first' from command line to 'False'
[1.584s] Level 5:colcon.colcon_core.verb:set package 'phidgets_drivers' build argument 'cmake_force_configure' from command line to 'False'
[1.584s] Level 5:colcon.colcon_core.verb:set package 'phidgets_drivers' build argument 'ament_cmake_args' from command line to 'None'
[1.584s] Level 5:colcon.colcon_core.verb:set package 'phidgets_drivers' build argument 'catkin_cmake_args' from command line to 'None'
[1.584s] Level 5:colcon.colcon_core.verb:set package 'phidgets_drivers' build argument 'catkin_skip_building_tests' from command line to 'False'
[1.584s] DEBUG:colcon.colcon_core.verb:Building package 'phidgets_drivers' with the following arguments: {'ament_cmake_args': None, 'build_base': '/home/grumpy/dd2419_ws_Group5_2026/build/phidgets_drivers', 'catkin_cmake_args': None, 'catkin_skip_building_tests': False, 'cmake_args': None, 'cmake_clean_cache': False, 'cmake_clean_first': False, 'cmake_force_configure': False, 'cmake_target': None, 'cmake_target_skip_unavailable': False, 'install_base': '/home/grumpy/dd2419_ws_Group5_2026/install/phidgets_drivers', 'merge_install': False, 'path': '/home/grumpy/dd2419_ws_Group5_2026/src/phidgets_drivers/phidgets_drivers', 'symlink_install': False, 'test_result_base': None}
[1.597s] INFO:colcon.colcon_core.executor:Executing jobs using 'parallel' executor
[1.611s] DEBUG:colcon.colcon_parallel_executor.executor.parallel:run_until_complete
[1.611s] INFO:colcon.colcon_ros.task.ament_cmake.build:Building ROS package in '/home/grumpy/dd2419_ws_Group5_2026/src/phidgets_drivers/libphidget22' with build type 'ament_cmake'
[1.611s] INFO:colcon.colcon_cmake.task.cmake.build:Building CMake package in '/home/grumpy/dd2419_ws_Group5_2026/src/phidgets_drivers/libphidget22'
[1.627s] INFO:colcon.colcon_core.plugin_system:Skipping extension 'colcon_core.shell.bat': Not used on non-Windows systems
[1.627s] DEBUG:colcon.colcon_core.shell:Skip shell extension 'dsv' for command environment
[1.657s] INFO:colcon.colcon_ros.task.ament_cmake.build:Building ROS package in '/home/grumpy/dd2419_ws_Group5_2026/src/phidgets_drivers/phidgets_msgs' with build type 'ament_cmake'
[1.657s] INFO:colcon.colcon_cmake.task.cmake.build:Building CMake package in '/home/grumpy/dd2419_ws_Group5_2026/src/phidgets_drivers/phidgets_msgs'
[1.672s] DEBUG:colcon.colcon_core.shell:Skip shell extension 'dsv' for command environment
[1.700s] INFO:colcon.colcon_ros.task.ament_cmake.build:Building ROS package in '/home/grumpy/dd2419_ws_Group5_2026/src/realsense-ros/realsense2_camera_msgs' with build type 'ament_cmake'
[1.700s] INFO:colcon.colcon_cmake.task.cmake.build:Building CMake package in '/home/grumpy/dd2419_ws_Group5_2026/src/realsense-ros/realsense2_camera_msgs'
[1.715s] DEBUG:colcon.colcon_core.shell:Skip shell extension 'dsv' for command environment
[1.745s] INFO:colcon.colcon_ros.task.ament_cmake.build:Building ROS package in '/home/grumpy/dd2419_ws_Group5_2026/src/aruco_ros/aruco_msgs' with build type 'ament_cmake'
[1.745s] INFO:colcon.colcon_cmake.task.cmake.build:Building CMake package in '/home/grumpy/dd2419_ws_Group5_2026/src/aruco_ros/aruco_msgs'
[1.760s] DEBUG:colcon.colcon_core.shell:Skip shell extension 'dsv' for command environment
[1.788s] INFO:colcon.colcon_ros.task.ament_cmake.build:Building ROS package in '/home/grumpy/dd2419_ws_Group5_2026/src/robp_interfaces' with build type 'ament_cmake'
[1.788s] INFO:colcon.colcon_cmake.task.cmake.build:Building CMake package in '/home/grumpy/dd2419_ws_Group5_2026/src/robp_interfaces'
[1.803s] DEBUG:colcon.colcon_core.shell:Skip shell extension 'dsv' for command environment
[1.832s] INFO:colcon.colcon_ros.task.ament_cmake.build:Building ROS package in '/home/grumpy/dd2419_ws_Group5_2026/src/aruco_ros/aruco' with build type 'ament_cmake'
[1.832s] INFO:colcon.colcon_cmake.task.cmake.build:Building CMake package in '/home/grumpy/dd2419_ws_Group5_2026/src/aruco_ros/aruco'
[1.847s] DEBUG:colcon.colcon_core.shell:Skip shell extension 'dsv' for command environment
[1.875s] INFO:colcon.colcon_ros.task.cmake.build:Building ROS package in '/home/grumpy/dd2419_ws_Group5_2026/src/librealsense' with build type 'cmake'
[1.875s] INFO:colcon.colcon_cmake.task.cmake.build:Building CMake package in '/home/grumpy/dd2419_ws_Group5_2026/src/librealsense'
[1.890s] DEBUG:colcon.colcon_core.shell:Skip shell extension 'dsv' for command environment
[1.919s] INFO:colcon.colcon_ros.task.ament_python.build:Building ROS package in '/home/grumpy/dd2419_ws_Group5_2026/src/detection' with build type 'ament_python'
[1.919s] Level 1:colcon.colcon_core.shell:create_environment_hook('detection', 'ament_prefix_path')
[1.934s] INFO:colcon.colcon_core.shell:Creating environment descriptor '/home/grumpy/dd2419_ws_Group5_2026/install/detection/share/detection/hook/ament_prefix_path.dsv'
[1.935s] INFO:colcon.colcon_core.shell:Creating environment hook '/home/grumpy/dd2419_ws_Group5_2026/install/detection/share/detection/hook/ament_prefix_path.sh'
[1.949s] DEBUG:colcon.colcon_core.shell:Skip shell extension 'dsv' for command environment
[1.978s] DEBUG:colcon.colcon_core.event_handler.log_command:Invoking command in '/home/grumpy/dd2419_ws_Group5_2026/build/libphidget22': CMAKE_PREFIX_PATH=/home/grumpy/dd2419_ws_Group5_2026/.pixi/envs/default DEBUGINFOD_URLS=https://debuginfod.ubuntu.com PIXI_PROMPT=(dd2419_ws) PS1=(dd2419_ws) \[\e]0;\u@\h: \w\a\]${debian_chroot:+($debian_chroot)}\[\033[01;32m\]\u@\h\[\033[00m\]:\[\033[01;34m\]\w\[\033[00m\]\$ /home/grumpy/dd2419_ws_Group5_2026/.pixi/envs/default/bin/cmake /home/grumpy/dd2419_ws_Group5_2026/src/phidgets_drivers/libphidget22 -DCMAKE_INSTALL_PREFIX=/home/grumpy/dd2419_ws_Group5_2026/install/libphidget22
[1.983s] DEBUG:colcon.colcon_core.event_handler.log_command:Invoking command in '/home/grumpy/dd2419_ws_Group5_2026/build/phidgets_msgs': CMAKE_PREFIX_PATH=/home/grumpy/dd2419_ws_Group5_2026/.pixi/envs/default DEBUGINFOD_URLS=https://debuginfod.ubuntu.com PIXI_PROMPT=(dd2419_ws) PS1=(dd2419_ws) \[\e]0;\u@\h: \w\a\]${debian_chroot:+($debian_chroot)}\[\033[01;32m\]\u@\h\[\033[00m\]:\[\033[01;34m\]\w\[\033[00m\]\$ /home/grumpy/dd2419_ws_Group5_2026/.pixi/envs/default/bin/cmake /home/grumpy/dd2419_ws_Group5_2026/src/phidgets_drivers/phidgets_msgs -DCMAKE_INSTALL_PREFIX=/home/grumpy/dd2419_ws_Group5_2026/install/phidgets_msgs
[1.984s] DEBUG:colcon.colcon_core.event_handler.log_command:Invoking command in '/home/grumpy/dd2419_ws_Group5_2026/build/realsense2_camera_msgs': CMAKE_PREFIX_PATH=/home/grumpy/dd2419_ws_Group5_2026/.pixi/envs/default DEBUGINFOD_URLS=https://debuginfod.ubuntu.com PIXI_PROMPT=(dd2419_ws) PS1=(dd2419_ws) \[\e]0;\u@\h: \w\a\]${debian_chroot:+($debian_chroot)}\[\033[01;32m\]\u@\h\[\033[00m\]:\[\033[01;34m\]\w\[\033[00m\]\$ /home/grumpy/dd2419_ws_Group5_2026/.pixi/envs/default/bin/cmake /home/grumpy/dd2419_ws_Group5_2026/src/realsense-ros/realsense2_camera_msgs -DCMAKE_INSTALL_PREFIX=/home/grumpy/dd2419_ws_Group5_2026/install/realsense2_camera_msgs
[1.985s] DEBUG:colcon.colcon_core.event_handler.log_command:Invoking command in '/home/grumpy/dd2419_ws_Group5_2026/build/aruco_msgs': CMAKE_PREFIX_PATH=/home/grumpy/dd2419_ws_Group5_2026/.pixi/envs/default DEBUGINFOD_URLS=https://debuginfod.ubuntu.com PIXI_PROMPT=(dd2419_ws) PS1=(dd2419_ws) \[\e]0;\u@\h: \w\a\]${debian_chroot:+($debian_chroot)}\[\033[01;32m\]\u@\h\[\033[00m\]:\[\033[01;34m\]\w\[\033[00m\]\$ /home/grumpy/dd2419_ws_Group5_2026/.pixi/envs/default/bin/cmake /home/grumpy/dd2419_ws_Group5_2026/src/aruco_ros/aruco_msgs -DCMAKE_INSTALL_PREFIX=/home/grumpy/dd2419_ws_Group5_2026/install/aruco_msgs
[1.986s] DEBUG:colcon.colcon_core.event_handler.log_command:Invoking command in '/home/grumpy/dd2419_ws_Group5_2026/build/robp_interfaces': CMAKE_PREFIX_PATH=/home/grumpy/dd2419_ws_Group5_2026/.pixi/envs/default DEBUGINFOD_URLS=https://debuginfod.ubuntu.com PIXI_PROMPT=(dd2419_ws) PS1=(dd2419_ws) \[\e]0;\u@\h: \w\a\]${debian_chroot:+($debian_chroot)}\[\033[01;32m\]\u@\h\[\033[00m\]:\[\033[01;34m\]\w\[\033[00m\]\$ /home/grumpy/dd2419_ws_Group5_2026/.pixi/envs/default/bin/cmake /home/grumpy/dd2419_ws_Group5_2026/src/robp_interfaces -DCMAKE_INSTALL_PREFIX=/home/grumpy/dd2419_ws_Group5_2026/install/robp_interfaces
[1.987s] DEBUG:colcon.colcon_core.event_handler.log_command:Invoking command in '/home/grumpy/dd2419_ws_Group5_2026/build/aruco': CMAKE_PREFIX_PATH=/home/grumpy/dd2419_ws_Group5_2026/.pixi/envs/default DEBUGINFOD_URLS=https://debuginfod.ubuntu.com PIXI_PROMPT=(dd2419_ws) PS1=(dd2419_ws) \[\e]0;\u@\h: \w\a\]${debian_chroot:+($debian_chroot)}\[\033[01;32m\]\u@\h\[\033[00m\]:\[\033[01;34m\]\w\[\033[00m\]\$ /home/grumpy/dd2419_ws_Group5_2026/.pixi/envs/default/bin/cmake /home/grumpy/dd2419_ws_Group5_2026/src/aruco_ros/aruco -DCMAKE_INSTALL_PREFIX=/home/grumpy/dd2419_ws_Group5_2026/install/aruco
[1.988s] DEBUG:colcon.colcon_core.event_handler.log_command:Invoking command in '/home/grumpy/dd2419_ws_Group5_2026/build/librealsense2': CMAKE_PREFIX_PATH=/home/grumpy/dd2419_ws_Group5_2026/.pixi/envs/default DEBUGINFOD_URLS=https://debuginfod.ubuntu.com PIXI_PROMPT=(dd2419_ws) PS1=(dd2419_ws) \[\e]0;\u@\h: \w\a\]${debian_chroot:+($debian_chroot)}\[\033[01;32m\]\u@\h\[\033[00m\]:\[\033[01;34m\]\w\[\033[00m\]\$ /home/grumpy/dd2419_ws_Group5_2026/.pixi/envs/default/bin/cmake /home/grumpy/dd2419_ws_Group5_2026/src/librealsense -DCMAKE_INSTALL_PREFIX=/home/grumpy/dd2419_ws_Group5_2026/install/librealsense2
[2.179s] INFO:colcon.colcon_core.task.python.build:Building Python package in '/home/grumpy/dd2419_ws_Group5_2026/src/detection'
[2.194s] DEBUG:colcon.colcon_core.shell:Skip shell extension 'dsv' for command environment
[2.951s] DEBUG:colcon.colcon_core.event_handler.log_command:Invoked command in '/home/grumpy/dd2419_ws_Group5_2026/build/realsense2_camera_msgs' returned '1': CMAKE_PREFIX_PATH=/home/grumpy/dd2419_ws_Group5_2026/.pixi/envs/default DEBUGINFOD_URLS=https://debuginfod.ubuntu.com PIXI_PROMPT=(dd2419_ws) PS1=(dd2419_ws) \[\e]0;\u@\h: \w\a\]${debian_chroot:+($debian_chroot)}\[\033[01;32m\]\u@\h\[\033[00m\]:\[\033[01;34m\]\w\[\033[00m\]\$ /home/grumpy/dd2419_ws_Group5_2026/.pixi/envs/default/bin/cmake /home/grumpy/dd2419_ws_Group5_2026/src/realsense-ros/realsense2_camera_msgs -DCMAKE_INSTALL_PREFIX=/home/grumpy/dd2419_ws_Group5_2026/install/realsense2_camera_msgs
[2.954s] DEBUG:colcon.colcon_core.event_handler.log_command:Invoked command in '/home/grumpy/dd2419_ws_Group5_2026/build/phidgets_msgs' returned '1': CMAKE_PREFIX_PATH=/home/grumpy/dd2419_ws_Group5_2026/.pixi/envs/default DEBUGINFOD_URLS=https://debuginfod.ubuntu.com PIXI_PROMPT=(dd2419_ws) PS1=(dd2419_ws) \[\e]0;\u@\h: \w\a\]${debian_chroot:+($debian_chroot)}\[\033[01;32m\]\u@\h\[\033[00m\]:\[\033[01;34m\]\w\[\033[00m\]\$ /home/grumpy/dd2419_ws_Group5_2026/.pixi/envs/default/bin/cmake /home/grumpy/dd2419_ws_Group5_2026/src/phidgets_drivers/phidgets_msgs -DCMAKE_INSTALL_PREFIX=/home/grumpy/dd2419_ws_Group5_2026/install/phidgets_msgs
[2.956s] DEBUG:colcon.colcon_core.event_handler.log_command:Invoked command in '/home/grumpy/dd2419_ws_Group5_2026/build/robp_interfaces' returned '1': CMAKE_PREFIX_PATH=/home/grumpy/dd2419_ws_Group5_2026/.pixi/envs/default DEBUGINFOD_URLS=https://debuginfod.ubuntu.com PIXI_PROMPT=(dd2419_ws) PS1=(dd2419_ws) \[\e]0;\u@\h: \w\a\]${debian_chroot:+($debian_chroot)}\[\033[01;32m\]\u@\h\[\033[00m\]:\[\033[01;34m\]\w\[\033[00m\]\$ /home/grumpy/dd2419_ws_Group5_2026/.pixi/envs/default/bin/cmake /home/grumpy/dd2419_ws_Group5_2026/src/robp_interfaces -DCMAKE_INSTALL_PREFIX=/home/grumpy/dd2419_ws_Group5_2026/install/robp_interfaces
[2.957s] Level 1:colcon.colcon_core.environment:create_environment_scripts_only(realsense2_camera_msgs)
[2.985s] Level 1:colcon.colcon_core.environment:checking '/home/grumpy/dd2419_ws_Group5_2026/install/realsense2_camera_msgs' for CMake module files
[2.985s] Level 1:colcon.colcon_core.environment:checking '/home/grumpy/dd2419_ws_Group5_2026/install/realsense2_camera_msgs' for CMake config files
[2.986s] Level 1:colcon.colcon_core.environment:checking '/home/grumpy/dd2419_ws_Group5_2026/install/realsense2_camera_msgs/bin'
[2.986s] Level 1:colcon.colcon_core.environment:checking '/home/grumpy/dd2419_ws_Group5_2026/install/realsense2_camera_msgs/lib/pkgconfig/realsense2_camera_msgs.pc'
[2.986s] Level 1:colcon.colcon_core.environment:checking '/home/grumpy/dd2419_ws_Group5_2026/install/realsense2_camera_msgs/lib/python3.12/site-packages'
[2.986s] Level 1:colcon.colcon_core.environment:checking '/home/grumpy/dd2419_ws_Group5_2026/install/realsense2_camera_msgs/bin'
[3.012s] INFO:colcon.colcon_core.shell:Creating package descriptor '/home/grumpy/dd2419_ws_Group5_2026/install/realsense2_camera_msgs/share/realsense2_camera_msgs/package.dsv'
[3.013s] INFO:colcon.colcon_core.shell:Creating package script '/home/grumpy/dd2419_ws_Group5_2026/install/realsense2_camera_msgs/share/realsense2_camera_msgs/package.sh'
[3.014s] INFO:colcon.colcon_core.shell:Creating package script '/home/grumpy/dd2419_ws_Group5_2026/install/realsense2_camera_msgs/share/realsense2_camera_msgs/package.bash'
[3.015s] INFO:colcon.colcon_core.shell:Creating package script '/home/grumpy/dd2419_ws_Group5_2026/install/realsense2_camera_msgs/share/realsense2_camera_msgs/package.zsh'
[3.015s] Level 1:colcon.colcon_core.environment:create_file_with_runtime_dependencies(/home/grumpy/dd2419_ws_Group5_2026/install/realsense2_camera_msgs/share/colcon-core/packages/realsense2_camera_msgs)
[5.153s] DEBUG:colcon.colcon_parallel_executor.executor.parallel:closing loop
[5.153s] DEBUG:colcon.colcon_parallel_executor.executor.parallel:loop closed
[5.154s] DEBUG:colcon.colcon_parallel_executor.executor.parallel:run_until_complete finished with '1'
[5.154s] DEBUG:colcon.colcon_core.event_reactor:joining thread
[5.177s] INFO:colcon.colcon_core.plugin_system:Skipping extension 'colcon_notification.desktop_notification.terminal_notifier': Not used on non-Darwin systems
[5.177s] INFO:colcon.colcon_core.plugin_system:Skipping extension 'colcon_notification.desktop_notification.win32': Not used on non-Windows systems
[5.177s] INFO:colcon.colcon_notification.desktop_notification:Sending desktop notification using 'notify2'
[5.194s] DEBUG:colcon.colcon_core.event_reactor:joined thread
[5.210s] INFO:colcon.colcon_core.shell:Creating prefix script '/home/grumpy/dd2419_ws_Group5_2026/install/local_setup.sh'
[5.210s] INFO:colcon.colcon_core.shell:Creating prefix util module '/home/grumpy/dd2419_ws_Group5_2026/install/_local_setup_util_sh.py'
[5.211s] INFO:colcon.colcon_core.shell:Creating prefix chain script '/home/grumpy/dd2419_ws_Group5_2026/install/setup.sh'
[5.225s] INFO:colcon.colcon_core.shell:Creating prefix script '/home/grumpy/dd2419_ws_Group5_2026/install/local_setup.bash'
[5.226s] INFO:colcon.colcon_core.shell:Creating prefix chain script '/home/grumpy/dd2419_ws_Group5_2026/install/setup.bash'
[5.241s] INFO:colcon.colcon_core.shell:Creating prefix script '/home/grumpy/dd2419_ws_Group5_2026/install/local_setup.zsh'
[5.241s] INFO:colcon.colcon_core.shell:Creating prefix chain script '/home/grumpy/dd2419_ws_Group5_2026/install/setup.zsh'
